ISO-10303-21;
HEADER;
/* Generated by software containing ST-Developer
 * from STEP Tools, Inc. (www.steptools.com) 
 */

FILE_DESCRIPTION(
/* description */ ('KiCad electronic assembly'),
/* implementation_level */ '2;1');

FILE_NAME(
/* name */ 'keeb.step',
/* time_stamp */ '2026-08-29T00:37:15+03:00',
/* author */ (''),
/* organization */ (''),
/* preprocessor_version */ 'ST-DEVELOPER v20.1',
/* originating_system */ 'Autodesk Translation Framework v15.8.0.0',
/* authorisation */ '');

FILE_SCHEMA (('AUTOMOTIVE_DESIGN { 1 0 10303 214 3 1 1 }'));
ENDSEC;

DATA;
#10=MECHANICAL_DESIGN_GEOMETRIC_PRESENTATION_REPRESENTATION('',(#13,#14,
#15,#16),#18632);
#11=SHAPE_REPRESENTATION_RELATIONSHIP('SRR','None',#18815,#12);
#12=ADVANCED_BREP_SHAPE_REPRESENTATION('',(#17,#18,#19,#20),#18614);
#13=STYLED_ITEM('',(#18909),#17);
#14=STYLED_ITEM('',(#18909),#18);
#15=STYLED_ITEM('',(#18909),#19);
#16=STYLED_ITEM('',(#18909),#20);
#17=MANIFOLD_SOLID_BREP('Body1',#11060);
#18=MANIFOLD_SOLID_BREP('Body18',#11061);
#19=MANIFOLD_SOLID_BREP('Body19',#11062);
#20=MANIFOLD_SOLID_BREP('Body20',#11063);
#21=CIRCLE('',#11799,2.);
#22=CIRCLE('',#11800,2.);
#23=CIRCLE('',#11802,1.99999999999999);
#24=CIRCLE('',#11803,1.99999999999999);
#25=CIRCLE('',#12229,7.5);
#26=CIRCLE('',#12230,7.5);
#27=CIRCLE('',#12248,2.5);
#28=CIRCLE('',#12249,2.5);
#29=CIRCLE('',#12251,2.);
#30=CIRCLE('',#12252,2.00000000000001);
#31=CIRCLE('',#12259,2.);
#32=CIRCLE('',#12304,2.00000000000001);
#33=CYLINDRICAL_SURFACE('',#11798,2.);
#34=CYLINDRICAL_SURFACE('',#11801,1.99999999999999);
#35=CYLINDRICAL_SURFACE('',#12228,7.5);
#36=CYLINDRICAL_SURFACE('',#12247,2.5);
#37=CYLINDRICAL_SURFACE('',#12258,2.);
#38=CYLINDRICAL_SURFACE('',#12319,2.00000000000001);
#39=FACE_BOUND('',#705,.T.);
#40=FACE_BOUND('',#706,.T.);
#41=FACE_BOUND('',#707,.T.);
#42=FACE_BOUND('',#708,.T.);
#43=FACE_BOUND('',#709,.T.);
#44=FACE_BOUND('',#710,.T.);
#45=FACE_BOUND('',#711,.T.);
#46=FACE_BOUND('',#712,.T.);
#47=FACE_BOUND('',#713,.T.);
#48=FACE_BOUND('',#714,.T.);
#49=FACE_BOUND('',#715,.T.);
#50=FACE_BOUND('',#716,.T.);
#51=FACE_BOUND('',#717,.T.);
#52=FACE_BOUND('',#718,.T.);
#53=FACE_BOUND('',#719,.T.);
#54=FACE_BOUND('',#720,.T.);
#55=FACE_BOUND('',#721,.T.);
#56=FACE_BOUND('',#722,.T.);
#57=FACE_BOUND('',#723,.T.);
#58=FACE_BOUND('',#724,.T.);
#59=FACE_BOUND('',#725,.T.);
#60=FACE_BOUND('',#726,.T.);
#61=FACE_BOUND('',#727,.T.);
#62=FACE_BOUND('',#728,.T.);
#63=FACE_BOUND('',#729,.T.);
#64=FACE_BOUND('',#730,.T.);
#65=FACE_BOUND('',#731,.T.);
#66=FACE_BOUND('',#732,.T.);
#67=FACE_BOUND('',#733,.T.);
#68=FACE_BOUND('',#734,.T.);
#69=FACE_BOUND('',#735,.T.);
#70=FACE_BOUND('',#736,.T.);
#71=FACE_BOUND('',#737,.T.);
#72=FACE_BOUND('',#738,.T.);
#73=FACE_BOUND('',#739,.T.);
#74=FACE_BOUND('',#740,.T.);
#75=FACE_BOUND('',#741,.T.);
#76=FACE_BOUND('',#742,.T.);
#77=FACE_BOUND('',#743,.T.);
#78=FACE_BOUND('',#744,.T.);
#79=FACE_BOUND('',#745,.T.);
#80=FACE_BOUND('',#746,.T.);
#81=FACE_BOUND('',#747,.T.);
#82=FACE_BOUND('',#748,.T.);
#83=FACE_BOUND('',#749,.T.);
#84=FACE_BOUND('',#750,.T.);
#85=FACE_BOUND('',#751,.T.);
#86=FACE_BOUND('',#752,.T.);
#87=FACE_BOUND('',#753,.T.);
#88=FACE_BOUND('',#754,.T.);
#89=FACE_BOUND('',#755,.T.);
#90=FACE_BOUND('',#756,.T.);
#91=FACE_BOUND('',#757,.T.);
#92=FACE_BOUND('',#758,.T.);
#93=FACE_BOUND('',#759,.T.);
#94=FACE_BOUND('',#760,.T.);
#95=FACE_BOUND('',#761,.T.);
#96=FACE_BOUND('',#762,.T.);
#97=FACE_BOUND('',#763,.T.);
#98=FACE_BOUND('',#764,.T.);
#99=FACE_BOUND('',#765,.T.);
#100=FACE_BOUND('',#766,.T.);
#101=FACE_BOUND('',#1193,.T.);
#102=FACE_BOUND('',#1194,.T.);
#103=FACE_BOUND('',#1195,.T.);
#104=FACE_BOUND('',#1196,.T.);
#105=FACE_BOUND('',#1197,.T.);
#106=FACE_BOUND('',#1198,.T.);
#107=FACE_BOUND('',#1199,.T.);
#108=FACE_BOUND('',#1200,.T.);
#109=FACE_BOUND('',#1201,.T.);
#110=FACE_BOUND('',#1202,.T.);
#111=FACE_BOUND('',#1203,.T.);
#112=FACE_BOUND('',#1204,.T.);
#113=FACE_BOUND('',#1205,.T.);
#114=FACE_BOUND('',#1206,.T.);
#115=FACE_BOUND('',#1207,.T.);
#116=FACE_BOUND('',#1208,.T.);
#117=FACE_BOUND('',#1209,.T.);
#118=FACE_BOUND('',#1210,.T.);
#119=FACE_BOUND('',#1211,.T.);
#120=FACE_BOUND('',#1212,.T.);
#121=FACE_BOUND('',#1213,.T.);
#122=FACE_BOUND('',#1214,.T.);
#123=FACE_BOUND('',#1215,.T.);
#124=FACE_BOUND('',#1216,.T.);
#125=FACE_BOUND('',#1217,.T.);
#126=FACE_BOUND('',#1218,.T.);
#127=FACE_BOUND('',#1219,.T.);
#128=FACE_BOUND('',#1220,.T.);
#129=FACE_BOUND('',#1221,.T.);
#130=FACE_BOUND('',#1222,.T.);
#131=FACE_BOUND('',#1223,.T.);
#132=FACE_BOUND('',#1224,.T.);
#133=FACE_BOUND('',#1225,.T.);
#134=FACE_BOUND('',#1226,.T.);
#135=FACE_BOUND('',#1227,.T.);
#136=FACE_BOUND('',#1228,.T.);
#137=FACE_BOUND('',#1229,.T.);
#138=FACE_BOUND('',#1230,.T.);
#139=FACE_BOUND('',#1231,.T.);
#140=FACE_BOUND('',#1232,.T.);
#141=FACE_BOUND('',#1233,.T.);
#142=FACE_BOUND('',#1234,.T.);
#143=FACE_BOUND('',#1235,.T.);
#144=FACE_BOUND('',#1236,.T.);
#145=FACE_BOUND('',#1237,.T.);
#146=FACE_BOUND('',#1238,.T.);
#147=FACE_BOUND('',#1239,.T.);
#148=FACE_BOUND('',#1240,.T.);
#149=FACE_BOUND('',#1241,.T.);
#150=FACE_BOUND('',#1242,.T.);
#151=FACE_BOUND('',#1243,.T.);
#152=FACE_BOUND('',#1244,.T.);
#153=FACE_BOUND('',#1245,.T.);
#154=FACE_BOUND('',#1246,.T.);
#155=FACE_BOUND('',#1247,.T.);
#156=FACE_BOUND('',#1248,.T.);
#157=FACE_BOUND('',#1249,.T.);
#158=FACE_BOUND('',#1250,.T.);
#159=FACE_BOUND('',#1251,.T.);
#160=FACE_BOUND('',#1252,.T.);
#161=FACE_BOUND('',#1253,.T.);
#162=FACE_BOUND('',#1254,.T.);
#163=FACE_BOUND('',#1272,.T.);
#164=FACE_BOUND('',#1273,.T.);
#165=FACE_BOUND('',#1274,.T.);
#166=FACE_BOUND('',#1275,.T.);
#167=FACE_BOUND('',#1276,.T.);
#168=FACE_BOUND('',#1277,.T.);
#169=FACE_BOUND('',#1278,.T.);
#170=FACE_BOUND('',#1279,.T.);
#171=FACE_BOUND('',#1280,.T.);
#172=FACE_BOUND('',#1284,.T.);
#173=FACE_BOUND('',#1341,.T.);
#174=FACE_BOUND('',#1342,.T.);
#175=FACE_BOUND('',#1343,.T.);
#176=FACE_BOUND('',#1344,.T.);
#177=FACE_BOUND('',#1345,.T.);
#178=FACE_BOUND('',#1346,.T.);
#179=FACE_BOUND('',#1347,.T.);
#180=FACE_BOUND('',#1348,.T.);
#181=FACE_BOUND('',#1349,.T.);
#182=FACE_OUTER_BOUND('',#702,.T.);
#183=FACE_OUTER_BOUND('',#703,.T.);
#184=FACE_OUTER_BOUND('',#704,.T.);
#185=FACE_OUTER_BOUND('',#767,.T.);
#186=FACE_OUTER_BOUND('',#768,.T.);
#187=FACE_OUTER_BOUND('',#769,.T.);
#188=FACE_OUTER_BOUND('',#770,.T.);
#189=FACE_OUTER_BOUND('',#771,.T.);
#190=FACE_OUTER_BOUND('',#772,.T.);
#191=FACE_OUTER_BOUND('',#773,.T.);
#192=FACE_OUTER_BOUND('',#774,.T.);
#193=FACE_OUTER_BOUND('',#775,.T.);
#194=FACE_OUTER_BOUND('',#776,.T.);
#195=FACE_OUTER_BOUND('',#777,.T.);
#196=FACE_OUTER_BOUND('',#778,.T.);
#197=FACE_OUTER_BOUND('',#779,.T.);
#198=FACE_OUTER_BOUND('',#780,.T.);
#199=FACE_OUTER_BOUND('',#781,.T.);
#200=FACE_OUTER_BOUND('',#782,.T.);
#201=FACE_OUTER_BOUND('',#783,.T.);
#202=FACE_OUTER_BOUND('',#784,.T.);
#203=FACE_OUTER_BOUND('',#785,.T.);
#204=FACE_OUTER_BOUND('',#786,.T.);
#205=FACE_OUTER_BOUND('',#787,.T.);
#206=FACE_OUTER_BOUND('',#788,.T.);
#207=FACE_OUTER_BOUND('',#789,.T.);
#208=FACE_OUTER_BOUND('',#790,.T.);
#209=FACE_OUTER_BOUND('',#791,.T.);
#210=FACE_OUTER_BOUND('',#792,.T.);
#211=FACE_OUTER_BOUND('',#793,.T.);
#212=FACE_OUTER_BOUND('',#794,.T.);
#213=FACE_OUTER_BOUND('',#795,.T.);
#214=FACE_OUTER_BOUND('',#796,.T.);
#215=FACE_OUTER_BOUND('',#797,.T.);
#216=FACE_OUTER_BOUND('',#798,.T.);
#217=FACE_OUTER_BOUND('',#799,.T.);
#218=FACE_OUTER_BOUND('',#800,.T.);
#219=FACE_OUTER_BOUND('',#801,.T.);
#220=FACE_OUTER_BOUND('',#802,.T.);
#221=FACE_OUTER_BOUND('',#803,.T.);
#222=FACE_OUTER_BOUND('',#804,.T.);
#223=FACE_OUTER_BOUND('',#805,.T.);
#224=FACE_OUTER_BOUND('',#806,.T.);
#225=FACE_OUTER_BOUND('',#807,.T.);
#226=FACE_OUTER_BOUND('',#808,.T.);
#227=FACE_OUTER_BOUND('',#809,.T.);
#228=FACE_OUTER_BOUND('',#810,.T.);
#229=FACE_OUTER_BOUND('',#811,.T.);
#230=FACE_OUTER_BOUND('',#812,.T.);
#231=FACE_OUTER_BOUND('',#813,.T.);
#232=FACE_OUTER_BOUND('',#814,.T.);
#233=FACE_OUTER_BOUND('',#815,.T.);
#234=FACE_OUTER_BOUND('',#816,.T.);
#235=FACE_OUTER_BOUND('',#817,.T.);
#236=FACE_OUTER_BOUND('',#818,.T.);
#237=FACE_OUTER_BOUND('',#819,.T.);
#238=FACE_OUTER_BOUND('',#820,.T.);
#239=FACE_OUTER_BOUND('',#821,.T.);
#240=FACE_OUTER_BOUND('',#822,.T.);
#241=FACE_OUTER_BOUND('',#823,.T.);
#242=FACE_OUTER_BOUND('',#824,.T.);
#243=FACE_OUTER_BOUND('',#825,.T.);
#244=FACE_OUTER_BOUND('',#826,.T.);
#245=FACE_OUTER_BOUND('',#827,.T.);
#246=FACE_OUTER_BOUND('',#828,.T.);
#247=FACE_OUTER_BOUND('',#829,.T.);
#248=FACE_OUTER_BOUND('',#830,.T.);
#249=FACE_OUTER_BOUND('',#831,.T.);
#250=FACE_OUTER_BOUND('',#832,.T.);
#251=FACE_OUTER_BOUND('',#833,.T.);
#252=FACE_OUTER_BOUND('',#834,.T.);
#253=FACE_OUTER_BOUND('',#835,.T.);
#254=FACE_OUTER_BOUND('',#836,.T.);
#255=FACE_OUTER_BOUND('',#837,.T.);
#256=FACE_OUTER_BOUND('',#838,.T.);
#257=FACE_OUTER_BOUND('',#839,.T.);
#258=FACE_OUTER_BOUND('',#840,.T.);
#259=FACE_OUTER_BOUND('',#841,.T.);
#260=FACE_OUTER_BOUND('',#842,.T.);
#261=FACE_OUTER_BOUND('',#843,.T.);
#262=FACE_OUTER_BOUND('',#844,.T.);
#263=FACE_OUTER_BOUND('',#845,.T.);
#264=FACE_OUTER_BOUND('',#846,.T.);
#265=FACE_OUTER_BOUND('',#847,.T.);
#266=FACE_OUTER_BOUND('',#848,.T.);
#267=FACE_OUTER_BOUND('',#849,.T.);
#268=FACE_OUTER_BOUND('',#850,.T.);
#269=FACE_OUTER_BOUND('',#851,.T.);
#270=FACE_OUTER_BOUND('',#852,.T.);
#271=FACE_OUTER_BOUND('',#853,.T.);
#272=FACE_OUTER_BOUND('',#854,.T.);
#273=FACE_OUTER_BOUND('',#855,.T.);
#274=FACE_OUTER_BOUND('',#856,.T.);
#275=FACE_OUTER_BOUND('',#857,.T.);
#276=FACE_OUTER_BOUND('',#858,.T.);
#277=FACE_OUTER_BOUND('',#859,.T.);
#278=FACE_OUTER_BOUND('',#860,.T.);
#279=FACE_OUTER_BOUND('',#861,.T.);
#280=FACE_OUTER_BOUND('',#862,.T.);
#281=FACE_OUTER_BOUND('',#863,.T.);
#282=FACE_OUTER_BOUND('',#864,.T.);
#283=FACE_OUTER_BOUND('',#865,.T.);
#284=FACE_OUTER_BOUND('',#866,.T.);
#285=FACE_OUTER_BOUND('',#867,.T.);
#286=FACE_OUTER_BOUND('',#868,.T.);
#287=FACE_OUTER_BOUND('',#869,.T.);
#288=FACE_OUTER_BOUND('',#870,.T.);
#289=FACE_OUTER_BOUND('',#871,.T.);
#290=FACE_OUTER_BOUND('',#872,.T.);
#291=FACE_OUTER_BOUND('',#873,.T.);
#292=FACE_OUTER_BOUND('',#874,.T.);
#293=FACE_OUTER_BOUND('',#875,.T.);
#294=FACE_OUTER_BOUND('',#876,.T.);
#295=FACE_OUTER_BOUND('',#877,.T.);
#296=FACE_OUTER_BOUND('',#878,.T.);
#297=FACE_OUTER_BOUND('',#879,.T.);
#298=FACE_OUTER_BOUND('',#880,.T.);
#299=FACE_OUTER_BOUND('',#881,.T.);
#300=FACE_OUTER_BOUND('',#882,.T.);
#301=FACE_OUTER_BOUND('',#883,.T.);
#302=FACE_OUTER_BOUND('',#884,.T.);
#303=FACE_OUTER_BOUND('',#885,.T.);
#304=FACE_OUTER_BOUND('',#886,.T.);
#305=FACE_OUTER_BOUND('',#887,.T.);
#306=FACE_OUTER_BOUND('',#888,.T.);
#307=FACE_OUTER_BOUND('',#889,.T.);
#308=FACE_OUTER_BOUND('',#890,.T.);
#309=FACE_OUTER_BOUND('',#891,.T.);
#310=FACE_OUTER_BOUND('',#892,.T.);
#311=FACE_OUTER_BOUND('',#893,.T.);
#312=FACE_OUTER_BOUND('',#894,.T.);
#313=FACE_OUTER_BOUND('',#895,.T.);
#314=FACE_OUTER_BOUND('',#896,.T.);
#315=FACE_OUTER_BOUND('',#897,.T.);
#316=FACE_OUTER_BOUND('',#898,.T.);
#317=FACE_OUTER_BOUND('',#899,.T.);
#318=FACE_OUTER_BOUND('',#900,.T.);
#319=FACE_OUTER_BOUND('',#901,.T.);
#320=FACE_OUTER_BOUND('',#902,.T.);
#321=FACE_OUTER_BOUND('',#903,.T.);
#322=FACE_OUTER_BOUND('',#904,.T.);
#323=FACE_OUTER_BOUND('',#905,.T.);
#324=FACE_OUTER_BOUND('',#906,.T.);
#325=FACE_OUTER_BOUND('',#907,.T.);
#326=FACE_OUTER_BOUND('',#908,.T.);
#327=FACE_OUTER_BOUND('',#909,.T.);
#328=FACE_OUTER_BOUND('',#910,.T.);
#329=FACE_OUTER_BOUND('',#911,.T.);
#330=FACE_OUTER_BOUND('',#912,.T.);
#331=FACE_OUTER_BOUND('',#913,.T.);
#332=FACE_OUTER_BOUND('',#914,.T.);
#333=FACE_OUTER_BOUND('',#915,.T.);
#334=FACE_OUTER_BOUND('',#916,.T.);
#335=FACE_OUTER_BOUND('',#917,.T.);
#336=FACE_OUTER_BOUND('',#918,.T.);
#337=FACE_OUTER_BOUND('',#919,.T.);
#338=FACE_OUTER_BOUND('',#920,.T.);
#339=FACE_OUTER_BOUND('',#921,.T.);
#340=FACE_OUTER_BOUND('',#922,.T.);
#341=FACE_OUTER_BOUND('',#923,.T.);
#342=FACE_OUTER_BOUND('',#924,.T.);
#343=FACE_OUTER_BOUND('',#925,.T.);
#344=FACE_OUTER_BOUND('',#926,.T.);
#345=FACE_OUTER_BOUND('',#927,.T.);
#346=FACE_OUTER_BOUND('',#928,.T.);
#347=FACE_OUTER_BOUND('',#929,.T.);
#348=FACE_OUTER_BOUND('',#930,.T.);
#349=FACE_OUTER_BOUND('',#931,.T.);
#350=FACE_OUTER_BOUND('',#932,.T.);
#351=FACE_OUTER_BOUND('',#933,.T.);
#352=FACE_OUTER_BOUND('',#934,.T.);
#353=FACE_OUTER_BOUND('',#935,.T.);
#354=FACE_OUTER_BOUND('',#936,.T.);
#355=FACE_OUTER_BOUND('',#937,.T.);
#356=FACE_OUTER_BOUND('',#938,.T.);
#357=FACE_OUTER_BOUND('',#939,.T.);
#358=FACE_OUTER_BOUND('',#940,.T.);
#359=FACE_OUTER_BOUND('',#941,.T.);
#360=FACE_OUTER_BOUND('',#942,.T.);
#361=FACE_OUTER_BOUND('',#943,.T.);
#362=FACE_OUTER_BOUND('',#944,.T.);
#363=FACE_OUTER_BOUND('',#945,.T.);
#364=FACE_OUTER_BOUND('',#946,.T.);
#365=FACE_OUTER_BOUND('',#947,.T.);
#366=FACE_OUTER_BOUND('',#948,.T.);
#367=FACE_OUTER_BOUND('',#949,.T.);
#368=FACE_OUTER_BOUND('',#950,.T.);
#369=FACE_OUTER_BOUND('',#951,.T.);
#370=FACE_OUTER_BOUND('',#952,.T.);
#371=FACE_OUTER_BOUND('',#953,.T.);
#372=FACE_OUTER_BOUND('',#954,.T.);
#373=FACE_OUTER_BOUND('',#955,.T.);
#374=FACE_OUTER_BOUND('',#956,.T.);
#375=FACE_OUTER_BOUND('',#957,.T.);
#376=FACE_OUTER_BOUND('',#958,.T.);
#377=FACE_OUTER_BOUND('',#959,.T.);
#378=FACE_OUTER_BOUND('',#960,.T.);
#379=FACE_OUTER_BOUND('',#961,.T.);
#380=FACE_OUTER_BOUND('',#962,.T.);
#381=FACE_OUTER_BOUND('',#963,.T.);
#382=FACE_OUTER_BOUND('',#964,.T.);
#383=FACE_OUTER_BOUND('',#965,.T.);
#384=FACE_OUTER_BOUND('',#966,.T.);
#385=FACE_OUTER_BOUND('',#967,.T.);
#386=FACE_OUTER_BOUND('',#968,.T.);
#387=FACE_OUTER_BOUND('',#969,.T.);
#388=FACE_OUTER_BOUND('',#970,.T.);
#389=FACE_OUTER_BOUND('',#971,.T.);
#390=FACE_OUTER_BOUND('',#972,.T.);
#391=FACE_OUTER_BOUND('',#973,.T.);
#392=FACE_OUTER_BOUND('',#974,.T.);
#393=FACE_OUTER_BOUND('',#975,.T.);
#394=FACE_OUTER_BOUND('',#976,.T.);
#395=FACE_OUTER_BOUND('',#977,.T.);
#396=FACE_OUTER_BOUND('',#978,.T.);
#397=FACE_OUTER_BOUND('',#979,.T.);
#398=FACE_OUTER_BOUND('',#980,.T.);
#399=FACE_OUTER_BOUND('',#981,.T.);
#400=FACE_OUTER_BOUND('',#982,.T.);
#401=FACE_OUTER_BOUND('',#983,.T.);
#402=FACE_OUTER_BOUND('',#984,.T.);
#403=FACE_OUTER_BOUND('',#985,.T.);
#404=FACE_OUTER_BOUND('',#986,.T.);
#405=FACE_OUTER_BOUND('',#987,.T.);
#406=FACE_OUTER_BOUND('',#988,.T.);
#407=FACE_OUTER_BOUND('',#989,.T.);
#408=FACE_OUTER_BOUND('',#990,.T.);
#409=FACE_OUTER_BOUND('',#991,.T.);
#410=FACE_OUTER_BOUND('',#992,.T.);
#411=FACE_OUTER_BOUND('',#993,.T.);
#412=FACE_OUTER_BOUND('',#994,.T.);
#413=FACE_OUTER_BOUND('',#995,.T.);
#414=FACE_OUTER_BOUND('',#996,.T.);
#415=FACE_OUTER_BOUND('',#997,.T.);
#416=FACE_OUTER_BOUND('',#998,.T.);
#417=FACE_OUTER_BOUND('',#999,.T.);
#418=FACE_OUTER_BOUND('',#1000,.T.);
#419=FACE_OUTER_BOUND('',#1001,.T.);
#420=FACE_OUTER_BOUND('',#1002,.T.);
#421=FACE_OUTER_BOUND('',#1003,.T.);
#422=FACE_OUTER_BOUND('',#1004,.T.);
#423=FACE_OUTER_BOUND('',#1005,.T.);
#424=FACE_OUTER_BOUND('',#1006,.T.);
#425=FACE_OUTER_BOUND('',#1007,.T.);
#426=FACE_OUTER_BOUND('',#1008,.T.);
#427=FACE_OUTER_BOUND('',#1009,.T.);
#428=FACE_OUTER_BOUND('',#1010,.T.);
#429=FACE_OUTER_BOUND('',#1011,.T.);
#430=FACE_OUTER_BOUND('',#1012,.T.);
#431=FACE_OUTER_BOUND('',#1013,.T.);
#432=FACE_OUTER_BOUND('',#1014,.T.);
#433=FACE_OUTER_BOUND('',#1015,.T.);
#434=FACE_OUTER_BOUND('',#1016,.T.);
#435=FACE_OUTER_BOUND('',#1017,.T.);
#436=FACE_OUTER_BOUND('',#1018,.T.);
#437=FACE_OUTER_BOUND('',#1019,.T.);
#438=FACE_OUTER_BOUND('',#1020,.T.);
#439=FACE_OUTER_BOUND('',#1021,.T.);
#440=FACE_OUTER_BOUND('',#1022,.T.);
#441=FACE_OUTER_BOUND('',#1023,.T.);
#442=FACE_OUTER_BOUND('',#1024,.T.);
#443=FACE_OUTER_BOUND('',#1025,.T.);
#444=FACE_OUTER_BOUND('',#1026,.T.);
#445=FACE_OUTER_BOUND('',#1027,.T.);
#446=FACE_OUTER_BOUND('',#1028,.T.);
#447=FACE_OUTER_BOUND('',#1029,.T.);
#448=FACE_OUTER_BOUND('',#1030,.T.);
#449=FACE_OUTER_BOUND('',#1031,.T.);
#450=FACE_OUTER_BOUND('',#1032,.T.);
#451=FACE_OUTER_BOUND('',#1033,.T.);
#452=FACE_OUTER_BOUND('',#1034,.T.);
#453=FACE_OUTER_BOUND('',#1035,.T.);
#454=FACE_OUTER_BOUND('',#1036,.T.);
#455=FACE_OUTER_BOUND('',#1037,.T.);
#456=FACE_OUTER_BOUND('',#1038,.T.);
#457=FACE_OUTER_BOUND('',#1039,.T.);
#458=FACE_OUTER_BOUND('',#1040,.T.);
#459=FACE_OUTER_BOUND('',#1041,.T.);
#460=FACE_OUTER_BOUND('',#1042,.T.);
#461=FACE_OUTER_BOUND('',#1043,.T.);
#462=FACE_OUTER_BOUND('',#1044,.T.);
#463=FACE_OUTER_BOUND('',#1045,.T.);
#464=FACE_OUTER_BOUND('',#1046,.T.);
#465=FACE_OUTER_BOUND('',#1047,.T.);
#466=FACE_OUTER_BOUND('',#1048,.T.);
#467=FACE_OUTER_BOUND('',#1049,.T.);
#468=FACE_OUTER_BOUND('',#1050,.T.);
#469=FACE_OUTER_BOUND('',#1051,.T.);
#470=FACE_OUTER_BOUND('',#1052,.T.);
#471=FACE_OUTER_BOUND('',#1053,.T.);
#472=FACE_OUTER_BOUND('',#1054,.T.);
#473=FACE_OUTER_BOUND('',#1055,.T.);
#474=FACE_OUTER_BOUND('',#1056,.T.);
#475=FACE_OUTER_BOUND('',#1057,.T.);
#476=FACE_OUTER_BOUND('',#1058,.T.);
#477=FACE_OUTER_BOUND('',#1059,.T.);
#478=FACE_OUTER_BOUND('',#1060,.T.);
#479=FACE_OUTER_BOUND('',#1061,.T.);
#480=FACE_OUTER_BOUND('',#1062,.T.);
#481=FACE_OUTER_BOUND('',#1063,.T.);
#482=FACE_OUTER_BOUND('',#1064,.T.);
#483=FACE_OUTER_BOUND('',#1065,.T.);
#484=FACE_OUTER_BOUND('',#1066,.T.);
#485=FACE_OUTER_BOUND('',#1067,.T.);
#486=FACE_OUTER_BOUND('',#1068,.T.);
#487=FACE_OUTER_BOUND('',#1069,.T.);
#488=FACE_OUTER_BOUND('',#1070,.T.);
#489=FACE_OUTER_BOUND('',#1071,.T.);
#490=FACE_OUTER_BOUND('',#1072,.T.);
#491=FACE_OUTER_BOUND('',#1073,.T.);
#492=FACE_OUTER_BOUND('',#1074,.T.);
#493=FACE_OUTER_BOUND('',#1075,.T.);
#494=FACE_OUTER_BOUND('',#1076,.T.);
#495=FACE_OUTER_BOUND('',#1077,.T.);
#496=FACE_OUTER_BOUND('',#1078,.T.);
#497=FACE_OUTER_BOUND('',#1079,.T.);
#498=FACE_OUTER_BOUND('',#1080,.T.);
#499=FACE_OUTER_BOUND('',#1081,.T.);
#500=FACE_OUTER_BOUND('',#1082,.T.);
#501=FACE_OUTER_BOUND('',#1083,.T.);
#502=FACE_OUTER_BOUND('',#1084,.T.);
#503=FACE_OUTER_BOUND('',#1085,.T.);
#504=FACE_OUTER_BOUND('',#1086,.T.);
#505=FACE_OUTER_BOUND('',#1087,.T.);
#506=FACE_OUTER_BOUND('',#1088,.T.);
#507=FACE_OUTER_BOUND('',#1089,.T.);
#508=FACE_OUTER_BOUND('',#1090,.T.);
#509=FACE_OUTER_BOUND('',#1091,.T.);
#510=FACE_OUTER_BOUND('',#1092,.T.);
#511=FACE_OUTER_BOUND('',#1093,.T.);
#512=FACE_OUTER_BOUND('',#1094,.T.);
#513=FACE_OUTER_BOUND('',#1095,.T.);
#514=FACE_OUTER_BOUND('',#1096,.T.);
#515=FACE_OUTER_BOUND('',#1097,.T.);
#516=FACE_OUTER_BOUND('',#1098,.T.);
#517=FACE_OUTER_BOUND('',#1099,.T.);
#518=FACE_OUTER_BOUND('',#1100,.T.);
#519=FACE_OUTER_BOUND('',#1101,.T.);
#520=FACE_OUTER_BOUND('',#1102,.T.);
#521=FACE_OUTER_BOUND('',#1103,.T.);
#522=FACE_OUTER_BOUND('',#1104,.T.);
#523=FACE_OUTER_BOUND('',#1105,.T.);
#524=FACE_OUTER_BOUND('',#1106,.T.);
#525=FACE_OUTER_BOUND('',#1107,.T.);
#526=FACE_OUTER_BOUND('',#1108,.T.);
#527=FACE_OUTER_BOUND('',#1109,.T.);
#528=FACE_OUTER_BOUND('',#1110,.T.);
#529=FACE_OUTER_BOUND('',#1111,.T.);
#530=FACE_OUTER_BOUND('',#1112,.T.);
#531=FACE_OUTER_BOUND('',#1113,.T.);
#532=FACE_OUTER_BOUND('',#1114,.T.);
#533=FACE_OUTER_BOUND('',#1115,.T.);
#534=FACE_OUTER_BOUND('',#1116,.T.);
#535=FACE_OUTER_BOUND('',#1117,.T.);
#536=FACE_OUTER_BOUND('',#1118,.T.);
#537=FACE_OUTER_BOUND('',#1119,.T.);
#538=FACE_OUTER_BOUND('',#1120,.T.);
#539=FACE_OUTER_BOUND('',#1121,.T.);
#540=FACE_OUTER_BOUND('',#1122,.T.);
#541=FACE_OUTER_BOUND('',#1123,.T.);
#542=FACE_OUTER_BOUND('',#1124,.T.);
#543=FACE_OUTER_BOUND('',#1125,.T.);
#544=FACE_OUTER_BOUND('',#1126,.T.);
#545=FACE_OUTER_BOUND('',#1127,.T.);
#546=FACE_OUTER_BOUND('',#1128,.T.);
#547=FACE_OUTER_BOUND('',#1129,.T.);
#548=FACE_OUTER_BOUND('',#1130,.T.);
#549=FACE_OUTER_BOUND('',#1131,.T.);
#550=FACE_OUTER_BOUND('',#1132,.T.);
#551=FACE_OUTER_BOUND('',#1133,.T.);
#552=FACE_OUTER_BOUND('',#1134,.T.);
#553=FACE_OUTER_BOUND('',#1135,.T.);
#554=FACE_OUTER_BOUND('',#1136,.T.);
#555=FACE_OUTER_BOUND('',#1137,.T.);
#556=FACE_OUTER_BOUND('',#1138,.T.);
#557=FACE_OUTER_BOUND('',#1139,.T.);
#558=FACE_OUTER_BOUND('',#1140,.T.);
#559=FACE_OUTER_BOUND('',#1141,.T.);
#560=FACE_OUTER_BOUND('',#1142,.T.);
#561=FACE_OUTER_BOUND('',#1143,.T.);
#562=FACE_OUTER_BOUND('',#1144,.T.);
#563=FACE_OUTER_BOUND('',#1145,.T.);
#564=FACE_OUTER_BOUND('',#1146,.T.);
#565=FACE_OUTER_BOUND('',#1147,.T.);
#566=FACE_OUTER_BOUND('',#1148,.T.);
#567=FACE_OUTER_BOUND('',#1149,.T.);
#568=FACE_OUTER_BOUND('',#1150,.T.);
#569=FACE_OUTER_BOUND('',#1151,.T.);
#570=FACE_OUTER_BOUND('',#1152,.T.);
#571=FACE_OUTER_BOUND('',#1153,.T.);
#572=FACE_OUTER_BOUND('',#1154,.T.);
#573=FACE_OUTER_BOUND('',#1155,.T.);
#574=FACE_OUTER_BOUND('',#1156,.T.);
#575=FACE_OUTER_BOUND('',#1157,.T.);
#576=FACE_OUTER_BOUND('',#1158,.T.);
#577=FACE_OUTER_BOUND('',#1159,.T.);
#578=FACE_OUTER_BOUND('',#1160,.T.);
#579=FACE_OUTER_BOUND('',#1161,.T.);
#580=FACE_OUTER_BOUND('',#1162,.T.);
#581=FACE_OUTER_BOUND('',#1163,.T.);
#582=FACE_OUTER_BOUND('',#1164,.T.);
#583=FACE_OUTER_BOUND('',#1165,.T.);
#584=FACE_OUTER_BOUND('',#1166,.T.);
#585=FACE_OUTER_BOUND('',#1167,.T.);
#586=FACE_OUTER_BOUND('',#1168,.T.);
#587=FACE_OUTER_BOUND('',#1169,.T.);
#588=FACE_OUTER_BOUND('',#1170,.T.);
#589=FACE_OUTER_BOUND('',#1171,.T.);
#590=FACE_OUTER_BOUND('',#1172,.T.);
#591=FACE_OUTER_BOUND('',#1173,.T.);
#592=FACE_OUTER_BOUND('',#1174,.T.);
#593=FACE_OUTER_BOUND('',#1175,.T.);
#594=FACE_OUTER_BOUND('',#1176,.T.);
#595=FACE_OUTER_BOUND('',#1177,.T.);
#596=FACE_OUTER_BOUND('',#1178,.T.);
#597=FACE_OUTER_BOUND('',#1179,.T.);
#598=FACE_OUTER_BOUND('',#1180,.T.);
#599=FACE_OUTER_BOUND('',#1181,.T.);
#600=FACE_OUTER_BOUND('',#1182,.T.);
#601=FACE_OUTER_BOUND('',#1183,.T.);
#602=FACE_OUTER_BOUND('',#1184,.T.);
#603=FACE_OUTER_BOUND('',#1185,.T.);
#604=FACE_OUTER_BOUND('',#1186,.T.);
#605=FACE_OUTER_BOUND('',#1187,.T.);
#606=FACE_OUTER_BOUND('',#1188,.T.);
#607=FACE_OUTER_BOUND('',#1189,.T.);
#608=FACE_OUTER_BOUND('',#1190,.T.);
#609=FACE_OUTER_BOUND('',#1191,.T.);
#610=FACE_OUTER_BOUND('',#1192,.T.);
#611=FACE_OUTER_BOUND('',#1255,.T.);
#612=FACE_OUTER_BOUND('',#1256,.T.);
#613=FACE_OUTER_BOUND('',#1257,.T.);
#614=FACE_OUTER_BOUND('',#1258,.T.);
#615=FACE_OUTER_BOUND('',#1259,.T.);
#616=FACE_OUTER_BOUND('',#1260,.T.);
#617=FACE_OUTER_BOUND('',#1261,.T.);
#618=FACE_OUTER_BOUND('',#1262,.T.);
#619=FACE_OUTER_BOUND('',#1263,.T.);
#620=FACE_OUTER_BOUND('',#1264,.T.);
#621=FACE_OUTER_BOUND('',#1265,.T.);
#622=FACE_OUTER_BOUND('',#1266,.T.);
#623=FACE_OUTER_BOUND('',#1267,.T.);
#624=FACE_OUTER_BOUND('',#1268,.T.);
#625=FACE_OUTER_BOUND('',#1269,.T.);
#626=FACE_OUTER_BOUND('',#1270,.T.);
#627=FACE_OUTER_BOUND('',#1271,.T.);
#628=FACE_OUTER_BOUND('',#1281,.T.);
#629=FACE_OUTER_BOUND('',#1282,.T.);
#630=FACE_OUTER_BOUND('',#1283,.T.);
#631=FACE_OUTER_BOUND('',#1285,.T.);
#632=FACE_OUTER_BOUND('',#1286,.T.);
#633=FACE_OUTER_BOUND('',#1287,.T.);
#634=FACE_OUTER_BOUND('',#1288,.T.);
#635=FACE_OUTER_BOUND('',#1289,.T.);
#636=FACE_OUTER_BOUND('',#1290,.T.);
#637=FACE_OUTER_BOUND('',#1291,.T.);
#638=FACE_OUTER_BOUND('',#1292,.T.);
#639=FACE_OUTER_BOUND('',#1293,.T.);
#640=FACE_OUTER_BOUND('',#1294,.T.);
#641=FACE_OUTER_BOUND('',#1295,.T.);
#642=FACE_OUTER_BOUND('',#1296,.T.);
#643=FACE_OUTER_BOUND('',#1297,.T.);
#644=FACE_OUTER_BOUND('',#1298,.T.);
#645=FACE_OUTER_BOUND('',#1299,.T.);
#646=FACE_OUTER_BOUND('',#1300,.T.);
#647=FACE_OUTER_BOUND('',#1301,.T.);
#648=FACE_OUTER_BOUND('',#1302,.T.);
#649=FACE_OUTER_BOUND('',#1303,.T.);
#650=FACE_OUTER_BOUND('',#1304,.T.);
#651=FACE_OUTER_BOUND('',#1305,.T.);
#652=FACE_OUTER_BOUND('',#1306,.T.);
#653=FACE_OUTER_BOUND('',#1307,.T.);
#654=FACE_OUTER_BOUND('',#1308,.T.);
#655=FACE_OUTER_BOUND('',#1309,.T.);
#656=FACE_OUTER_BOUND('',#1310,.T.);
#657=FACE_OUTER_BOUND('',#1311,.T.);
#658=FACE_OUTER_BOUND('',#1312,.T.);
#659=FACE_OUTER_BOUND('',#1313,.T.);
#660=FACE_OUTER_BOUND('',#1314,.T.);
#661=FACE_OUTER_BOUND('',#1315,.T.);
#662=FACE_OUTER_BOUND('',#1316,.T.);
#663=FACE_OUTER_BOUND('',#1317,.T.);
#664=FACE_OUTER_BOUND('',#1318,.T.);
#665=FACE_OUTER_BOUND('',#1319,.T.);
#666=FACE_OUTER_BOUND('',#1320,.T.);
#667=FACE_OUTER_BOUND('',#1321,.T.);
#668=FACE_OUTER_BOUND('',#1322,.T.);
#669=FACE_OUTER_BOUND('',#1323,.T.);
#670=FACE_OUTER_BOUND('',#1324,.T.);
#671=FACE_OUTER_BOUND('',#1325,.T.);
#672=FACE_OUTER_BOUND('',#1326,.T.);
#673=FACE_OUTER_BOUND('',#1327,.T.);
#674=FACE_OUTER_BOUND('',#1328,.T.);
#675=FACE_OUTER_BOUND('',#1329,.T.);
#676=FACE_OUTER_BOUND('',#1330,.T.);
#677=FACE_OUTER_BOUND('',#1331,.T.);
#678=FACE_OUTER_BOUND('',#1332,.T.);
#679=FACE_OUTER_BOUND('',#1333,.T.);
#680=FACE_OUTER_BOUND('',#1334,.T.);
#681=FACE_OUTER_BOUND('',#1335,.T.);
#682=FACE_OUTER_BOUND('',#1336,.T.);
#683=FACE_OUTER_BOUND('',#1337,.T.);
#684=FACE_OUTER_BOUND('',#1338,.T.);
#685=FACE_OUTER_BOUND('',#1339,.T.);
#686=FACE_OUTER_BOUND('',#1340,.T.);
#687=FACE_OUTER_BOUND('',#1350,.T.);
#688=FACE_OUTER_BOUND('',#1351,.T.);
#689=FACE_OUTER_BOUND('',#1352,.T.);
#690=FACE_OUTER_BOUND('',#1353,.T.);
#691=FACE_OUTER_BOUND('',#1354,.T.);
#692=FACE_OUTER_BOUND('',#1355,.T.);
#693=FACE_OUTER_BOUND('',#1356,.T.);
#694=FACE_OUTER_BOUND('',#1357,.T.);
#695=FACE_OUTER_BOUND('',#1358,.T.);
#696=FACE_OUTER_BOUND('',#1359,.T.);
#697=FACE_OUTER_BOUND('',#1360,.T.);
#698=FACE_OUTER_BOUND('',#1361,.T.);
#699=FACE_OUTER_BOUND('',#1362,.T.);
#700=FACE_OUTER_BOUND('',#1363,.T.);
#701=FACE_OUTER_BOUND('',#1364,.T.);
#702=EDGE_LOOP('',(#6960,#6961,#6962,#6963,#6964));
#703=EDGE_LOOP('',(#6965,#6966,#6967,#6968,#6969,#6970));
#704=EDGE_LOOP('',(#6971,#6972,#6973,#6974));
#705=EDGE_LOOP('',(#6975,#6976,#6977,#6978));
#706=EDGE_LOOP('',(#6979,#6980,#6981,#6982));
#707=EDGE_LOOP('',(#6983,#6984,#6985,#6986));
#708=EDGE_LOOP('',(#6987,#6988,#6989,#6990));
#709=EDGE_LOOP('',(#6991,#6992,#6993,#6994));
#710=EDGE_LOOP('',(#6995,#6996,#6997,#6998));
#711=EDGE_LOOP('',(#6999,#7000,#7001,#7002));
#712=EDGE_LOOP('',(#7003,#7004,#7005,#7006));
#713=EDGE_LOOP('',(#7007,#7008,#7009,#7010));
#714=EDGE_LOOP('',(#7011,#7012,#7013,#7014,#7015,#7016,#7017,#7018,#7019,
#7020,#7021,#7022,#7023,#7024,#7025,#7026,#7027,#7028,#7029,#7030,#7031,
#7032,#7033,#7034,#7035,#7036,#7037,#7038,#7039,#7040,#7041,#7042,#7043,
#7044,#7045,#7046,#7047,#7048,#7049,#7050,#7051,#7052,#7053,#7054));
#715=EDGE_LOOP('',(#7055,#7056,#7057,#7058));
#716=EDGE_LOOP('',(#7059,#7060,#7061,#7062,#7063,#7064,#7065,#7066,#7067,
#7068,#7069,#7070,#7071,#7072,#7073,#7074,#7075,#7076,#7077,#7078,#7079,
#7080,#7081,#7082,#7083,#7084,#7085,#7086,#7087,#7088,#7089,#7090,#7091,
#7092,#7093,#7094,#7095,#7096,#7097,#7098,#7099,#7100,#7101,#7102));
#717=EDGE_LOOP('',(#7103,#7104,#7105,#7106));
#718=EDGE_LOOP('',(#7107,#7108,#7109,#7110));
#719=EDGE_LOOP('',(#7111,#7112,#7113,#7114));
#720=EDGE_LOOP('',(#7115,#7116,#7117,#7118,#7119,#7120,#7121,#7122,#7123,
#7124,#7125,#7126,#7127,#7128,#7129,#7130,#7131,#7132,#7133,#7134,#7135,
#7136,#7137,#7138,#7139,#7140,#7141,#7142,#7143,#7144,#7145,#7146,#7147,
#7148,#7149,#7150,#7151,#7152,#7153,#7154,#7155,#7156,#7157,#7158));
#721=EDGE_LOOP('',(#7159,#7160,#7161,#7162));
#722=EDGE_LOOP('',(#7163,#7164,#7165,#7166));
#723=EDGE_LOOP('',(#7167,#7168,#7169,#7170));
#724=EDGE_LOOP('',(#7171,#7172,#7173,#7174));
#725=EDGE_LOOP('',(#7175,#7176,#7177,#7178));
#726=EDGE_LOOP('',(#7179,#7180,#7181,#7182));
#727=EDGE_LOOP('',(#7183,#7184,#7185,#7186));
#728=EDGE_LOOP('',(#7187,#7188,#7189,#7190));
#729=EDGE_LOOP('',(#7191,#7192,#7193,#7194));
#730=EDGE_LOOP('',(#7195,#7196,#7197,#7198));
#731=EDGE_LOOP('',(#7199,#7200,#7201,#7202));
#732=EDGE_LOOP('',(#7203,#7204,#7205,#7206));
#733=EDGE_LOOP('',(#7207,#7208,#7209,#7210));
#734=EDGE_LOOP('',(#7211,#7212,#7213,#7214));
#735=EDGE_LOOP('',(#7215,#7216,#7217,#7218));
#736=EDGE_LOOP('',(#7219,#7220,#7221,#7222));
#737=EDGE_LOOP('',(#7223,#7224,#7225,#7226));
#738=EDGE_LOOP('',(#7227,#7228,#7229,#7230));
#739=EDGE_LOOP('',(#7231,#7232,#7233,#7234));
#740=EDGE_LOOP('',(#7235,#7236,#7237,#7238));
#741=EDGE_LOOP('',(#7239,#7240,#7241,#7242));
#742=EDGE_LOOP('',(#7243,#7244,#7245,#7246));
#743=EDGE_LOOP('',(#7247,#7248,#7249,#7250));
#744=EDGE_LOOP('',(#7251,#7252,#7253,#7254));
#745=EDGE_LOOP('',(#7255,#7256,#7257,#7258));
#746=EDGE_LOOP('',(#7259,#7260,#7261,#7262));
#747=EDGE_LOOP('',(#7263,#7264,#7265,#7266));
#748=EDGE_LOOP('',(#7267,#7268,#7269,#7270));
#749=EDGE_LOOP('',(#7271,#7272,#7273,#7274));
#750=EDGE_LOOP('',(#7275,#7276,#7277,#7278));
#751=EDGE_LOOP('',(#7279,#7280,#7281,#7282));
#752=EDGE_LOOP('',(#7283,#7284,#7285,#7286));
#753=EDGE_LOOP('',(#7287,#7288,#7289,#7290));
#754=EDGE_LOOP('',(#7291,#7292,#7293,#7294));
#755=EDGE_LOOP('',(#7295,#7296,#7297,#7298));
#756=EDGE_LOOP('',(#7299,#7300,#7301,#7302));
#757=EDGE_LOOP('',(#7303,#7304,#7305,#7306));
#758=EDGE_LOOP('',(#7307,#7308,#7309,#7310));
#759=EDGE_LOOP('',(#7311,#7312,#7313,#7314));
#760=EDGE_LOOP('',(#7315,#7316,#7317,#7318,#7319,#7320,#7321,#7322,#7323,
#7324,#7325,#7326,#7327,#7328,#7329,#7330,#7331,#7332,#7333,#7334,#7335,
#7336,#7337,#7338,#7339,#7340,#7341,#7342,#7343,#7344,#7345,#7346,#7347,
#7348,#7349,#7350,#7351,#7352,#7353,#7354,#7355,#7356,#7357,#7358));
#761=EDGE_LOOP('',(#7359,#7360,#7361,#7362));
#762=EDGE_LOOP('',(#7363,#7364,#7365,#7366));
#763=EDGE_LOOP('',(#7367,#7368,#7369,#7370));
#764=EDGE_LOOP('',(#7371,#7372,#7373,#7374));
#765=EDGE_LOOP('',(#7375,#7376,#7377,#7378));
#766=EDGE_LOOP('',(#7379,#7380,#7381,#7382));
#767=EDGE_LOOP('',(#7383,#7384,#7385,#7386));
#768=EDGE_LOOP('',(#7387,#7388,#7389,#7390));
#769=EDGE_LOOP('',(#7391,#7392,#7393,#7394));
#770=EDGE_LOOP('',(#7395,#7396,#7397,#7398));
#771=EDGE_LOOP('',(#7399,#7400,#7401,#7402));
#772=EDGE_LOOP('',(#7403,#7404,#7405,#7406));
#773=EDGE_LOOP('',(#7407,#7408,#7409,#7410));
#774=EDGE_LOOP('',(#7411,#7412,#7413,#7414));
#775=EDGE_LOOP('',(#7415,#7416,#7417,#7418));
#776=EDGE_LOOP('',(#7419,#7420,#7421,#7422));
#777=EDGE_LOOP('',(#7423,#7424,#7425,#7426));
#778=EDGE_LOOP('',(#7427,#7428,#7429,#7430));
#779=EDGE_LOOP('',(#7431,#7432,#7433,#7434));
#780=EDGE_LOOP('',(#7435,#7436,#7437,#7438));
#781=EDGE_LOOP('',(#7439,#7440,#7441,#7442));
#782=EDGE_LOOP('',(#7443,#7444,#7445,#7446));
#783=EDGE_LOOP('',(#7447,#7448,#7449,#7450));
#784=EDGE_LOOP('',(#7451,#7452,#7453,#7454));
#785=EDGE_LOOP('',(#7455,#7456,#7457,#7458));
#786=EDGE_LOOP('',(#7459,#7460,#7461,#7462));
#787=EDGE_LOOP('',(#7463,#7464,#7465,#7466));
#788=EDGE_LOOP('',(#7467,#7468,#7469,#7470));
#789=EDGE_LOOP('',(#7471,#7472,#7473,#7474));
#790=EDGE_LOOP('',(#7475,#7476,#7477,#7478));
#791=EDGE_LOOP('',(#7479,#7480,#7481,#7482));
#792=EDGE_LOOP('',(#7483,#7484,#7485,#7486));
#793=EDGE_LOOP('',(#7487,#7488,#7489,#7490));
#794=EDGE_LOOP('',(#7491,#7492,#7493,#7494));
#795=EDGE_LOOP('',(#7495,#7496,#7497,#7498));
#796=EDGE_LOOP('',(#7499,#7500,#7501,#7502));
#797=EDGE_LOOP('',(#7503,#7504,#7505,#7506));
#798=EDGE_LOOP('',(#7507,#7508,#7509,#7510));
#799=EDGE_LOOP('',(#7511,#7512,#7513,#7514));
#800=EDGE_LOOP('',(#7515,#7516,#7517,#7518));
#801=EDGE_LOOP('',(#7519,#7520,#7521,#7522));
#802=EDGE_LOOP('',(#7523,#7524,#7525,#7526));
#803=EDGE_LOOP('',(#7527,#7528,#7529,#7530));
#804=EDGE_LOOP('',(#7531,#7532,#7533,#7534));
#805=EDGE_LOOP('',(#7535,#7536,#7537,#7538));
#806=EDGE_LOOP('',(#7539,#7540,#7541,#7542));
#807=EDGE_LOOP('',(#7543,#7544,#7545,#7546));
#808=EDGE_LOOP('',(#7547,#7548,#7549,#7550));
#809=EDGE_LOOP('',(#7551,#7552,#7553,#7554));
#810=EDGE_LOOP('',(#7555,#7556,#7557,#7558));
#811=EDGE_LOOP('',(#7559,#7560,#7561,#7562));
#812=EDGE_LOOP('',(#7563,#7564,#7565,#7566));
#813=EDGE_LOOP('',(#7567,#7568,#7569,#7570));
#814=EDGE_LOOP('',(#7571,#7572,#7573,#7574));
#815=EDGE_LOOP('',(#7575,#7576,#7577,#7578));
#816=EDGE_LOOP('',(#7579,#7580,#7581,#7582));
#817=EDGE_LOOP('',(#7583,#7584,#7585,#7586));
#818=EDGE_LOOP('',(#7587,#7588,#7589,#7590));
#819=EDGE_LOOP('',(#7591,#7592,#7593,#7594));
#820=EDGE_LOOP('',(#7595,#7596,#7597,#7598));
#821=EDGE_LOOP('',(#7599,#7600,#7601,#7602));
#822=EDGE_LOOP('',(#7603,#7604,#7605,#7606));
#823=EDGE_LOOP('',(#7607,#7608,#7609,#7610));
#824=EDGE_LOOP('',(#7611,#7612,#7613,#7614));
#825=EDGE_LOOP('',(#7615,#7616,#7617,#7618));
#826=EDGE_LOOP('',(#7619,#7620,#7621,#7622));
#827=EDGE_LOOP('',(#7623,#7624,#7625,#7626));
#828=EDGE_LOOP('',(#7627,#7628,#7629,#7630));
#829=EDGE_LOOP('',(#7631,#7632,#7633,#7634));
#830=EDGE_LOOP('',(#7635,#7636,#7637,#7638));
#831=EDGE_LOOP('',(#7639,#7640,#7641,#7642));
#832=EDGE_LOOP('',(#7643,#7644,#7645,#7646));
#833=EDGE_LOOP('',(#7647,#7648,#7649,#7650));
#834=EDGE_LOOP('',(#7651,#7652,#7653,#7654));
#835=EDGE_LOOP('',(#7655,#7656,#7657,#7658));
#836=EDGE_LOOP('',(#7659,#7660,#7661,#7662));
#837=EDGE_LOOP('',(#7663,#7664,#7665,#7666));
#838=EDGE_LOOP('',(#7667,#7668,#7669,#7670));
#839=EDGE_LOOP('',(#7671,#7672,#7673,#7674));
#840=EDGE_LOOP('',(#7675,#7676,#7677,#7678));
#841=EDGE_LOOP('',(#7679,#7680,#7681,#7682));
#842=EDGE_LOOP('',(#7683,#7684,#7685,#7686));
#843=EDGE_LOOP('',(#7687,#7688,#7689,#7690));
#844=EDGE_LOOP('',(#7691,#7692,#7693,#7694));
#845=EDGE_LOOP('',(#7695,#7696,#7697,#7698));
#846=EDGE_LOOP('',(#7699,#7700,#7701,#7702));
#847=EDGE_LOOP('',(#7703,#7704,#7705,#7706));
#848=EDGE_LOOP('',(#7707,#7708,#7709,#7710));
#849=EDGE_LOOP('',(#7711,#7712,#7713,#7714));
#850=EDGE_LOOP('',(#7715,#7716,#7717,#7718));
#851=EDGE_LOOP('',(#7719,#7720,#7721,#7722));
#852=EDGE_LOOP('',(#7723,#7724,#7725,#7726));
#853=EDGE_LOOP('',(#7727,#7728,#7729,#7730));
#854=EDGE_LOOP('',(#7731,#7732,#7733,#7734));
#855=EDGE_LOOP('',(#7735,#7736,#7737,#7738));
#856=EDGE_LOOP('',(#7739,#7740,#7741,#7742));
#857=EDGE_LOOP('',(#7743,#7744,#7745,#7746));
#858=EDGE_LOOP('',(#7747,#7748,#7749,#7750));
#859=EDGE_LOOP('',(#7751,#7752,#7753,#7754));
#860=EDGE_LOOP('',(#7755,#7756,#7757,#7758));
#861=EDGE_LOOP('',(#7759,#7760,#7761,#7762));
#862=EDGE_LOOP('',(#7763,#7764,#7765,#7766));
#863=EDGE_LOOP('',(#7767,#7768,#7769,#7770));
#864=EDGE_LOOP('',(#7771,#7772,#7773,#7774));
#865=EDGE_LOOP('',(#7775,#7776,#7777,#7778));
#866=EDGE_LOOP('',(#7779,#7780,#7781,#7782));
#867=EDGE_LOOP('',(#7783,#7784,#7785,#7786));
#868=EDGE_LOOP('',(#7787,#7788,#7789,#7790));
#869=EDGE_LOOP('',(#7791,#7792,#7793,#7794));
#870=EDGE_LOOP('',(#7795,#7796,#7797,#7798));
#871=EDGE_LOOP('',(#7799,#7800,#7801,#7802));
#872=EDGE_LOOP('',(#7803,#7804,#7805,#7806));
#873=EDGE_LOOP('',(#7807,#7808,#7809,#7810));
#874=EDGE_LOOP('',(#7811,#7812,#7813,#7814));
#875=EDGE_LOOP('',(#7815,#7816,#7817,#7818));
#876=EDGE_LOOP('',(#7819,#7820,#7821,#7822));
#877=EDGE_LOOP('',(#7823,#7824,#7825,#7826));
#878=EDGE_LOOP('',(#7827,#7828,#7829,#7830));
#879=EDGE_LOOP('',(#7831,#7832,#7833,#7834));
#880=EDGE_LOOP('',(#7835,#7836,#7837,#7838));
#881=EDGE_LOOP('',(#7839,#7840,#7841,#7842));
#882=EDGE_LOOP('',(#7843,#7844,#7845,#7846));
#883=EDGE_LOOP('',(#7847,#7848,#7849,#7850));
#884=EDGE_LOOP('',(#7851,#7852,#7853,#7854));
#885=EDGE_LOOP('',(#7855,#7856,#7857,#7858));
#886=EDGE_LOOP('',(#7859,#7860,#7861,#7862));
#887=EDGE_LOOP('',(#7863,#7864,#7865,#7866));
#888=EDGE_LOOP('',(#7867,#7868,#7869,#7870));
#889=EDGE_LOOP('',(#7871,#7872,#7873,#7874));
#890=EDGE_LOOP('',(#7875,#7876,#7877,#7878));
#891=EDGE_LOOP('',(#7879,#7880,#7881,#7882));
#892=EDGE_LOOP('',(#7883,#7884,#7885,#7886));
#893=EDGE_LOOP('',(#7887,#7888,#7889,#7890));
#894=EDGE_LOOP('',(#7891,#7892,#7893,#7894));
#895=EDGE_LOOP('',(#7895,#7896,#7897,#7898));
#896=EDGE_LOOP('',(#7899,#7900,#7901,#7902));
#897=EDGE_LOOP('',(#7903,#7904,#7905,#7906));
#898=EDGE_LOOP('',(#7907,#7908,#7909,#7910));
#899=EDGE_LOOP('',(#7911,#7912,#7913,#7914));
#900=EDGE_LOOP('',(#7915,#7916,#7917,#7918));
#901=EDGE_LOOP('',(#7919,#7920,#7921,#7922));
#902=EDGE_LOOP('',(#7923,#7924,#7925,#7926));
#903=EDGE_LOOP('',(#7927,#7928,#7929,#7930));
#904=EDGE_LOOP('',(#7931,#7932,#7933,#7934));
#905=EDGE_LOOP('',(#7935,#7936,#7937,#7938));
#906=EDGE_LOOP('',(#7939,#7940,#7941,#7942));
#907=EDGE_LOOP('',(#7943,#7944,#7945,#7946));
#908=EDGE_LOOP('',(#7947,#7948,#7949,#7950));
#909=EDGE_LOOP('',(#7951,#7952,#7953,#7954));
#910=EDGE_LOOP('',(#7955,#7956,#7957,#7958));
#911=EDGE_LOOP('',(#7959,#7960,#7961,#7962));
#912=EDGE_LOOP('',(#7963,#7964,#7965,#7966));
#913=EDGE_LOOP('',(#7967,#7968,#7969,#7970));
#914=EDGE_LOOP('',(#7971,#7972,#7973,#7974));
#915=EDGE_LOOP('',(#7975,#7976,#7977,#7978));
#916=EDGE_LOOP('',(#7979,#7980,#7981,#7982));
#917=EDGE_LOOP('',(#7983,#7984,#7985,#7986));
#918=EDGE_LOOP('',(#7987,#7988,#7989,#7990));
#919=EDGE_LOOP('',(#7991,#7992,#7993,#7994));
#920=EDGE_LOOP('',(#7995,#7996,#7997,#7998));
#921=EDGE_LOOP('',(#7999,#8000,#8001,#8002));
#922=EDGE_LOOP('',(#8003,#8004,#8005,#8006));
#923=EDGE_LOOP('',(#8007,#8008,#8009,#8010));
#924=EDGE_LOOP('',(#8011,#8012,#8013,#8014));
#925=EDGE_LOOP('',(#8015,#8016,#8017,#8018));
#926=EDGE_LOOP('',(#8019,#8020,#8021,#8022));
#927=EDGE_LOOP('',(#8023,#8024,#8025,#8026));
#928=EDGE_LOOP('',(#8027,#8028,#8029,#8030));
#929=EDGE_LOOP('',(#8031,#8032,#8033,#8034));
#930=EDGE_LOOP('',(#8035,#8036,#8037,#8038));
#931=EDGE_LOOP('',(#8039,#8040,#8041,#8042));
#932=EDGE_LOOP('',(#8043,#8044,#8045,#8046));
#933=EDGE_LOOP('',(#8047,#8048,#8049,#8050));
#934=EDGE_LOOP('',(#8051,#8052,#8053,#8054));
#935=EDGE_LOOP('',(#8055,#8056,#8057,#8058));
#936=EDGE_LOOP('',(#8059,#8060,#8061,#8062));
#937=EDGE_LOOP('',(#8063,#8064,#8065,#8066));
#938=EDGE_LOOP('',(#8067,#8068,#8069,#8070));
#939=EDGE_LOOP('',(#8071,#8072,#8073,#8074));
#940=EDGE_LOOP('',(#8075,#8076,#8077,#8078));
#941=EDGE_LOOP('',(#8079,#8080,#8081,#8082));
#942=EDGE_LOOP('',(#8083,#8084,#8085,#8086));
#943=EDGE_LOOP('',(#8087,#8088,#8089,#8090));
#944=EDGE_LOOP('',(#8091,#8092,#8093,#8094));
#945=EDGE_LOOP('',(#8095,#8096,#8097,#8098));
#946=EDGE_LOOP('',(#8099,#8100,#8101,#8102));
#947=EDGE_LOOP('',(#8103,#8104,#8105,#8106));
#948=EDGE_LOOP('',(#8107,#8108,#8109,#8110));
#949=EDGE_LOOP('',(#8111,#8112,#8113,#8114));
#950=EDGE_LOOP('',(#8115,#8116,#8117,#8118));
#951=EDGE_LOOP('',(#8119,#8120,#8121,#8122));
#952=EDGE_LOOP('',(#8123,#8124,#8125,#8126));
#953=EDGE_LOOP('',(#8127,#8128,#8129,#8130));
#954=EDGE_LOOP('',(#8131,#8132,#8133,#8134));
#955=EDGE_LOOP('',(#8135,#8136,#8137,#8138));
#956=EDGE_LOOP('',(#8139,#8140,#8141,#8142));
#957=EDGE_LOOP('',(#8143,#8144,#8145,#8146));
#958=EDGE_LOOP('',(#8147,#8148,#8149,#8150));
#959=EDGE_LOOP('',(#8151,#8152,#8153,#8154));
#960=EDGE_LOOP('',(#8155,#8156,#8157,#8158));
#961=EDGE_LOOP('',(#8159,#8160,#8161,#8162));
#962=EDGE_LOOP('',(#8163,#8164,#8165,#8166));
#963=EDGE_LOOP('',(#8167,#8168,#8169,#8170));
#964=EDGE_LOOP('',(#8171,#8172,#8173,#8174));
#965=EDGE_LOOP('',(#8175,#8176,#8177,#8178));
#966=EDGE_LOOP('',(#8179,#8180,#8181,#8182));
#967=EDGE_LOOP('',(#8183,#8184,#8185,#8186));
#968=EDGE_LOOP('',(#8187,#8188,#8189,#8190));
#969=EDGE_LOOP('',(#8191,#8192,#8193,#8194));
#970=EDGE_LOOP('',(#8195,#8196,#8197,#8198));
#971=EDGE_LOOP('',(#8199,#8200,#8201,#8202));
#972=EDGE_LOOP('',(#8203,#8204,#8205,#8206));
#973=EDGE_LOOP('',(#8207,#8208,#8209,#8210));
#974=EDGE_LOOP('',(#8211,#8212,#8213,#8214));
#975=EDGE_LOOP('',(#8215,#8216,#8217,#8218));
#976=EDGE_LOOP('',(#8219,#8220,#8221,#8222));
#977=EDGE_LOOP('',(#8223,#8224,#8225,#8226));
#978=EDGE_LOOP('',(#8227,#8228,#8229,#8230));
#979=EDGE_LOOP('',(#8231,#8232,#8233,#8234));
#980=EDGE_LOOP('',(#8235,#8236,#8237,#8238));
#981=EDGE_LOOP('',(#8239,#8240,#8241,#8242));
#982=EDGE_LOOP('',(#8243,#8244,#8245,#8246));
#983=EDGE_LOOP('',(#8247,#8248,#8249,#8250));
#984=EDGE_LOOP('',(#8251,#8252,#8253,#8254));
#985=EDGE_LOOP('',(#8255,#8256,#8257,#8258));
#986=EDGE_LOOP('',(#8259,#8260,#8261,#8262));
#987=EDGE_LOOP('',(#8263,#8264,#8265,#8266));
#988=EDGE_LOOP('',(#8267,#8268,#8269,#8270));
#989=EDGE_LOOP('',(#8271,#8272,#8273,#8274));
#990=EDGE_LOOP('',(#8275,#8276,#8277,#8278));
#991=EDGE_LOOP('',(#8279,#8280,#8281,#8282));
#992=EDGE_LOOP('',(#8283,#8284,#8285,#8286));
#993=EDGE_LOOP('',(#8287,#8288,#8289,#8290));
#994=EDGE_LOOP('',(#8291,#8292,#8293,#8294));
#995=EDGE_LOOP('',(#8295,#8296,#8297,#8298));
#996=EDGE_LOOP('',(#8299,#8300,#8301,#8302));
#997=EDGE_LOOP('',(#8303,#8304,#8305,#8306));
#998=EDGE_LOOP('',(#8307,#8308,#8309,#8310));
#999=EDGE_LOOP('',(#8311,#8312,#8313,#8314));
#1000=EDGE_LOOP('',(#8315,#8316,#8317,#8318));
#1001=EDGE_LOOP('',(#8319,#8320,#8321,#8322));
#1002=EDGE_LOOP('',(#8323,#8324,#8325,#8326));
#1003=EDGE_LOOP('',(#8327,#8328,#8329,#8330));
#1004=EDGE_LOOP('',(#8331,#8332,#8333,#8334));
#1005=EDGE_LOOP('',(#8335,#8336,#8337,#8338));
#1006=EDGE_LOOP('',(#8339,#8340,#8341,#8342));
#1007=EDGE_LOOP('',(#8343,#8344,#8345,#8346));
#1008=EDGE_LOOP('',(#8347,#8348,#8349,#8350));
#1009=EDGE_LOOP('',(#8351,#8352,#8353,#8354));
#1010=EDGE_LOOP('',(#8355,#8356,#8357,#8358));
#1011=EDGE_LOOP('',(#8359,#8360,#8361,#8362));
#1012=EDGE_LOOP('',(#8363,#8364,#8365,#8366));
#1013=EDGE_LOOP('',(#8367,#8368,#8369,#8370));
#1014=EDGE_LOOP('',(#8371,#8372,#8373,#8374));
#1015=EDGE_LOOP('',(#8375,#8376,#8377,#8378));
#1016=EDGE_LOOP('',(#8379,#8380,#8381,#8382));
#1017=EDGE_LOOP('',(#8383,#8384,#8385,#8386));
#1018=EDGE_LOOP('',(#8387,#8388,#8389,#8390));
#1019=EDGE_LOOP('',(#8391,#8392,#8393,#8394));
#1020=EDGE_LOOP('',(#8395,#8396,#8397,#8398));
#1021=EDGE_LOOP('',(#8399,#8400,#8401,#8402));
#1022=EDGE_LOOP('',(#8403,#8404,#8405,#8406));
#1023=EDGE_LOOP('',(#8407,#8408,#8409,#8410));
#1024=EDGE_LOOP('',(#8411,#8412,#8413,#8414));
#1025=EDGE_LOOP('',(#8415,#8416,#8417,#8418));
#1026=EDGE_LOOP('',(#8419,#8420,#8421,#8422));
#1027=EDGE_LOOP('',(#8423,#8424,#8425,#8426));
#1028=EDGE_LOOP('',(#8427,#8428,#8429,#8430));
#1029=EDGE_LOOP('',(#8431,#8432,#8433,#8434));
#1030=EDGE_LOOP('',(#8435,#8436,#8437,#8438));
#1031=EDGE_LOOP('',(#8439,#8440,#8441,#8442));
#1032=EDGE_LOOP('',(#8443,#8444,#8445,#8446));
#1033=EDGE_LOOP('',(#8447,#8448,#8449,#8450));
#1034=EDGE_LOOP('',(#8451,#8452,#8453,#8454));
#1035=EDGE_LOOP('',(#8455,#8456,#8457,#8458));
#1036=EDGE_LOOP('',(#8459,#8460,#8461,#8462));
#1037=EDGE_LOOP('',(#8463,#8464,#8465,#8466));
#1038=EDGE_LOOP('',(#8467,#8468,#8469,#8470));
#1039=EDGE_LOOP('',(#8471,#8472,#8473,#8474));
#1040=EDGE_LOOP('',(#8475,#8476,#8477,#8478));
#1041=EDGE_LOOP('',(#8479,#8480,#8481,#8482));
#1042=EDGE_LOOP('',(#8483,#8484,#8485,#8486));
#1043=EDGE_LOOP('',(#8487,#8488,#8489,#8490));
#1044=EDGE_LOOP('',(#8491,#8492,#8493,#8494));
#1045=EDGE_LOOP('',(#8495,#8496,#8497,#8498));
#1046=EDGE_LOOP('',(#8499,#8500,#8501,#8502));
#1047=EDGE_LOOP('',(#8503,#8504,#8505,#8506));
#1048=EDGE_LOOP('',(#8507,#8508,#8509,#8510));
#1049=EDGE_LOOP('',(#8511,#8512,#8513,#8514));
#1050=EDGE_LOOP('',(#8515,#8516,#8517,#8518));
#1051=EDGE_LOOP('',(#8519,#8520,#8521,#8522));
#1052=EDGE_LOOP('',(#8523,#8524,#8525,#8526));
#1053=EDGE_LOOP('',(#8527,#8528,#8529,#8530));
#1054=EDGE_LOOP('',(#8531,#8532,#8533,#8534));
#1055=EDGE_LOOP('',(#8535,#8536,#8537,#8538));
#1056=EDGE_LOOP('',(#8539,#8540,#8541,#8542));
#1057=EDGE_LOOP('',(#8543,#8544,#8545,#8546));
#1058=EDGE_LOOP('',(#8547,#8548,#8549,#8550));
#1059=EDGE_LOOP('',(#8551,#8552,#8553,#8554));
#1060=EDGE_LOOP('',(#8555,#8556,#8557,#8558));
#1061=EDGE_LOOP('',(#8559,#8560,#8561,#8562));
#1062=EDGE_LOOP('',(#8563,#8564,#8565,#8566));
#1063=EDGE_LOOP('',(#8567,#8568,#8569,#8570));
#1064=EDGE_LOOP('',(#8571,#8572,#8573,#8574));
#1065=EDGE_LOOP('',(#8575,#8576,#8577,#8578));
#1066=EDGE_LOOP('',(#8579,#8580,#8581,#8582));
#1067=EDGE_LOOP('',(#8583,#8584,#8585,#8586));
#1068=EDGE_LOOP('',(#8587,#8588,#8589,#8590));
#1069=EDGE_LOOP('',(#8591,#8592,#8593,#8594));
#1070=EDGE_LOOP('',(#8595,#8596,#8597,#8598));
#1071=EDGE_LOOP('',(#8599,#8600,#8601,#8602));
#1072=EDGE_LOOP('',(#8603,#8604,#8605,#8606));
#1073=EDGE_LOOP('',(#8607,#8608,#8609,#8610));
#1074=EDGE_LOOP('',(#8611,#8612,#8613,#8614));
#1075=EDGE_LOOP('',(#8615,#8616,#8617,#8618));
#1076=EDGE_LOOP('',(#8619,#8620,#8621,#8622));
#1077=EDGE_LOOP('',(#8623,#8624,#8625,#8626));
#1078=EDGE_LOOP('',(#8627,#8628,#8629,#8630));
#1079=EDGE_LOOP('',(#8631,#8632,#8633,#8634));
#1080=EDGE_LOOP('',(#8635,#8636,#8637,#8638));
#1081=EDGE_LOOP('',(#8639,#8640,#8641,#8642));
#1082=EDGE_LOOP('',(#8643,#8644,#8645,#8646));
#1083=EDGE_LOOP('',(#8647,#8648,#8649,#8650));
#1084=EDGE_LOOP('',(#8651,#8652,#8653,#8654));
#1085=EDGE_LOOP('',(#8655,#8656,#8657,#8658));
#1086=EDGE_LOOP('',(#8659,#8660,#8661,#8662));
#1087=EDGE_LOOP('',(#8663,#8664,#8665,#8666));
#1088=EDGE_LOOP('',(#8667,#8668,#8669,#8670));
#1089=EDGE_LOOP('',(#8671,#8672,#8673,#8674));
#1090=EDGE_LOOP('',(#8675,#8676,#8677,#8678));
#1091=EDGE_LOOP('',(#8679,#8680,#8681,#8682));
#1092=EDGE_LOOP('',(#8683,#8684,#8685,#8686));
#1093=EDGE_LOOP('',(#8687,#8688,#8689,#8690));
#1094=EDGE_LOOP('',(#8691,#8692,#8693,#8694));
#1095=EDGE_LOOP('',(#8695,#8696,#8697,#8698));
#1096=EDGE_LOOP('',(#8699,#8700,#8701,#8702));
#1097=EDGE_LOOP('',(#8703,#8704,#8705,#8706));
#1098=EDGE_LOOP('',(#8707,#8708,#8709,#8710));
#1099=EDGE_LOOP('',(#8711,#8712,#8713,#8714));
#1100=EDGE_LOOP('',(#8715,#8716,#8717,#8718));
#1101=EDGE_LOOP('',(#8719,#8720,#8721,#8722));
#1102=EDGE_LOOP('',(#8723,#8724,#8725,#8726));
#1103=EDGE_LOOP('',(#8727,#8728,#8729,#8730));
#1104=EDGE_LOOP('',(#8731,#8732,#8733,#8734));
#1105=EDGE_LOOP('',(#8735,#8736,#8737,#8738));
#1106=EDGE_LOOP('',(#8739,#8740,#8741,#8742));
#1107=EDGE_LOOP('',(#8743,#8744,#8745,#8746));
#1108=EDGE_LOOP('',(#8747,#8748,#8749,#8750));
#1109=EDGE_LOOP('',(#8751,#8752,#8753,#8754));
#1110=EDGE_LOOP('',(#8755,#8756,#8757,#8758));
#1111=EDGE_LOOP('',(#8759,#8760,#8761,#8762));
#1112=EDGE_LOOP('',(#8763,#8764,#8765,#8766));
#1113=EDGE_LOOP('',(#8767,#8768,#8769,#8770));
#1114=EDGE_LOOP('',(#8771,#8772,#8773,#8774));
#1115=EDGE_LOOP('',(#8775,#8776,#8777,#8778));
#1116=EDGE_LOOP('',(#8779,#8780,#8781,#8782));
#1117=EDGE_LOOP('',(#8783,#8784,#8785,#8786));
#1118=EDGE_LOOP('',(#8787,#8788,#8789,#8790));
#1119=EDGE_LOOP('',(#8791,#8792,#8793,#8794));
#1120=EDGE_LOOP('',(#8795,#8796,#8797,#8798));
#1121=EDGE_LOOP('',(#8799,#8800,#8801,#8802));
#1122=EDGE_LOOP('',(#8803,#8804,#8805,#8806));
#1123=EDGE_LOOP('',(#8807,#8808,#8809,#8810));
#1124=EDGE_LOOP('',(#8811,#8812,#8813,#8814));
#1125=EDGE_LOOP('',(#8815,#8816,#8817,#8818));
#1126=EDGE_LOOP('',(#8819,#8820,#8821,#8822));
#1127=EDGE_LOOP('',(#8823,#8824,#8825,#8826));
#1128=EDGE_LOOP('',(#8827,#8828,#8829,#8830));
#1129=EDGE_LOOP('',(#8831,#8832,#8833,#8834));
#1130=EDGE_LOOP('',(#8835,#8836,#8837,#8838));
#1131=EDGE_LOOP('',(#8839,#8840,#8841,#8842));
#1132=EDGE_LOOP('',(#8843,#8844,#8845,#8846));
#1133=EDGE_LOOP('',(#8847,#8848,#8849,#8850));
#1134=EDGE_LOOP('',(#8851,#8852,#8853,#8854));
#1135=EDGE_LOOP('',(#8855,#8856,#8857,#8858));
#1136=EDGE_LOOP('',(#8859,#8860,#8861,#8862));
#1137=EDGE_LOOP('',(#8863,#8864,#8865,#8866));
#1138=EDGE_LOOP('',(#8867,#8868,#8869,#8870));
#1139=EDGE_LOOP('',(#8871,#8872,#8873,#8874));
#1140=EDGE_LOOP('',(#8875,#8876,#8877,#8878));
#1141=EDGE_LOOP('',(#8879,#8880,#8881,#8882));
#1142=EDGE_LOOP('',(#8883,#8884,#8885,#8886));
#1143=EDGE_LOOP('',(#8887,#8888,#8889,#8890));
#1144=EDGE_LOOP('',(#8891,#8892,#8893,#8894));
#1145=EDGE_LOOP('',(#8895,#8896,#8897,#8898));
#1146=EDGE_LOOP('',(#8899,#8900,#8901,#8902));
#1147=EDGE_LOOP('',(#8903,#8904,#8905,#8906));
#1148=EDGE_LOOP('',(#8907,#8908,#8909,#8910));
#1149=EDGE_LOOP('',(#8911,#8912,#8913,#8914));
#1150=EDGE_LOOP('',(#8915,#8916,#8917,#8918));
#1151=EDGE_LOOP('',(#8919,#8920,#8921,#8922));
#1152=EDGE_LOOP('',(#8923,#8924,#8925,#8926));
#1153=EDGE_LOOP('',(#8927,#8928,#8929,#8930));
#1154=EDGE_LOOP('',(#8931,#8932,#8933,#8934));
#1155=EDGE_LOOP('',(#8935,#8936,#8937,#8938));
#1156=EDGE_LOOP('',(#8939,#8940,#8941,#8942));
#1157=EDGE_LOOP('',(#8943,#8944,#8945,#8946));
#1158=EDGE_LOOP('',(#8947,#8948,#8949,#8950));
#1159=EDGE_LOOP('',(#8951,#8952,#8953,#8954));
#1160=EDGE_LOOP('',(#8955,#8956,#8957,#8958));
#1161=EDGE_LOOP('',(#8959,#8960,#8961,#8962));
#1162=EDGE_LOOP('',(#8963,#8964,#8965,#8966));
#1163=EDGE_LOOP('',(#8967,#8968,#8969,#8970));
#1164=EDGE_LOOP('',(#8971,#8972,#8973,#8974));
#1165=EDGE_LOOP('',(#8975,#8976,#8977,#8978));
#1166=EDGE_LOOP('',(#8979,#8980,#8981,#8982));
#1167=EDGE_LOOP('',(#8983,#8984,#8985,#8986));
#1168=EDGE_LOOP('',(#8987,#8988,#8989,#8990));
#1169=EDGE_LOOP('',(#8991,#8992,#8993,#8994));
#1170=EDGE_LOOP('',(#8995,#8996,#8997,#8998));
#1171=EDGE_LOOP('',(#8999,#9000,#9001,#9002));
#1172=EDGE_LOOP('',(#9003,#9004,#9005,#9006));
#1173=EDGE_LOOP('',(#9007,#9008,#9009,#9010));
#1174=EDGE_LOOP('',(#9011,#9012,#9013,#9014));
#1175=EDGE_LOOP('',(#9015,#9016,#9017,#9018));
#1176=EDGE_LOOP('',(#9019,#9020,#9021,#9022));
#1177=EDGE_LOOP('',(#9023,#9024,#9025,#9026));
#1178=EDGE_LOOP('',(#9027,#9028,#9029,#9030));
#1179=EDGE_LOOP('',(#9031,#9032,#9033,#9034,#9035,#9036,#9037,#9038,#9039,
#9040,#9041));
#1180=EDGE_LOOP('',(#9042,#9043,#9044,#9045));
#1181=EDGE_LOOP('',(#9046,#9047,#9048,#9049));
#1182=EDGE_LOOP('',(#9050,#9051,#9052,#9053));
#1183=EDGE_LOOP('',(#9054,#9055,#9056,#9057,#9058,#9059,#9060,#9061,#9062,
#9063,#9064));
#1184=EDGE_LOOP('',(#9065,#9066,#9067,#9068));
#1185=EDGE_LOOP('',(#9069,#9070,#9071,#9072,#9073,#9074));
#1186=EDGE_LOOP('',(#9075,#9076,#9077,#9078));
#1187=EDGE_LOOP('',(#9079,#9080,#9081,#9082));
#1188=EDGE_LOOP('',(#9083,#9084,#9085,#9086,#9087));
#1189=EDGE_LOOP('',(#9088,#9089,#9090,#9091,#9092,#9093));
#1190=EDGE_LOOP('',(#9094,#9095,#9096,#9097));
#1191=EDGE_LOOP('',(#9098,#9099,#9100,#9101));
#1192=EDGE_LOOP('',(#9102,#9103,#9104,#9105));
#1193=EDGE_LOOP('',(#9106,#9107,#9108,#9109));
#1194=EDGE_LOOP('',(#9110,#9111,#9112,#9113));
#1195=EDGE_LOOP('',(#9114,#9115,#9116,#9117));
#1196=EDGE_LOOP('',(#9118,#9119,#9120,#9121));
#1197=EDGE_LOOP('',(#9122,#9123,#9124,#9125));
#1198=EDGE_LOOP('',(#9126,#9127,#9128,#9129));
#1199=EDGE_LOOP('',(#9130,#9131,#9132,#9133));
#1200=EDGE_LOOP('',(#9134,#9135,#9136,#9137));
#1201=EDGE_LOOP('',(#9138,#9139,#9140,#9141));
#1202=EDGE_LOOP('',(#9142,#9143,#9144,#9145,#9146,#9147,#9148,#9149,#9150,
#9151,#9152,#9153,#9154,#9155,#9156,#9157,#9158,#9159,#9160,#9161,#9162,
#9163,#9164,#9165,#9166,#9167,#9168,#9169,#9170,#9171,#9172,#9173,#9174,
#9175,#9176,#9177,#9178,#9179,#9180,#9181,#9182,#9183,#9184,#9185));
#1203=EDGE_LOOP('',(#9186,#9187,#9188,#9189));
#1204=EDGE_LOOP('',(#9190,#9191,#9192,#9193,#9194,#9195,#9196,#9197,#9198,
#9199,#9200,#9201,#9202,#9203,#9204,#9205,#9206,#9207,#9208,#9209,#9210,
#9211,#9212,#9213,#9214,#9215,#9216,#9217,#9218,#9219,#9220,#9221,#9222,
#9223,#9224,#9225,#9226,#9227,#9228,#9229,#9230,#9231,#9232,#9233));
#1205=EDGE_LOOP('',(#9234,#9235,#9236,#9237));
#1206=EDGE_LOOP('',(#9238,#9239,#9240,#9241));
#1207=EDGE_LOOP('',(#9242,#9243,#9244,#9245));
#1208=EDGE_LOOP('',(#9246,#9247,#9248,#9249,#9250,#9251,#9252,#9253,#9254,
#9255,#9256,#9257,#9258,#9259,#9260,#9261,#9262,#9263,#9264,#9265,#9266,
#9267,#9268,#9269,#9270,#9271,#9272,#9273,#9274,#9275,#9276,#9277,#9278,
#9279,#9280,#9281,#9282,#9283,#9284,#9285,#9286,#9287,#9288,#9289));
#1209=EDGE_LOOP('',(#9290,#9291,#9292,#9293));
#1210=EDGE_LOOP('',(#9294,#9295,#9296,#9297));
#1211=EDGE_LOOP('',(#9298,#9299,#9300,#9301));
#1212=EDGE_LOOP('',(#9302,#9303,#9304,#9305));
#1213=EDGE_LOOP('',(#9306,#9307,#9308,#9309));
#1214=EDGE_LOOP('',(#9310,#9311,#9312,#9313));
#1215=EDGE_LOOP('',(#9314,#9315,#9316,#9317));
#1216=EDGE_LOOP('',(#9318,#9319,#9320,#9321));
#1217=EDGE_LOOP('',(#9322,#9323,#9324,#9325));
#1218=EDGE_LOOP('',(#9326,#9327,#9328,#9329));
#1219=EDGE_LOOP('',(#9330,#9331,#9332,#9333));
#1220=EDGE_LOOP('',(#9334,#9335,#9336,#9337));
#1221=EDGE_LOOP('',(#9338,#9339,#9340,#9341));
#1222=EDGE_LOOP('',(#9342,#9343,#9344,#9345));
#1223=EDGE_LOOP('',(#9346,#9347,#9348,#9349));
#1224=EDGE_LOOP('',(#9350,#9351,#9352,#9353));
#1225=EDGE_LOOP('',(#9354,#9355,#9356,#9357));
#1226=EDGE_LOOP('',(#9358,#9359,#9360,#9361));
#1227=EDGE_LOOP('',(#9362,#9363,#9364,#9365));
#1228=EDGE_LOOP('',(#9366,#9367,#9368,#9369));
#1229=EDGE_LOOP('',(#9370,#9371,#9372,#9373));
#1230=EDGE_LOOP('',(#9374,#9375,#9376,#9377));
#1231=EDGE_LOOP('',(#9378,#9379,#9380,#9381));
#1232=EDGE_LOOP('',(#9382,#9383,#9384,#9385));
#1233=EDGE_LOOP('',(#9386,#9387,#9388,#9389));
#1234=EDGE_LOOP('',(#9390,#9391,#9392,#9393));
#1235=EDGE_LOOP('',(#9394,#9395,#9396,#9397));
#1236=EDGE_LOOP('',(#9398,#9399,#9400,#9401));
#1237=EDGE_LOOP('',(#9402,#9403,#9404,#9405));
#1238=EDGE_LOOP('',(#9406,#9407,#9408,#9409));
#1239=EDGE_LOOP('',(#9410,#9411,#9412,#9413));
#1240=EDGE_LOOP('',(#9414,#9415,#9416,#9417));
#1241=EDGE_LOOP('',(#9418,#9419,#9420,#9421));
#1242=EDGE_LOOP('',(#9422,#9423,#9424,#9425));
#1243=EDGE_LOOP('',(#9426,#9427,#9428,#9429));
#1244=EDGE_LOOP('',(#9430,#9431,#9432,#9433));
#1245=EDGE_LOOP('',(#9434,#9435,#9436,#9437));
#1246=EDGE_LOOP('',(#9438,#9439,#9440,#9441));
#1247=EDGE_LOOP('',(#9442,#9443,#9444,#9445));
#1248=EDGE_LOOP('',(#9446,#9447,#9448,#9449,#9450,#9451,#9452,#9453,#9454,
#9455,#9456,#9457,#9458,#9459,#9460,#9461,#9462,#9463,#9464,#9465,#9466,
#9467,#9468,#9469,#9470,#9471,#9472,#9473,#9474,#9475,#9476,#9477,#9478,
#9479,#9480,#9481,#9482,#9483,#9484,#9485,#9486,#9487,#9488,#9489));
#1249=EDGE_LOOP('',(#9490,#9491,#9492,#9493));
#1250=EDGE_LOOP('',(#9494,#9495,#9496,#9497));
#1251=EDGE_LOOP('',(#9498,#9499,#9500,#9501));
#1252=EDGE_LOOP('',(#9502,#9503,#9504,#9505));
#1253=EDGE_LOOP('',(#9506,#9507,#9508,#9509));
#1254=EDGE_LOOP('',(#9510,#9511,#9512,#9513));
#1255=EDGE_LOOP('',(#9514,#9515,#9516,#9517,#9518,#9519,#9520,#9521,#9522,
#9523,#9524,#9525));
#1256=EDGE_LOOP('',(#9526,#9527,#9528,#9529));
#1257=EDGE_LOOP('',(#9530));
#1258=EDGE_LOOP('',(#9531));
#1259=EDGE_LOOP('',(#9532,#9533,#9534,#9535));
#1260=EDGE_LOOP('',(#9536,#9537,#9538,#9539));
#1261=EDGE_LOOP('',(#9540,#9541,#9542,#9543));
#1262=EDGE_LOOP('',(#9544,#9545,#9546,#9547));
#1263=EDGE_LOOP('',(#9548,#9549,#9550,#9551));
#1264=EDGE_LOOP('',(#9552,#9553,#9554,#9555));
#1265=EDGE_LOOP('',(#9556,#9557,#9558,#9559,#9560,#9561,#9562,#9563,#9564,
#9565,#9566,#9567));
#1266=EDGE_LOOP('',(#9568,#9569,#9570,#9571));
#1267=EDGE_LOOP('',(#9572,#9573,#9574,#9575));
#1268=EDGE_LOOP('',(#9576,#9577,#9578,#9579,#9580,#9581,#9582,#9583));
#1269=EDGE_LOOP('',(#9584,#9585,#9586,#9587,#9588));
#1270=EDGE_LOOP('',(#9589,#9590,#9591,#9592));
#1271=EDGE_LOOP('',(#9593,#9594,#9595,#9596,#9597,#9598,#9599,#9600));
#1272=EDGE_LOOP('',(#9601,#9602,#9603,#9604));
#1273=EDGE_LOOP('',(#9605,#9606,#9607,#9608));
#1274=EDGE_LOOP('',(#9609,#9610,#9611,#9612));
#1275=EDGE_LOOP('',(#9613,#9614,#9615,#9616));
#1276=EDGE_LOOP('',(#9617,#9618,#9619,#9620));
#1277=EDGE_LOOP('',(#9621,#9622,#9623,#9624));
#1278=EDGE_LOOP('',(#9625,#9626,#9627,#9628));
#1279=EDGE_LOOP('',(#9629,#9630,#9631,#9632));
#1280=EDGE_LOOP('',(#9633,#9634,#9635,#9636));
#1281=EDGE_LOOP('',(#9637,#9638,#9639,#9640,#9641,#9642,#9643,#9644,#9645,
#9646,#9647,#9648));
#1282=EDGE_LOOP('',(#9649,#9650,#9651,#9652));
#1283=EDGE_LOOP('',(#9653,#9654,#9655,#9656,#9657,#9658,#9659,#9660,#9661,
#9662));
#1284=EDGE_LOOP('',(#9663,#9664,#9665,#9666));
#1285=EDGE_LOOP('',(#9667,#9668,#9669,#9670,#9671,#9672,#9673,#9674));
#1286=EDGE_LOOP('',(#9675,#9676,#9677,#9678));
#1287=EDGE_LOOP('',(#9679,#9680,#9681,#9682,#9683,#9684));
#1288=EDGE_LOOP('',(#9685,#9686,#9687,#9688));
#1289=EDGE_LOOP('',(#9689,#9690,#9691,#9692));
#1290=EDGE_LOOP('',(#9693,#9694,#9695,#9696));
#1291=EDGE_LOOP('',(#9697,#9698,#9699,#9700));
#1292=EDGE_LOOP('',(#9701,#9702,#9703,#9704));
#1293=EDGE_LOOP('',(#9705,#9706,#9707,#9708));
#1294=EDGE_LOOP('',(#9709,#9710,#9711,#9712));
#1295=EDGE_LOOP('',(#9713,#9714,#9715,#9716));
#1296=EDGE_LOOP('',(#9717,#9718,#9719,#9720));
#1297=EDGE_LOOP('',(#9721,#9722,#9723,#9724));
#1298=EDGE_LOOP('',(#9725,#9726,#9727,#9728));
#1299=EDGE_LOOP('',(#9729,#9730,#9731,#9732));
#1300=EDGE_LOOP('',(#9733,#9734,#9735,#9736));
#1301=EDGE_LOOP('',(#9737,#9738,#9739,#9740));
#1302=EDGE_LOOP('',(#9741,#9742,#9743,#9744));
#1303=EDGE_LOOP('',(#9745,#9746,#9747,#9748));
#1304=EDGE_LOOP('',(#9749,#9750,#9751,#9752));
#1305=EDGE_LOOP('',(#9753,#9754,#9755,#9756));
#1306=EDGE_LOOP('',(#9757,#9758,#9759,#9760));
#1307=EDGE_LOOP('',(#9761,#9762,#9763,#9764));
#1308=EDGE_LOOP('',(#9765,#9766,#9767,#9768));
#1309=EDGE_LOOP('',(#9769,#9770,#9771,#9772));
#1310=EDGE_LOOP('',(#9773,#9774,#9775,#9776));
#1311=EDGE_LOOP('',(#9777,#9778,#9779,#9780));
#1312=EDGE_LOOP('',(#9781,#9782,#9783,#9784));
#1313=EDGE_LOOP('',(#9785,#9786,#9787,#9788));
#1314=EDGE_LOOP('',(#9789,#9790,#9791,#9792));
#1315=EDGE_LOOP('',(#9793,#9794,#9795,#9796));
#1316=EDGE_LOOP('',(#9797,#9798,#9799,#9800));
#1317=EDGE_LOOP('',(#9801,#9802,#9803,#9804));
#1318=EDGE_LOOP('',(#9805,#9806,#9807,#9808));
#1319=EDGE_LOOP('',(#9809,#9810,#9811,#9812));
#1320=EDGE_LOOP('',(#9813,#9814,#9815,#9816));
#1321=EDGE_LOOP('',(#9817,#9818,#9819,#9820));
#1322=EDGE_LOOP('',(#9821,#9822,#9823,#9824));
#1323=EDGE_LOOP('',(#9825,#9826,#9827,#9828));
#1324=EDGE_LOOP('',(#9829,#9830,#9831,#9832));
#1325=EDGE_LOOP('',(#9833,#9834,#9835,#9836));
#1326=EDGE_LOOP('',(#9837,#9838,#9839,#9840));
#1327=EDGE_LOOP('',(#9841,#9842,#9843,#9844));
#1328=EDGE_LOOP('',(#9845,#9846,#9847,#9848));
#1329=EDGE_LOOP('',(#9849,#9850,#9851,#9852));
#1330=EDGE_LOOP('',(#9853,#9854,#9855,#9856,#9857,#9858));
#1331=EDGE_LOOP('',(#9859,#9860,#9861,#9862,#9863));
#1332=EDGE_LOOP('',(#9864,#9865,#9866,#9867));
#1333=EDGE_LOOP('',(#9868,#9869,#9870,#9871));
#1334=EDGE_LOOP('',(#9872,#9873,#9874,#9875,#9876,#9877,#9878,#9879,#9880,
#9881));
#1335=EDGE_LOOP('',(#9882,#9883,#9884,#9885));
#1336=EDGE_LOOP('',(#9886,#9887,#9888,#9889));
#1337=EDGE_LOOP('',(#9890,#9891,#9892,#9893));
#1338=EDGE_LOOP('',(#9894,#9895,#9896,#9897,#9898,#9899));
#1339=EDGE_LOOP('',(#9900,#9901,#9902,#9903));
#1340=EDGE_LOOP('',(#9904,#9905,#9906,#9907,#9908,#9909,#9910,#9911,#9912));
#1341=EDGE_LOOP('',(#9913,#9914,#9915,#9916));
#1342=EDGE_LOOP('',(#9917,#9918,#9919,#9920));
#1343=EDGE_LOOP('',(#9921,#9922,#9923,#9924));
#1344=EDGE_LOOP('',(#9925,#9926,#9927,#9928));
#1345=EDGE_LOOP('',(#9929,#9930,#9931,#9932));
#1346=EDGE_LOOP('',(#9933,#9934,#9935,#9936));
#1347=EDGE_LOOP('',(#9937,#9938,#9939,#9940));
#1348=EDGE_LOOP('',(#9941,#9942,#9943,#9944));
#1349=EDGE_LOOP('',(#9945,#9946,#9947,#9948));
#1350=EDGE_LOOP('',(#9949,#9950,#9951,#9952));
#1351=EDGE_LOOP('',(#9953,#9954,#9955,#9956));
#1352=EDGE_LOOP('',(#9957,#9958,#9959,#9960,#9961,#9962));
#1353=EDGE_LOOP('',(#9963,#9964,#9965,#9966));
#1354=EDGE_LOOP('',(#9967,#9968,#9969,#9970,#9971));
#1355=EDGE_LOOP('',(#9972,#9973,#9974,#9975,#9976,#9977,#9978));
#1356=EDGE_LOOP('',(#9979,#9980,#9981,#9982));
#1357=EDGE_LOOP('',(#9983,#9984,#9985,#9986,#9987,#9988,#9989));
#1358=EDGE_LOOP('',(#9990,#9991,#9992,#9993));
#1359=EDGE_LOOP('',(#9994,#9995,#9996,#9997,#9998,#9999));
#1360=EDGE_LOOP('',(#10000,#10001,#10002,#10003,#10004));
#1361=EDGE_LOOP('',(#10005,#10006,#10007,#10008));
#1362=EDGE_LOOP('',(#10009,#10010,#10011));
#1363=EDGE_LOOP('',(#10012,#10013,#10014,#10015));
#1364=EDGE_LOOP('',(#10016,#10017,#10018,#10019,#10020,#10021,#10022,#10023,
#10024,#10025));
#1365=LINE('',#15394,#2886);
#1366=LINE('',#15396,#2887);
#1367=LINE('',#15398,#2888);
#1368=LINE('',#15400,#2889);
#1369=LINE('',#15401,#2890);
#1370=LINE('',#15404,#2891);
#1371=LINE('',#15406,#2892);
#1372=LINE('',#15408,#2893);
#1373=LINE('',#15409,#2894);
#1374=LINE('',#15413,#2895);
#1375=LINE('',#15415,#2896);
#1376=LINE('',#15417,#2897);
#1377=LINE('',#15418,#2898);
#1378=LINE('',#15421,#2899);
#1379=LINE('',#15423,#2900);
#1380=LINE('',#15425,#2901);
#1381=LINE('',#15426,#2902);
#1382=LINE('',#15429,#2903);
#1383=LINE('',#15431,#2904);
#1384=LINE('',#15433,#2905);
#1385=LINE('',#15434,#2906);
#1386=LINE('',#15437,#2907);
#1387=LINE('',#15439,#2908);
#1388=LINE('',#15441,#2909);
#1389=LINE('',#15442,#2910);
#1390=LINE('',#15445,#2911);
#1391=LINE('',#15447,#2912);
#1392=LINE('',#15449,#2913);
#1393=LINE('',#15450,#2914);
#1394=LINE('',#15453,#2915);
#1395=LINE('',#15455,#2916);
#1396=LINE('',#15457,#2917);
#1397=LINE('',#15458,#2918);
#1398=LINE('',#15461,#2919);
#1399=LINE('',#15463,#2920);
#1400=LINE('',#15465,#2921);
#1401=LINE('',#15466,#2922);
#1402=LINE('',#15469,#2923);
#1403=LINE('',#15471,#2924);
#1404=LINE('',#15473,#2925);
#1405=LINE('',#15474,#2926);
#1406=LINE('',#15477,#2927);
#1407=LINE('',#15479,#2928);
#1408=LINE('',#15481,#2929);
#1409=LINE('',#15482,#2930);
#1410=LINE('',#15485,#2931);
#1411=LINE('',#15487,#2932);
#1412=LINE('',#15489,#2933);
#1413=LINE('',#15490,#2934);
#1414=LINE('',#15493,#2935);
#1415=LINE('',#15495,#2936);
#1416=LINE('',#15497,#2937);
#1417=LINE('',#15499,#2938);
#1418=LINE('',#15501,#2939);
#1419=LINE('',#15503,#2940);
#1420=LINE('',#15505,#2941);
#1421=LINE('',#15507,#2942);
#1422=LINE('',#15509,#2943);
#1423=LINE('',#15511,#2944);
#1424=LINE('',#15513,#2945);
#1425=LINE('',#15515,#2946);
#1426=LINE('',#15517,#2947);
#1427=LINE('',#15519,#2948);
#1428=LINE('',#15521,#2949);
#1429=LINE('',#15523,#2950);
#1430=LINE('',#15525,#2951);
#1431=LINE('',#15527,#2952);
#1432=LINE('',#15529,#2953);
#1433=LINE('',#15531,#2954);
#1434=LINE('',#15533,#2955);
#1435=LINE('',#15535,#2956);
#1436=LINE('',#15537,#2957);
#1437=LINE('',#15539,#2958);
#1438=LINE('',#15541,#2959);
#1439=LINE('',#15543,#2960);
#1440=LINE('',#15545,#2961);
#1441=LINE('',#15547,#2962);
#1442=LINE('',#15549,#2963);
#1443=LINE('',#15551,#2964);
#1444=LINE('',#15553,#2965);
#1445=LINE('',#15555,#2966);
#1446=LINE('',#15557,#2967);
#1447=LINE('',#15559,#2968);
#1448=LINE('',#15561,#2969);
#1449=LINE('',#15563,#2970);
#1450=LINE('',#15565,#2971);
#1451=LINE('',#15567,#2972);
#1452=LINE('',#15569,#2973);
#1453=LINE('',#15571,#2974);
#1454=LINE('',#15573,#2975);
#1455=LINE('',#15575,#2976);
#1456=LINE('',#15577,#2977);
#1457=LINE('',#15578,#2978);
#1458=LINE('',#15581,#2979);
#1459=LINE('',#15583,#2980);
#1460=LINE('',#15585,#2981);
#1461=LINE('',#15586,#2982);
#1462=LINE('',#15589,#2983);
#1463=LINE('',#15591,#2984);
#1464=LINE('',#15593,#2985);
#1465=LINE('',#15595,#2986);
#1466=LINE('',#15597,#2987);
#1467=LINE('',#15599,#2988);
#1468=LINE('',#15601,#2989);
#1469=LINE('',#15603,#2990);
#1470=LINE('',#15605,#2991);
#1471=LINE('',#15607,#2992);
#1472=LINE('',#15609,#2993);
#1473=LINE('',#15611,#2994);
#1474=LINE('',#15613,#2995);
#1475=LINE('',#15615,#2996);
#1476=LINE('',#15617,#2997);
#1477=LINE('',#15619,#2998);
#1478=LINE('',#15621,#2999);
#1479=LINE('',#15623,#3000);
#1480=LINE('',#15625,#3001);
#1481=LINE('',#15627,#3002);
#1482=LINE('',#15629,#3003);
#1483=LINE('',#15631,#3004);
#1484=LINE('',#15633,#3005);
#1485=LINE('',#15635,#3006);
#1486=LINE('',#15637,#3007);
#1487=LINE('',#15639,#3008);
#1488=LINE('',#15641,#3009);
#1489=LINE('',#15643,#3010);
#1490=LINE('',#15645,#3011);
#1491=LINE('',#15647,#3012);
#1492=LINE('',#15649,#3013);
#1493=LINE('',#15651,#3014);
#1494=LINE('',#15653,#3015);
#1495=LINE('',#15655,#3016);
#1496=LINE('',#15657,#3017);
#1497=LINE('',#15659,#3018);
#1498=LINE('',#15661,#3019);
#1499=LINE('',#15663,#3020);
#1500=LINE('',#15665,#3021);
#1501=LINE('',#15667,#3022);
#1502=LINE('',#15669,#3023);
#1503=LINE('',#15671,#3024);
#1504=LINE('',#15673,#3025);
#1505=LINE('',#15674,#3026);
#1506=LINE('',#15677,#3027);
#1507=LINE('',#15679,#3028);
#1508=LINE('',#15681,#3029);
#1509=LINE('',#15682,#3030);
#1510=LINE('',#15685,#3031);
#1511=LINE('',#15687,#3032);
#1512=LINE('',#15689,#3033);
#1513=LINE('',#15690,#3034);
#1514=LINE('',#15693,#3035);
#1515=LINE('',#15695,#3036);
#1516=LINE('',#15697,#3037);
#1517=LINE('',#15698,#3038);
#1518=LINE('',#15701,#3039);
#1519=LINE('',#15703,#3040);
#1520=LINE('',#15705,#3041);
#1521=LINE('',#15707,#3042);
#1522=LINE('',#15709,#3043);
#1523=LINE('',#15711,#3044);
#1524=LINE('',#15713,#3045);
#1525=LINE('',#15715,#3046);
#1526=LINE('',#15717,#3047);
#1527=LINE('',#15719,#3048);
#1528=LINE('',#15721,#3049);
#1529=LINE('',#15723,#3050);
#1530=LINE('',#15725,#3051);
#1531=LINE('',#15727,#3052);
#1532=LINE('',#15729,#3053);
#1533=LINE('',#15731,#3054);
#1534=LINE('',#15733,#3055);
#1535=LINE('',#15735,#3056);
#1536=LINE('',#15737,#3057);
#1537=LINE('',#15739,#3058);
#1538=LINE('',#15741,#3059);
#1539=LINE('',#15743,#3060);
#1540=LINE('',#15745,#3061);
#1541=LINE('',#15747,#3062);
#1542=LINE('',#15749,#3063);
#1543=LINE('',#15751,#3064);
#1544=LINE('',#15753,#3065);
#1545=LINE('',#15755,#3066);
#1546=LINE('',#15757,#3067);
#1547=LINE('',#15759,#3068);
#1548=LINE('',#15761,#3069);
#1549=LINE('',#15763,#3070);
#1550=LINE('',#15765,#3071);
#1551=LINE('',#15767,#3072);
#1552=LINE('',#15769,#3073);
#1553=LINE('',#15771,#3074);
#1554=LINE('',#15773,#3075);
#1555=LINE('',#15775,#3076);
#1556=LINE('',#15777,#3077);
#1557=LINE('',#15779,#3078);
#1558=LINE('',#15781,#3079);
#1559=LINE('',#15783,#3080);
#1560=LINE('',#15785,#3081);
#1561=LINE('',#15786,#3082);
#1562=LINE('',#15789,#3083);
#1563=LINE('',#15791,#3084);
#1564=LINE('',#15793,#3085);
#1565=LINE('',#15794,#3086);
#1566=LINE('',#15797,#3087);
#1567=LINE('',#15799,#3088);
#1568=LINE('',#15801,#3089);
#1569=LINE('',#15802,#3090);
#1570=LINE('',#15805,#3091);
#1571=LINE('',#15807,#3092);
#1572=LINE('',#15809,#3093);
#1573=LINE('',#15810,#3094);
#1574=LINE('',#15813,#3095);
#1575=LINE('',#15815,#3096);
#1576=LINE('',#15817,#3097);
#1577=LINE('',#15818,#3098);
#1578=LINE('',#15821,#3099);
#1579=LINE('',#15823,#3100);
#1580=LINE('',#15825,#3101);
#1581=LINE('',#15826,#3102);
#1582=LINE('',#15829,#3103);
#1583=LINE('',#15831,#3104);
#1584=LINE('',#15833,#3105);
#1585=LINE('',#15834,#3106);
#1586=LINE('',#15837,#3107);
#1587=LINE('',#15839,#3108);
#1588=LINE('',#15841,#3109);
#1589=LINE('',#15842,#3110);
#1590=LINE('',#15845,#3111);
#1591=LINE('',#15847,#3112);
#1592=LINE('',#15849,#3113);
#1593=LINE('',#15850,#3114);
#1594=LINE('',#15853,#3115);
#1595=LINE('',#15855,#3116);
#1596=LINE('',#15857,#3117);
#1597=LINE('',#15858,#3118);
#1598=LINE('',#15861,#3119);
#1599=LINE('',#15863,#3120);
#1600=LINE('',#15865,#3121);
#1601=LINE('',#15866,#3122);
#1602=LINE('',#15869,#3123);
#1603=LINE('',#15871,#3124);
#1604=LINE('',#15873,#3125);
#1605=LINE('',#15874,#3126);
#1606=LINE('',#15877,#3127);
#1607=LINE('',#15879,#3128);
#1608=LINE('',#15881,#3129);
#1609=LINE('',#15882,#3130);
#1610=LINE('',#15885,#3131);
#1611=LINE('',#15887,#3132);
#1612=LINE('',#15889,#3133);
#1613=LINE('',#15890,#3134);
#1614=LINE('',#15893,#3135);
#1615=LINE('',#15895,#3136);
#1616=LINE('',#15897,#3137);
#1617=LINE('',#15898,#3138);
#1618=LINE('',#15901,#3139);
#1619=LINE('',#15903,#3140);
#1620=LINE('',#15905,#3141);
#1621=LINE('',#15906,#3142);
#1622=LINE('',#15909,#3143);
#1623=LINE('',#15911,#3144);
#1624=LINE('',#15913,#3145);
#1625=LINE('',#15914,#3146);
#1626=LINE('',#15917,#3147);
#1627=LINE('',#15919,#3148);
#1628=LINE('',#15921,#3149);
#1629=LINE('',#15922,#3150);
#1630=LINE('',#15925,#3151);
#1631=LINE('',#15927,#3152);
#1632=LINE('',#15929,#3153);
#1633=LINE('',#15930,#3154);
#1634=LINE('',#15933,#3155);
#1635=LINE('',#15935,#3156);
#1636=LINE('',#15937,#3157);
#1637=LINE('',#15938,#3158);
#1638=LINE('',#15941,#3159);
#1639=LINE('',#15943,#3160);
#1640=LINE('',#15945,#3161);
#1641=LINE('',#15946,#3162);
#1642=LINE('',#15949,#3163);
#1643=LINE('',#15951,#3164);
#1644=LINE('',#15953,#3165);
#1645=LINE('',#15954,#3166);
#1646=LINE('',#15957,#3167);
#1647=LINE('',#15959,#3168);
#1648=LINE('',#15961,#3169);
#1649=LINE('',#15962,#3170);
#1650=LINE('',#15965,#3171);
#1651=LINE('',#15967,#3172);
#1652=LINE('',#15969,#3173);
#1653=LINE('',#15970,#3174);
#1654=LINE('',#15973,#3175);
#1655=LINE('',#15975,#3176);
#1656=LINE('',#15977,#3177);
#1657=LINE('',#15978,#3178);
#1658=LINE('',#15981,#3179);
#1659=LINE('',#15983,#3180);
#1660=LINE('',#15985,#3181);
#1661=LINE('',#15986,#3182);
#1662=LINE('',#15989,#3183);
#1663=LINE('',#15991,#3184);
#1664=LINE('',#15993,#3185);
#1665=LINE('',#15994,#3186);
#1666=LINE('',#15997,#3187);
#1667=LINE('',#15999,#3188);
#1668=LINE('',#16001,#3189);
#1669=LINE('',#16002,#3190);
#1670=LINE('',#16005,#3191);
#1671=LINE('',#16007,#3192);
#1672=LINE('',#16009,#3193);
#1673=LINE('',#16010,#3194);
#1674=LINE('',#16013,#3195);
#1675=LINE('',#16015,#3196);
#1676=LINE('',#16017,#3197);
#1677=LINE('',#16018,#3198);
#1678=LINE('',#16021,#3199);
#1679=LINE('',#16023,#3200);
#1680=LINE('',#16025,#3201);
#1681=LINE('',#16026,#3202);
#1682=LINE('',#16029,#3203);
#1683=LINE('',#16031,#3204);
#1684=LINE('',#16033,#3205);
#1685=LINE('',#16034,#3206);
#1686=LINE('',#16037,#3207);
#1687=LINE('',#16039,#3208);
#1688=LINE('',#16041,#3209);
#1689=LINE('',#16042,#3210);
#1690=LINE('',#16045,#3211);
#1691=LINE('',#16047,#3212);
#1692=LINE('',#16049,#3213);
#1693=LINE('',#16050,#3214);
#1694=LINE('',#16053,#3215);
#1695=LINE('',#16055,#3216);
#1696=LINE('',#16057,#3217);
#1697=LINE('',#16058,#3218);
#1698=LINE('',#16061,#3219);
#1699=LINE('',#16063,#3220);
#1700=LINE('',#16065,#3221);
#1701=LINE('',#16066,#3222);
#1702=LINE('',#16069,#3223);
#1703=LINE('',#16071,#3224);
#1704=LINE('',#16073,#3225);
#1705=LINE('',#16074,#3226);
#1706=LINE('',#16077,#3227);
#1707=LINE('',#16079,#3228);
#1708=LINE('',#16081,#3229);
#1709=LINE('',#16082,#3230);
#1710=LINE('',#16085,#3231);
#1711=LINE('',#16087,#3232);
#1712=LINE('',#16089,#3233);
#1713=LINE('',#16090,#3234);
#1714=LINE('',#16093,#3235);
#1715=LINE('',#16095,#3236);
#1716=LINE('',#16097,#3237);
#1717=LINE('',#16098,#3238);
#1718=LINE('',#16101,#3239);
#1719=LINE('',#16103,#3240);
#1720=LINE('',#16105,#3241);
#1721=LINE('',#16107,#3242);
#1722=LINE('',#16109,#3243);
#1723=LINE('',#16111,#3244);
#1724=LINE('',#16113,#3245);
#1725=LINE('',#16115,#3246);
#1726=LINE('',#16117,#3247);
#1727=LINE('',#16119,#3248);
#1728=LINE('',#16121,#3249);
#1729=LINE('',#16123,#3250);
#1730=LINE('',#16125,#3251);
#1731=LINE('',#16127,#3252);
#1732=LINE('',#16129,#3253);
#1733=LINE('',#16131,#3254);
#1734=LINE('',#16133,#3255);
#1735=LINE('',#16135,#3256);
#1736=LINE('',#16137,#3257);
#1737=LINE('',#16139,#3258);
#1738=LINE('',#16141,#3259);
#1739=LINE('',#16143,#3260);
#1740=LINE('',#16145,#3261);
#1741=LINE('',#16147,#3262);
#1742=LINE('',#16149,#3263);
#1743=LINE('',#16151,#3264);
#1744=LINE('',#16153,#3265);
#1745=LINE('',#16155,#3266);
#1746=LINE('',#16157,#3267);
#1747=LINE('',#16159,#3268);
#1748=LINE('',#16161,#3269);
#1749=LINE('',#16163,#3270);
#1750=LINE('',#16165,#3271);
#1751=LINE('',#16167,#3272);
#1752=LINE('',#16169,#3273);
#1753=LINE('',#16171,#3274);
#1754=LINE('',#16173,#3275);
#1755=LINE('',#16175,#3276);
#1756=LINE('',#16177,#3277);
#1757=LINE('',#16179,#3278);
#1758=LINE('',#16181,#3279);
#1759=LINE('',#16183,#3280);
#1760=LINE('',#16185,#3281);
#1761=LINE('',#16186,#3282);
#1762=LINE('',#16189,#3283);
#1763=LINE('',#16191,#3284);
#1764=LINE('',#16193,#3285);
#1765=LINE('',#16194,#3286);
#1766=LINE('',#16197,#3287);
#1767=LINE('',#16199,#3288);
#1768=LINE('',#16201,#3289);
#1769=LINE('',#16202,#3290);
#1770=LINE('',#16205,#3291);
#1771=LINE('',#16207,#3292);
#1772=LINE('',#16209,#3293);
#1773=LINE('',#16210,#3294);
#1774=LINE('',#16213,#3295);
#1775=LINE('',#16215,#3296);
#1776=LINE('',#16217,#3297);
#1777=LINE('',#16218,#3298);
#1778=LINE('',#16221,#3299);
#1779=LINE('',#16223,#3300);
#1780=LINE('',#16225,#3301);
#1781=LINE('',#16226,#3302);
#1782=LINE('',#16229,#3303);
#1783=LINE('',#16231,#3304);
#1784=LINE('',#16233,#3305);
#1785=LINE('',#16234,#3306);
#1786=LINE('',#16236,#3307);
#1787=LINE('',#16237,#3308);
#1788=LINE('',#16243,#3309);
#1789=LINE('',#16246,#3310);
#1790=LINE('',#16252,#3311);
#1791=LINE('',#16255,#3312);
#1792=LINE('',#16258,#3313);
#1793=LINE('',#16260,#3314);
#1794=LINE('',#16261,#3315);
#1795=LINE('',#16264,#3316);
#1796=LINE('',#16266,#3317);
#1797=LINE('',#16267,#3318);
#1798=LINE('',#16270,#3319);
#1799=LINE('',#16271,#3320);
#1800=LINE('',#16274,#3321);
#1801=LINE('',#16275,#3322);
#1802=LINE('',#16277,#3323);
#1803=LINE('',#16280,#3324);
#1804=LINE('',#16282,#3325);
#1805=LINE('',#16283,#3326);
#1806=LINE('',#16286,#3327);
#1807=LINE('',#16287,#3328);
#1808=LINE('',#16290,#3329);
#1809=LINE('',#16291,#3330);
#1810=LINE('',#16293,#3331);
#1811=LINE('',#16296,#3332);
#1812=LINE('',#16298,#3333);
#1813=LINE('',#16299,#3334);
#1814=LINE('',#16302,#3335);
#1815=LINE('',#16303,#3336);
#1816=LINE('',#16306,#3337);
#1817=LINE('',#16307,#3338);
#1818=LINE('',#16309,#3339);
#1819=LINE('',#16312,#3340);
#1820=LINE('',#16314,#3341);
#1821=LINE('',#16315,#3342);
#1822=LINE('',#16318,#3343);
#1823=LINE('',#16319,#3344);
#1824=LINE('',#16322,#3345);
#1825=LINE('',#16323,#3346);
#1826=LINE('',#16325,#3347);
#1827=LINE('',#16328,#3348);
#1828=LINE('',#16330,#3349);
#1829=LINE('',#16331,#3350);
#1830=LINE('',#16334,#3351);
#1831=LINE('',#16335,#3352);
#1832=LINE('',#16338,#3353);
#1833=LINE('',#16339,#3354);
#1834=LINE('',#16341,#3355);
#1835=LINE('',#16344,#3356);
#1836=LINE('',#16346,#3357);
#1837=LINE('',#16347,#3358);
#1838=LINE('',#16350,#3359);
#1839=LINE('',#16351,#3360);
#1840=LINE('',#16354,#3361);
#1841=LINE('',#16355,#3362);
#1842=LINE('',#16357,#3363);
#1843=LINE('',#16360,#3364);
#1844=LINE('',#16362,#3365);
#1845=LINE('',#16363,#3366);
#1846=LINE('',#16366,#3367);
#1847=LINE('',#16367,#3368);
#1848=LINE('',#16370,#3369);
#1849=LINE('',#16371,#3370);
#1850=LINE('',#16374,#3371);
#1851=LINE('',#16375,#3372);
#1852=LINE('',#16378,#3373);
#1853=LINE('',#16379,#3374);
#1854=LINE('',#16382,#3375);
#1855=LINE('',#16383,#3376);
#1856=LINE('',#16386,#3377);
#1857=LINE('',#16387,#3378);
#1858=LINE('',#16390,#3379);
#1859=LINE('',#16391,#3380);
#1860=LINE('',#16394,#3381);
#1861=LINE('',#16395,#3382);
#1862=LINE('',#16398,#3383);
#1863=LINE('',#16399,#3384);
#1864=LINE('',#16402,#3385);
#1865=LINE('',#16403,#3386);
#1866=LINE('',#16406,#3387);
#1867=LINE('',#16407,#3388);
#1868=LINE('',#16410,#3389);
#1869=LINE('',#16411,#3390);
#1870=LINE('',#16414,#3391);
#1871=LINE('',#16415,#3392);
#1872=LINE('',#16418,#3393);
#1873=LINE('',#16419,#3394);
#1874=LINE('',#16422,#3395);
#1875=LINE('',#16423,#3396);
#1876=LINE('',#16426,#3397);
#1877=LINE('',#16427,#3398);
#1878=LINE('',#16430,#3399);
#1879=LINE('',#16431,#3400);
#1880=LINE('',#16434,#3401);
#1881=LINE('',#16435,#3402);
#1882=LINE('',#16438,#3403);
#1883=LINE('',#16439,#3404);
#1884=LINE('',#16442,#3405);
#1885=LINE('',#16443,#3406);
#1886=LINE('',#16446,#3407);
#1887=LINE('',#16447,#3408);
#1888=LINE('',#16450,#3409);
#1889=LINE('',#16451,#3410);
#1890=LINE('',#16454,#3411);
#1891=LINE('',#16455,#3412);
#1892=LINE('',#16458,#3413);
#1893=LINE('',#16459,#3414);
#1894=LINE('',#16462,#3415);
#1895=LINE('',#16463,#3416);
#1896=LINE('',#16466,#3417);
#1897=LINE('',#16467,#3418);
#1898=LINE('',#16470,#3419);
#1899=LINE('',#16471,#3420);
#1900=LINE('',#16474,#3421);
#1901=LINE('',#16475,#3422);
#1902=LINE('',#16478,#3423);
#1903=LINE('',#16479,#3424);
#1904=LINE('',#16482,#3425);
#1905=LINE('',#16483,#3426);
#1906=LINE('',#16486,#3427);
#1907=LINE('',#16487,#3428);
#1908=LINE('',#16490,#3429);
#1909=LINE('',#16491,#3430);
#1910=LINE('',#16494,#3431);
#1911=LINE('',#16495,#3432);
#1912=LINE('',#16498,#3433);
#1913=LINE('',#16499,#3434);
#1914=LINE('',#16502,#3435);
#1915=LINE('',#16503,#3436);
#1916=LINE('',#16506,#3437);
#1917=LINE('',#16507,#3438);
#1918=LINE('',#16510,#3439);
#1919=LINE('',#16511,#3440);
#1920=LINE('',#16514,#3441);
#1921=LINE('',#16515,#3442);
#1922=LINE('',#16518,#3443);
#1923=LINE('',#16519,#3444);
#1924=LINE('',#16522,#3445);
#1925=LINE('',#16523,#3446);
#1926=LINE('',#16526,#3447);
#1927=LINE('',#16527,#3448);
#1928=LINE('',#16530,#3449);
#1929=LINE('',#16531,#3450);
#1930=LINE('',#16533,#3451);
#1931=LINE('',#16536,#3452);
#1932=LINE('',#16538,#3453);
#1933=LINE('',#16539,#3454);
#1934=LINE('',#16542,#3455);
#1935=LINE('',#16543,#3456);
#1936=LINE('',#16546,#3457);
#1937=LINE('',#16547,#3458);
#1938=LINE('',#16549,#3459);
#1939=LINE('',#16552,#3460);
#1940=LINE('',#16554,#3461);
#1941=LINE('',#16555,#3462);
#1942=LINE('',#16558,#3463);
#1943=LINE('',#16559,#3464);
#1944=LINE('',#16562,#3465);
#1945=LINE('',#16563,#3466);
#1946=LINE('',#16565,#3467);
#1947=LINE('',#16568,#3468);
#1948=LINE('',#16570,#3469);
#1949=LINE('',#16571,#3470);
#1950=LINE('',#16574,#3471);
#1951=LINE('',#16575,#3472);
#1952=LINE('',#16578,#3473);
#1953=LINE('',#16579,#3474);
#1954=LINE('',#16581,#3475);
#1955=LINE('',#16584,#3476);
#1956=LINE('',#16586,#3477);
#1957=LINE('',#16587,#3478);
#1958=LINE('',#16590,#3479);
#1959=LINE('',#16591,#3480);
#1960=LINE('',#16594,#3481);
#1961=LINE('',#16595,#3482);
#1962=LINE('',#16597,#3483);
#1963=LINE('',#16600,#3484);
#1964=LINE('',#16602,#3485);
#1965=LINE('',#16603,#3486);
#1966=LINE('',#16606,#3487);
#1967=LINE('',#16607,#3488);
#1968=LINE('',#16610,#3489);
#1969=LINE('',#16611,#3490);
#1970=LINE('',#16613,#3491);
#1971=LINE('',#16616,#3492);
#1972=LINE('',#16618,#3493);
#1973=LINE('',#16619,#3494);
#1974=LINE('',#16622,#3495);
#1975=LINE('',#16623,#3496);
#1976=LINE('',#16626,#3497);
#1977=LINE('',#16627,#3498);
#1978=LINE('',#16629,#3499);
#1979=LINE('',#16632,#3500);
#1980=LINE('',#16634,#3501);
#1981=LINE('',#16635,#3502);
#1982=LINE('',#16638,#3503);
#1983=LINE('',#16639,#3504);
#1984=LINE('',#16642,#3505);
#1985=LINE('',#16643,#3506);
#1986=LINE('',#16645,#3507);
#1987=LINE('',#16648,#3508);
#1988=LINE('',#16650,#3509);
#1989=LINE('',#16651,#3510);
#1990=LINE('',#16654,#3511);
#1991=LINE('',#16655,#3512);
#1992=LINE('',#16658,#3513);
#1993=LINE('',#16659,#3514);
#1994=LINE('',#16661,#3515);
#1995=LINE('',#16664,#3516);
#1996=LINE('',#16666,#3517);
#1997=LINE('',#16667,#3518);
#1998=LINE('',#16670,#3519);
#1999=LINE('',#16671,#3520);
#2000=LINE('',#16674,#3521);
#2001=LINE('',#16675,#3522);
#2002=LINE('',#16677,#3523);
#2003=LINE('',#16680,#3524);
#2004=LINE('',#16682,#3525);
#2005=LINE('',#16683,#3526);
#2006=LINE('',#16686,#3527);
#2007=LINE('',#16687,#3528);
#2008=LINE('',#16690,#3529);
#2009=LINE('',#16691,#3530);
#2010=LINE('',#16693,#3531);
#2011=LINE('',#16696,#3532);
#2012=LINE('',#16698,#3533);
#2013=LINE('',#16699,#3534);
#2014=LINE('',#16702,#3535);
#2015=LINE('',#16703,#3536);
#2016=LINE('',#16706,#3537);
#2017=LINE('',#16707,#3538);
#2018=LINE('',#16709,#3539);
#2019=LINE('',#16712,#3540);
#2020=LINE('',#16714,#3541);
#2021=LINE('',#16715,#3542);
#2022=LINE('',#16718,#3543);
#2023=LINE('',#16719,#3544);
#2024=LINE('',#16722,#3545);
#2025=LINE('',#16723,#3546);
#2026=LINE('',#16725,#3547);
#2027=LINE('',#16728,#3548);
#2028=LINE('',#16730,#3549);
#2029=LINE('',#16731,#3550);
#2030=LINE('',#16734,#3551);
#2031=LINE('',#16735,#3552);
#2032=LINE('',#16738,#3553);
#2033=LINE('',#16739,#3554);
#2034=LINE('',#16741,#3555);
#2035=LINE('',#16744,#3556);
#2036=LINE('',#16746,#3557);
#2037=LINE('',#16747,#3558);
#2038=LINE('',#16750,#3559);
#2039=LINE('',#16751,#3560);
#2040=LINE('',#16754,#3561);
#2041=LINE('',#16755,#3562);
#2042=LINE('',#16757,#3563);
#2043=LINE('',#16760,#3564);
#2044=LINE('',#16762,#3565);
#2045=LINE('',#16763,#3566);
#2046=LINE('',#16766,#3567);
#2047=LINE('',#16767,#3568);
#2048=LINE('',#16770,#3569);
#2049=LINE('',#16771,#3570);
#2050=LINE('',#16773,#3571);
#2051=LINE('',#16776,#3572);
#2052=LINE('',#16778,#3573);
#2053=LINE('',#16779,#3574);
#2054=LINE('',#16782,#3575);
#2055=LINE('',#16783,#3576);
#2056=LINE('',#16786,#3577);
#2057=LINE('',#16787,#3578);
#2058=LINE('',#16789,#3579);
#2059=LINE('',#16792,#3580);
#2060=LINE('',#16794,#3581);
#2061=LINE('',#16795,#3582);
#2062=LINE('',#16798,#3583);
#2063=LINE('',#16799,#3584);
#2064=LINE('',#16802,#3585);
#2065=LINE('',#16803,#3586);
#2066=LINE('',#16805,#3587);
#2067=LINE('',#16808,#3588);
#2068=LINE('',#16810,#3589);
#2069=LINE('',#16811,#3590);
#2070=LINE('',#16814,#3591);
#2071=LINE('',#16815,#3592);
#2072=LINE('',#16818,#3593);
#2073=LINE('',#16819,#3594);
#2074=LINE('',#16821,#3595);
#2075=LINE('',#16824,#3596);
#2076=LINE('',#16826,#3597);
#2077=LINE('',#16827,#3598);
#2078=LINE('',#16830,#3599);
#2079=LINE('',#16831,#3600);
#2080=LINE('',#16834,#3601);
#2081=LINE('',#16835,#3602);
#2082=LINE('',#16837,#3603);
#2083=LINE('',#16840,#3604);
#2084=LINE('',#16842,#3605);
#2085=LINE('',#16843,#3606);
#2086=LINE('',#16846,#3607);
#2087=LINE('',#16847,#3608);
#2088=LINE('',#16850,#3609);
#2089=LINE('',#16851,#3610);
#2090=LINE('',#16853,#3611);
#2091=LINE('',#16856,#3612);
#2092=LINE('',#16858,#3613);
#2093=LINE('',#16859,#3614);
#2094=LINE('',#16862,#3615);
#2095=LINE('',#16863,#3616);
#2096=LINE('',#16866,#3617);
#2097=LINE('',#16867,#3618);
#2098=LINE('',#16869,#3619);
#2099=LINE('',#16872,#3620);
#2100=LINE('',#16874,#3621);
#2101=LINE('',#16875,#3622);
#2102=LINE('',#16878,#3623);
#2103=LINE('',#16879,#3624);
#2104=LINE('',#16882,#3625);
#2105=LINE('',#16883,#3626);
#2106=LINE('',#16885,#3627);
#2107=LINE('',#16888,#3628);
#2108=LINE('',#16890,#3629);
#2109=LINE('',#16891,#3630);
#2110=LINE('',#16894,#3631);
#2111=LINE('',#16895,#3632);
#2112=LINE('',#16898,#3633);
#2113=LINE('',#16899,#3634);
#2114=LINE('',#16901,#3635);
#2115=LINE('',#16904,#3636);
#2116=LINE('',#16906,#3637);
#2117=LINE('',#16907,#3638);
#2118=LINE('',#16910,#3639);
#2119=LINE('',#16911,#3640);
#2120=LINE('',#16914,#3641);
#2121=LINE('',#16915,#3642);
#2122=LINE('',#16917,#3643);
#2123=LINE('',#16920,#3644);
#2124=LINE('',#16922,#3645);
#2125=LINE('',#16923,#3646);
#2126=LINE('',#16926,#3647);
#2127=LINE('',#16927,#3648);
#2128=LINE('',#16930,#3649);
#2129=LINE('',#16931,#3650);
#2130=LINE('',#16933,#3651);
#2131=LINE('',#16936,#3652);
#2132=LINE('',#16938,#3653);
#2133=LINE('',#16939,#3654);
#2134=LINE('',#16942,#3655);
#2135=LINE('',#16943,#3656);
#2136=LINE('',#16946,#3657);
#2137=LINE('',#16947,#3658);
#2138=LINE('',#16949,#3659);
#2139=LINE('',#16952,#3660);
#2140=LINE('',#16954,#3661);
#2141=LINE('',#16955,#3662);
#2142=LINE('',#16958,#3663);
#2143=LINE('',#16959,#3664);
#2144=LINE('',#16962,#3665);
#2145=LINE('',#16963,#3666);
#2146=LINE('',#16965,#3667);
#2147=LINE('',#16968,#3668);
#2148=LINE('',#16970,#3669);
#2149=LINE('',#16971,#3670);
#2150=LINE('',#16974,#3671);
#2151=LINE('',#16975,#3672);
#2152=LINE('',#16978,#3673);
#2153=LINE('',#16979,#3674);
#2154=LINE('',#16981,#3675);
#2155=LINE('',#16984,#3676);
#2156=LINE('',#16986,#3677);
#2157=LINE('',#16987,#3678);
#2158=LINE('',#16990,#3679);
#2159=LINE('',#16991,#3680);
#2160=LINE('',#16994,#3681);
#2161=LINE('',#16995,#3682);
#2162=LINE('',#16997,#3683);
#2163=LINE('',#17000,#3684);
#2164=LINE('',#17002,#3685);
#2165=LINE('',#17003,#3686);
#2166=LINE('',#17006,#3687);
#2167=LINE('',#17007,#3688);
#2168=LINE('',#17010,#3689);
#2169=LINE('',#17011,#3690);
#2170=LINE('',#17013,#3691);
#2171=LINE('',#17016,#3692);
#2172=LINE('',#17018,#3693);
#2173=LINE('',#17019,#3694);
#2174=LINE('',#17022,#3695);
#2175=LINE('',#17023,#3696);
#2176=LINE('',#17026,#3697);
#2177=LINE('',#17027,#3698);
#2178=LINE('',#17029,#3699);
#2179=LINE('',#17032,#3700);
#2180=LINE('',#17034,#3701);
#2181=LINE('',#17035,#3702);
#2182=LINE('',#17038,#3703);
#2183=LINE('',#17039,#3704);
#2184=LINE('',#17042,#3705);
#2185=LINE('',#17043,#3706);
#2186=LINE('',#17045,#3707);
#2187=LINE('',#17048,#3708);
#2188=LINE('',#17050,#3709);
#2189=LINE('',#17051,#3710);
#2190=LINE('',#17054,#3711);
#2191=LINE('',#17055,#3712);
#2192=LINE('',#17058,#3713);
#2193=LINE('',#17059,#3714);
#2194=LINE('',#17061,#3715);
#2195=LINE('',#17064,#3716);
#2196=LINE('',#17066,#3717);
#2197=LINE('',#17067,#3718);
#2198=LINE('',#17070,#3719);
#2199=LINE('',#17071,#3720);
#2200=LINE('',#17074,#3721);
#2201=LINE('',#17075,#3722);
#2202=LINE('',#17077,#3723);
#2203=LINE('',#17080,#3724);
#2204=LINE('',#17082,#3725);
#2205=LINE('',#17083,#3726);
#2206=LINE('',#17086,#3727);
#2207=LINE('',#17087,#3728);
#2208=LINE('',#17090,#3729);
#2209=LINE('',#17091,#3730);
#2210=LINE('',#17093,#3731);
#2211=LINE('',#17096,#3732);
#2212=LINE('',#17098,#3733);
#2213=LINE('',#17099,#3734);
#2214=LINE('',#17102,#3735);
#2215=LINE('',#17103,#3736);
#2216=LINE('',#17106,#3737);
#2217=LINE('',#17107,#3738);
#2218=LINE('',#17109,#3739);
#2219=LINE('',#17112,#3740);
#2220=LINE('',#17114,#3741);
#2221=LINE('',#17115,#3742);
#2222=LINE('',#17118,#3743);
#2223=LINE('',#17119,#3744);
#2224=LINE('',#17122,#3745);
#2225=LINE('',#17123,#3746);
#2226=LINE('',#17125,#3747);
#2227=LINE('',#17128,#3748);
#2228=LINE('',#17130,#3749);
#2229=LINE('',#17131,#3750);
#2230=LINE('',#17134,#3751);
#2231=LINE('',#17135,#3752);
#2232=LINE('',#17138,#3753);
#2233=LINE('',#17139,#3754);
#2234=LINE('',#17141,#3755);
#2235=LINE('',#17144,#3756);
#2236=LINE('',#17146,#3757);
#2237=LINE('',#17147,#3758);
#2238=LINE('',#17150,#3759);
#2239=LINE('',#17151,#3760);
#2240=LINE('',#17154,#3761);
#2241=LINE('',#17155,#3762);
#2242=LINE('',#17157,#3763);
#2243=LINE('',#17160,#3764);
#2244=LINE('',#17162,#3765);
#2245=LINE('',#17163,#3766);
#2246=LINE('',#17166,#3767);
#2247=LINE('',#17167,#3768);
#2248=LINE('',#17170,#3769);
#2249=LINE('',#17171,#3770);
#2250=LINE('',#17174,#3771);
#2251=LINE('',#17175,#3772);
#2252=LINE('',#17178,#3773);
#2253=LINE('',#17179,#3774);
#2254=LINE('',#17182,#3775);
#2255=LINE('',#17183,#3776);
#2256=LINE('',#17186,#3777);
#2257=LINE('',#17187,#3778);
#2258=LINE('',#17190,#3779);
#2259=LINE('',#17191,#3780);
#2260=LINE('',#17194,#3781);
#2261=LINE('',#17195,#3782);
#2262=LINE('',#17198,#3783);
#2263=LINE('',#17199,#3784);
#2264=LINE('',#17202,#3785);
#2265=LINE('',#17203,#3786);
#2266=LINE('',#17206,#3787);
#2267=LINE('',#17207,#3788);
#2268=LINE('',#17210,#3789);
#2269=LINE('',#17211,#3790);
#2270=LINE('',#17214,#3791);
#2271=LINE('',#17215,#3792);
#2272=LINE('',#17218,#3793);
#2273=LINE('',#17219,#3794);
#2274=LINE('',#17222,#3795);
#2275=LINE('',#17223,#3796);
#2276=LINE('',#17226,#3797);
#2277=LINE('',#17227,#3798);
#2278=LINE('',#17230,#3799);
#2279=LINE('',#17231,#3800);
#2280=LINE('',#17234,#3801);
#2281=LINE('',#17235,#3802);
#2282=LINE('',#17238,#3803);
#2283=LINE('',#17239,#3804);
#2284=LINE('',#17242,#3805);
#2285=LINE('',#17243,#3806);
#2286=LINE('',#17246,#3807);
#2287=LINE('',#17247,#3808);
#2288=LINE('',#17250,#3809);
#2289=LINE('',#17251,#3810);
#2290=LINE('',#17254,#3811);
#2291=LINE('',#17255,#3812);
#2292=LINE('',#17258,#3813);
#2293=LINE('',#17259,#3814);
#2294=LINE('',#17262,#3815);
#2295=LINE('',#17263,#3816);
#2296=LINE('',#17266,#3817);
#2297=LINE('',#17267,#3818);
#2298=LINE('',#17270,#3819);
#2299=LINE('',#17271,#3820);
#2300=LINE('',#17274,#3821);
#2301=LINE('',#17275,#3822);
#2302=LINE('',#17278,#3823);
#2303=LINE('',#17279,#3824);
#2304=LINE('',#17282,#3825);
#2305=LINE('',#17283,#3826);
#2306=LINE('',#17286,#3827);
#2307=LINE('',#17287,#3828);
#2308=LINE('',#17290,#3829);
#2309=LINE('',#17291,#3830);
#2310=LINE('',#17294,#3831);
#2311=LINE('',#17295,#3832);
#2312=LINE('',#17298,#3833);
#2313=LINE('',#17299,#3834);
#2314=LINE('',#17302,#3835);
#2315=LINE('',#17303,#3836);
#2316=LINE('',#17306,#3837);
#2317=LINE('',#17307,#3838);
#2318=LINE('',#17310,#3839);
#2319=LINE('',#17311,#3840);
#2320=LINE('',#17314,#3841);
#2321=LINE('',#17315,#3842);
#2322=LINE('',#17318,#3843);
#2323=LINE('',#17319,#3844);
#2324=LINE('',#17322,#3845);
#2325=LINE('',#17323,#3846);
#2326=LINE('',#17326,#3847);
#2327=LINE('',#17327,#3848);
#2328=LINE('',#17330,#3849);
#2329=LINE('',#17331,#3850);
#2330=LINE('',#17333,#3851);
#2331=LINE('',#17336,#3852);
#2332=LINE('',#17338,#3853);
#2333=LINE('',#17339,#3854);
#2334=LINE('',#17342,#3855);
#2335=LINE('',#17343,#3856);
#2336=LINE('',#17346,#3857);
#2337=LINE('',#17347,#3858);
#2338=LINE('',#17349,#3859);
#2339=LINE('',#17352,#3860);
#2340=LINE('',#17354,#3861);
#2341=LINE('',#17355,#3862);
#2342=LINE('',#17358,#3863);
#2343=LINE('',#17359,#3864);
#2344=LINE('',#17362,#3865);
#2345=LINE('',#17363,#3866);
#2346=LINE('',#17365,#3867);
#2347=LINE('',#17368,#3868);
#2348=LINE('',#17370,#3869);
#2349=LINE('',#17371,#3870);
#2350=LINE('',#17374,#3871);
#2351=LINE('',#17375,#3872);
#2352=LINE('',#17378,#3873);
#2353=LINE('',#17379,#3874);
#2354=LINE('',#17381,#3875);
#2355=LINE('',#17384,#3876);
#2356=LINE('',#17386,#3877);
#2357=LINE('',#17387,#3878);
#2358=LINE('',#17390,#3879);
#2359=LINE('',#17391,#3880);
#2360=LINE('',#17394,#3881);
#2361=LINE('',#17395,#3882);
#2362=LINE('',#17398,#3883);
#2363=LINE('',#17399,#3884);
#2364=LINE('',#17402,#3885);
#2365=LINE('',#17403,#3886);
#2366=LINE('',#17406,#3887);
#2367=LINE('',#17407,#3888);
#2368=LINE('',#17410,#3889);
#2369=LINE('',#17411,#3890);
#2370=LINE('',#17414,#3891);
#2371=LINE('',#17415,#3892);
#2372=LINE('',#17418,#3893);
#2373=LINE('',#17419,#3894);
#2374=LINE('',#17422,#3895);
#2375=LINE('',#17423,#3896);
#2376=LINE('',#17426,#3897);
#2377=LINE('',#17427,#3898);
#2378=LINE('',#17430,#3899);
#2379=LINE('',#17431,#3900);
#2380=LINE('',#17434,#3901);
#2381=LINE('',#17435,#3902);
#2382=LINE('',#17438,#3903);
#2383=LINE('',#17439,#3904);
#2384=LINE('',#17442,#3905);
#2385=LINE('',#17443,#3906);
#2386=LINE('',#17446,#3907);
#2387=LINE('',#17447,#3908);
#2388=LINE('',#17450,#3909);
#2389=LINE('',#17451,#3910);
#2390=LINE('',#17454,#3911);
#2391=LINE('',#17455,#3912);
#2392=LINE('',#17458,#3913);
#2393=LINE('',#17459,#3914);
#2394=LINE('',#17462,#3915);
#2395=LINE('',#17463,#3916);
#2396=LINE('',#17466,#3917);
#2397=LINE('',#17467,#3918);
#2398=LINE('',#17470,#3919);
#2399=LINE('',#17471,#3920);
#2400=LINE('',#17474,#3921);
#2401=LINE('',#17475,#3922);
#2402=LINE('',#17478,#3923);
#2403=LINE('',#17479,#3924);
#2404=LINE('',#17482,#3925);
#2405=LINE('',#17483,#3926);
#2406=LINE('',#17486,#3927);
#2407=LINE('',#17487,#3928);
#2408=LINE('',#17490,#3929);
#2409=LINE('',#17491,#3930);
#2410=LINE('',#17494,#3931);
#2411=LINE('',#17495,#3932);
#2412=LINE('',#17498,#3933);
#2413=LINE('',#17499,#3934);
#2414=LINE('',#17502,#3935);
#2415=LINE('',#17503,#3936);
#2416=LINE('',#17506,#3937);
#2417=LINE('',#17507,#3938);
#2418=LINE('',#17510,#3939);
#2419=LINE('',#17511,#3940);
#2420=LINE('',#17514,#3941);
#2421=LINE('',#17515,#3942);
#2422=LINE('',#17518,#3943);
#2423=LINE('',#17519,#3944);
#2424=LINE('',#17522,#3945);
#2425=LINE('',#17523,#3946);
#2426=LINE('',#17526,#3947);
#2427=LINE('',#17527,#3948);
#2428=LINE('',#17530,#3949);
#2429=LINE('',#17531,#3950);
#2430=LINE('',#17534,#3951);
#2431=LINE('',#17535,#3952);
#2432=LINE('',#17538,#3953);
#2433=LINE('',#17539,#3954);
#2434=LINE('',#17542,#3955);
#2435=LINE('',#17543,#3956);
#2436=LINE('',#17546,#3957);
#2437=LINE('',#17547,#3958);
#2438=LINE('',#17550,#3959);
#2439=LINE('',#17551,#3960);
#2440=LINE('',#17554,#3961);
#2441=LINE('',#17555,#3962);
#2442=LINE('',#17557,#3963);
#2443=LINE('',#17560,#3964);
#2444=LINE('',#17562,#3965);
#2445=LINE('',#17563,#3966);
#2446=LINE('',#17566,#3967);
#2447=LINE('',#17567,#3968);
#2448=LINE('',#17570,#3969);
#2449=LINE('',#17571,#3970);
#2450=LINE('',#17573,#3971);
#2451=LINE('',#17576,#3972);
#2452=LINE('',#17578,#3973);
#2453=LINE('',#17579,#3974);
#2454=LINE('',#17582,#3975);
#2455=LINE('',#17583,#3976);
#2456=LINE('',#17586,#3977);
#2457=LINE('',#17587,#3978);
#2458=LINE('',#17590,#3979);
#2459=LINE('',#17591,#3980);
#2460=LINE('',#17594,#3981);
#2461=LINE('',#17595,#3982);
#2462=LINE('',#17598,#3983);
#2463=LINE('',#17599,#3984);
#2464=LINE('',#17602,#3985);
#2465=LINE('',#17603,#3986);
#2466=LINE('',#17606,#3987);
#2467=LINE('',#17607,#3988);
#2468=LINE('',#17610,#3989);
#2469=LINE('',#17611,#3990);
#2470=LINE('',#17614,#3991);
#2471=LINE('',#17615,#3992);
#2472=LINE('',#17618,#3993);
#2473=LINE('',#17619,#3994);
#2474=LINE('',#17622,#3995);
#2475=LINE('',#17623,#3996);
#2476=LINE('',#17626,#3997);
#2477=LINE('',#17627,#3998);
#2478=LINE('',#17630,#3999);
#2479=LINE('',#17631,#4000);
#2480=LINE('',#17634,#4001);
#2481=LINE('',#17635,#4002);
#2482=LINE('',#17638,#4003);
#2483=LINE('',#17639,#4004);
#2484=LINE('',#17642,#4005);
#2485=LINE('',#17643,#4006);
#2486=LINE('',#17646,#4007);
#2487=LINE('',#17647,#4008);
#2488=LINE('',#17650,#4009);
#2489=LINE('',#17651,#4010);
#2490=LINE('',#17654,#4011);
#2491=LINE('',#17655,#4012);
#2492=LINE('',#17658,#4013);
#2493=LINE('',#17659,#4014);
#2494=LINE('',#17662,#4015);
#2495=LINE('',#17663,#4016);
#2496=LINE('',#17666,#4017);
#2497=LINE('',#17667,#4018);
#2498=LINE('',#17670,#4019);
#2499=LINE('',#17671,#4020);
#2500=LINE('',#17674,#4021);
#2501=LINE('',#17675,#4022);
#2502=LINE('',#17678,#4023);
#2503=LINE('',#17679,#4024);
#2504=LINE('',#17682,#4025);
#2505=LINE('',#17683,#4026);
#2506=LINE('',#17686,#4027);
#2507=LINE('',#17687,#4028);
#2508=LINE('',#17690,#4029);
#2509=LINE('',#17691,#4030);
#2510=LINE('',#17694,#4031);
#2511=LINE('',#17695,#4032);
#2512=LINE('',#17698,#4033);
#2513=LINE('',#17699,#4034);
#2514=LINE('',#17702,#4035);
#2515=LINE('',#17703,#4036);
#2516=LINE('',#17706,#4037);
#2517=LINE('',#17707,#4038);
#2518=LINE('',#17710,#4039);
#2519=LINE('',#17711,#4040);
#2520=LINE('',#17714,#4041);
#2521=LINE('',#17715,#4042);
#2522=LINE('',#17718,#4043);
#2523=LINE('',#17719,#4044);
#2524=LINE('',#17722,#4045);
#2525=LINE('',#17723,#4046);
#2526=LINE('',#17726,#4047);
#2527=LINE('',#17727,#4048);
#2528=LINE('',#17730,#4049);
#2529=LINE('',#17731,#4050);
#2530=LINE('',#17734,#4051);
#2531=LINE('',#17735,#4052);
#2532=LINE('',#17738,#4053);
#2533=LINE('',#17739,#4054);
#2534=LINE('',#17742,#4055);
#2535=LINE('',#17743,#4056);
#2536=LINE('',#17746,#4057);
#2537=LINE('',#17747,#4058);
#2538=LINE('',#17749,#4059);
#2539=LINE('',#17752,#4060);
#2540=LINE('',#17754,#4061);
#2541=LINE('',#17755,#4062);
#2542=LINE('',#17758,#4063);
#2543=LINE('',#17759,#4064);
#2544=LINE('',#17762,#4065);
#2545=LINE('',#17763,#4066);
#2546=LINE('',#17765,#4067);
#2547=LINE('',#17768,#4068);
#2548=LINE('',#17770,#4069);
#2549=LINE('',#17771,#4070);
#2550=LINE('',#17774,#4071);
#2551=LINE('',#17775,#4072);
#2552=LINE('',#17778,#4073);
#2553=LINE('',#17779,#4074);
#2554=LINE('',#17781,#4075);
#2555=LINE('',#17784,#4076);
#2556=LINE('',#17786,#4077);
#2557=LINE('',#17787,#4078);
#2558=LINE('',#17790,#4079);
#2559=LINE('',#17791,#4080);
#2560=LINE('',#17794,#4081);
#2561=LINE('',#17795,#4082);
#2562=LINE('',#17797,#4083);
#2563=LINE('',#17800,#4084);
#2564=LINE('',#17802,#4085);
#2565=LINE('',#17803,#4086);
#2566=LINE('',#17806,#4087);
#2567=LINE('',#17807,#4088);
#2568=LINE('',#17810,#4089);
#2569=LINE('',#17811,#4090);
#2570=LINE('',#17813,#4091);
#2571=LINE('',#17816,#4092);
#2572=LINE('',#17818,#4093);
#2573=LINE('',#17819,#4094);
#2574=LINE('',#17822,#4095);
#2575=LINE('',#17823,#4096);
#2576=LINE('',#17826,#4097);
#2577=LINE('',#17827,#4098);
#2578=LINE('',#17829,#4099);
#2579=LINE('',#17832,#4100);
#2580=LINE('',#17834,#4101);
#2581=LINE('',#17835,#4102);
#2582=LINE('',#17838,#4103);
#2583=LINE('',#17839,#4104);
#2584=LINE('',#17842,#4105);
#2585=LINE('',#17843,#4106);
#2586=LINE('',#17845,#4107);
#2587=LINE('',#17848,#4108);
#2588=LINE('',#17850,#4109);
#2589=LINE('',#17851,#4110);
#2590=LINE('',#17854,#4111);
#2591=LINE('',#17855,#4112);
#2592=LINE('',#17858,#4113);
#2593=LINE('',#17859,#4114);
#2594=LINE('',#17861,#4115);
#2595=LINE('',#17864,#4116);
#2596=LINE('',#17866,#4117);
#2597=LINE('',#17867,#4118);
#2598=LINE('',#17870,#4119);
#2599=LINE('',#17871,#4120);
#2600=LINE('',#17874,#4121);
#2601=LINE('',#17875,#4122);
#2602=LINE('',#17877,#4123);
#2603=LINE('',#17880,#4124);
#2604=LINE('',#17882,#4125);
#2605=LINE('',#17883,#4126);
#2606=LINE('',#17886,#4127);
#2607=LINE('',#17887,#4128);
#2608=LINE('',#17890,#4129);
#2609=LINE('',#17891,#4130);
#2610=LINE('',#17893,#4131);
#2611=LINE('',#17896,#4132);
#2612=LINE('',#17898,#4133);
#2613=LINE('',#17899,#4134);
#2614=LINE('',#17901,#4135);
#2615=LINE('',#17902,#4136);
#2616=LINE('',#17903,#4137);
#2617=LINE('',#17906,#4138);
#2618=LINE('',#17908,#4139);
#2619=LINE('',#17909,#4140);
#2620=LINE('',#17911,#4141);
#2621=LINE('',#17913,#4142);
#2622=LINE('',#17917,#4143);
#2623=LINE('',#17919,#4144);
#2624=LINE('',#17921,#4145);
#2625=LINE('',#17923,#4146);
#2626=LINE('',#17924,#4147);
#2627=LINE('',#17925,#4148);
#2628=LINE('',#17927,#4149);
#2629=LINE('',#17930,#4150);
#2630=LINE('',#17931,#4151);
#2631=LINE('',#17934,#4152);
#2632=LINE('',#17935,#4153);
#2633=LINE('',#17938,#4154);
#2634=LINE('',#17939,#4155);
#2635=LINE('',#17942,#4156);
#2636=LINE('',#17943,#4157);
#2637=LINE('',#17946,#4158);
#2638=LINE('',#17947,#4159);
#2639=LINE('',#17950,#4160);
#2640=LINE('',#17951,#4161);
#2641=LINE('',#17954,#4162);
#2642=LINE('',#17955,#4163);
#2643=LINE('',#17957,#4164);
#2644=LINE('',#17963,#4165);
#2645=LINE('',#17970,#4166);
#2646=LINE('',#17972,#4167);
#2647=LINE('',#17974,#4168);
#2648=LINE('',#17975,#4169);
#2649=LINE('',#17978,#4170);
#2650=LINE('',#17980,#4171);
#2651=LINE('',#17981,#4172);
#2652=LINE('',#17984,#4173);
#2653=LINE('',#17986,#4174);
#2654=LINE('',#17987,#4175);
#2655=LINE('',#17989,#4176);
#2656=LINE('',#17990,#4177);
#2657=LINE('',#17996,#4178);
#2658=LINE('',#17998,#4179);
#2659=LINE('',#18000,#4180);
#2660=LINE('',#18002,#4181);
#2661=LINE('',#18004,#4182);
#2662=LINE('',#18006,#4183);
#2663=LINE('',#18008,#4184);
#2664=LINE('',#18010,#4185);
#2665=LINE('',#18012,#4186);
#2666=LINE('',#18014,#4187);
#2667=LINE('',#18016,#4188);
#2668=LINE('',#18017,#4189);
#2669=LINE('',#18020,#4190);
#2670=LINE('',#18022,#4191);
#2671=LINE('',#18023,#4192);
#2672=LINE('',#18026,#4193);
#2673=LINE('',#18027,#4194);
#2674=LINE('',#18030,#4195);
#2675=LINE('',#18032,#4196);
#2676=LINE('',#18034,#4197);
#2677=LINE('',#18036,#4198);
#2678=LINE('',#18038,#4199);
#2679=LINE('',#18039,#4200);
#2680=LINE('',#18042,#4201);
#2681=LINE('',#18044,#4202);
#2682=LINE('',#18045,#4203);
#2683=LINE('',#18048,#4204);
#2684=LINE('',#18049,#4205);
#2685=LINE('',#18052,#4206);
#2686=LINE('',#18054,#4207);
#2687=LINE('',#18056,#4208);
#2688=LINE('',#18058,#4209);
#2689=LINE('',#18060,#4210);
#2690=LINE('',#18061,#4211);
#2691=LINE('',#18064,#4212);
#2692=LINE('',#18066,#4213);
#2693=LINE('',#18068,#4214);
#2694=LINE('',#18069,#4215);
#2695=LINE('',#18072,#4216);
#2696=LINE('',#18074,#4217);
#2697=LINE('',#18076,#4218);
#2698=LINE('',#18077,#4219);
#2699=LINE('',#18080,#4220);
#2700=LINE('',#18082,#4221);
#2701=LINE('',#18084,#4222);
#2702=LINE('',#18085,#4223);
#2703=LINE('',#18088,#4224);
#2704=LINE('',#18090,#4225);
#2705=LINE('',#18092,#4226);
#2706=LINE('',#18093,#4227);
#2707=LINE('',#18096,#4228);
#2708=LINE('',#18098,#4229);
#2709=LINE('',#18100,#4230);
#2710=LINE('',#18101,#4231);
#2711=LINE('',#18104,#4232);
#2712=LINE('',#18106,#4233);
#2713=LINE('',#18108,#4234);
#2714=LINE('',#18109,#4235);
#2715=LINE('',#18112,#4236);
#2716=LINE('',#18114,#4237);
#2717=LINE('',#18116,#4238);
#2718=LINE('',#18117,#4239);
#2719=LINE('',#18120,#4240);
#2720=LINE('',#18122,#4241);
#2721=LINE('',#18124,#4242);
#2722=LINE('',#18125,#4243);
#2723=LINE('',#18128,#4244);
#2724=LINE('',#18130,#4245);
#2725=LINE('',#18132,#4246);
#2726=LINE('',#18133,#4247);
#2727=LINE('',#18136,#4248);
#2728=LINE('',#18138,#4249);
#2729=LINE('',#18140,#4250);
#2730=LINE('',#18142,#4251);
#2731=LINE('',#18144,#4252);
#2732=LINE('',#18146,#4253);
#2733=LINE('',#18147,#4254);
#2734=LINE('',#18149,#4255);
#2735=LINE('',#18150,#4256);
#2736=LINE('',#18156,#4257);
#2737=LINE('',#18159,#4258);
#2738=LINE('',#18162,#4259);
#2739=LINE('',#18165,#4260);
#2740=LINE('',#18166,#4261);
#2741=LINE('',#18168,#4262);
#2742=LINE('',#18170,#4263);
#2743=LINE('',#18172,#4264);
#2744=LINE('',#18176,#4265);
#2745=LINE('',#18178,#4266);
#2746=LINE('',#18180,#4267);
#2747=LINE('',#18181,#4268);
#2748=LINE('',#18184,#4269);
#2749=LINE('',#18186,#4270);
#2750=LINE('',#18188,#4271);
#2751=LINE('',#18190,#4272);
#2752=LINE('',#18192,#4273);
#2753=LINE('',#18193,#4274);
#2754=LINE('',#18197,#4275);
#2755=LINE('',#18198,#4276);
#2756=LINE('',#18199,#4277);
#2757=LINE('',#18202,#4278);
#2758=LINE('',#18204,#4279);
#2759=LINE('',#18206,#4280);
#2760=LINE('',#18208,#4281);
#2761=LINE('',#18210,#4282);
#2762=LINE('',#18211,#4283);
#2763=LINE('',#18214,#4284);
#2764=LINE('',#18216,#4285);
#2765=LINE('',#18217,#4286);
#2766=LINE('',#18220,#4287);
#2767=LINE('',#18222,#4288);
#2768=LINE('',#18223,#4289);
#2769=LINE('',#18228,#4290);
#2770=LINE('',#18230,#4291);
#2771=LINE('',#18231,#4292);
#2772=LINE('',#18234,#4293);
#2773=LINE('',#18236,#4294);
#2774=LINE('',#18237,#4295);
#2775=LINE('',#18240,#4296);
#2776=LINE('',#18241,#4297);
#2777=LINE('',#18244,#4298);
#2778=LINE('',#18245,#4299);
#2779=LINE('',#18247,#4300);
#2780=LINE('',#18250,#4301);
#2781=LINE('',#18252,#4302);
#2782=LINE('',#18253,#4303);
#2783=LINE('',#18256,#4304);
#2784=LINE('',#18257,#4305);
#2785=LINE('',#18260,#4306);
#2786=LINE('',#18261,#4307);
#2787=LINE('',#18263,#4308);
#2788=LINE('',#18266,#4309);
#2789=LINE('',#18268,#4310);
#2790=LINE('',#18269,#4311);
#2791=LINE('',#18272,#4312);
#2792=LINE('',#18273,#4313);
#2793=LINE('',#18276,#4314);
#2794=LINE('',#18277,#4315);
#2795=LINE('',#18279,#4316);
#2796=LINE('',#18282,#4317);
#2797=LINE('',#18284,#4318);
#2798=LINE('',#18285,#4319);
#2799=LINE('',#18288,#4320);
#2800=LINE('',#18289,#4321);
#2801=LINE('',#18292,#4322);
#2802=LINE('',#18293,#4323);
#2803=LINE('',#18295,#4324);
#2804=LINE('',#18298,#4325);
#2805=LINE('',#18300,#4326);
#2806=LINE('',#18301,#4327);
#2807=LINE('',#18304,#4328);
#2808=LINE('',#18305,#4329);
#2809=LINE('',#18308,#4330);
#2810=LINE('',#18309,#4331);
#2811=LINE('',#18311,#4332);
#2812=LINE('',#18314,#4333);
#2813=LINE('',#18316,#4334);
#2814=LINE('',#18317,#4335);
#2815=LINE('',#18320,#4336);
#2816=LINE('',#18321,#4337);
#2817=LINE('',#18324,#4338);
#2818=LINE('',#18325,#4339);
#2819=LINE('',#18327,#4340);
#2820=LINE('',#18330,#4341);
#2821=LINE('',#18332,#4342);
#2822=LINE('',#18333,#4343);
#2823=LINE('',#18336,#4344);
#2824=LINE('',#18337,#4345);
#2825=LINE('',#18340,#4346);
#2826=LINE('',#18341,#4347);
#2827=LINE('',#18343,#4348);
#2828=LINE('',#18346,#4349);
#2829=LINE('',#18348,#4350);
#2830=LINE('',#18349,#4351);
#2831=LINE('',#18352,#4352);
#2832=LINE('',#18353,#4353);
#2833=LINE('',#18356,#4354);
#2834=LINE('',#18357,#4355);
#2835=LINE('',#18359,#4356);
#2836=LINE('',#18362,#4357);
#2837=LINE('',#18364,#4358);
#2838=LINE('',#18365,#4359);
#2839=LINE('',#18368,#4360);
#2840=LINE('',#18369,#4361);
#2841=LINE('',#18372,#4362);
#2842=LINE('',#18373,#4363);
#2843=LINE('',#18375,#4364);
#2844=LINE('',#18378,#4365);
#2845=LINE('',#18380,#4366);
#2846=LINE('',#18381,#4367);
#2847=LINE('',#18384,#4368);
#2848=LINE('',#18385,#4369);
#2849=LINE('',#18388,#4370);
#2850=LINE('',#18390,#4371);
#2851=LINE('',#18392,#4372);
#2852=LINE('',#18394,#4373);
#2853=LINE('',#18395,#4374);
#2854=LINE('',#18398,#4375);
#2855=LINE('',#18399,#4376);
#2856=LINE('',#18401,#4377);
#2857=LINE('',#18403,#4378);
#2858=LINE('',#18405,#4379);
#2859=LINE('',#18406,#4380);
#2860=LINE('',#18408,#4381);
#2861=LINE('',#18409,#4382);
#2862=LINE('',#18414,#4383);
#2863=LINE('',#18415,#4384);
#2864=LINE('',#18416,#4385);
#2865=LINE('',#18418,#4386);
#2866=LINE('',#18420,#4387);
#2867=LINE('',#18422,#4388);
#2868=LINE('',#18424,#4389);
#2869=LINE('',#18428,#4390);
#2870=LINE('',#18429,#4391);
#2871=LINE('',#18432,#4392);
#2872=LINE('',#18433,#4393);
#2873=LINE('',#18436,#4394);
#2874=LINE('',#18437,#4395);
#2875=LINE('',#18440,#4396);
#2876=LINE('',#18442,#4397);
#2877=LINE('',#18443,#4398);
#2878=LINE('',#18445,#4399);
#2879=LINE('',#18446,#4400);
#2880=LINE('',#18449,#4401);
#2881=LINE('',#18451,#4402);
#2882=LINE('',#18454,#4403);
#2883=LINE('',#18456,#4404);
#2884=LINE('',#18458,#4405);
#2885=LINE('',#18461,#4406);
#2886=VECTOR('',#12517,10.);
#2887=VECTOR('',#12518,10.);
#2888=VECTOR('',#12519,10.);
#2889=VECTOR('',#12520,10.);
#2890=VECTOR('',#12521,10.);
#2891=VECTOR('',#12524,10.);
#2892=VECTOR('',#12525,10.);
#2893=VECTOR('',#12526,10.);
#2894=VECTOR('',#12527,10.);
#2895=VECTOR('',#12530,10.);
#2896=VECTOR('',#12531,10.);
#2897=VECTOR('',#12532,10.);
#2898=VECTOR('',#12533,10.);
#2899=VECTOR('',#12534,1.);
#2900=VECTOR('',#12535,1.);
#2901=VECTOR('',#12536,1.);
#2902=VECTOR('',#12537,1.);
#2903=VECTOR('',#12538,1.);
#2904=VECTOR('',#12539,1.);
#2905=VECTOR('',#12540,1.);
#2906=VECTOR('',#12541,1.);
#2907=VECTOR('',#12542,1.);
#2908=VECTOR('',#12543,1.);
#2909=VECTOR('',#12544,1.);
#2910=VECTOR('',#12545,1.);
#2911=VECTOR('',#12546,1.);
#2912=VECTOR('',#12547,1.);
#2913=VECTOR('',#12548,1.);
#2914=VECTOR('',#12549,1.);
#2915=VECTOR('',#12550,1.);
#2916=VECTOR('',#12551,1.);
#2917=VECTOR('',#12552,1.);
#2918=VECTOR('',#12553,1.);
#2919=VECTOR('',#12554,1.);
#2920=VECTOR('',#12555,1.);
#2921=VECTOR('',#12556,1.);
#2922=VECTOR('',#12557,1.);
#2923=VECTOR('',#12558,1.);
#2924=VECTOR('',#12559,1.);
#2925=VECTOR('',#12560,1.);
#2926=VECTOR('',#12561,1.);
#2927=VECTOR('',#12562,1.);
#2928=VECTOR('',#12563,1.);
#2929=VECTOR('',#12564,1.);
#2930=VECTOR('',#12565,1.);
#2931=VECTOR('',#12566,1.);
#2932=VECTOR('',#12567,1.);
#2933=VECTOR('',#12568,1.);
#2934=VECTOR('',#12569,1.);
#2935=VECTOR('',#12570,1.);
#2936=VECTOR('',#12571,1.);
#2937=VECTOR('',#12572,1.);
#2938=VECTOR('',#12573,1.);
#2939=VECTOR('',#12574,1.);
#2940=VECTOR('',#12575,1.);
#2941=VECTOR('',#12576,1.);
#2942=VECTOR('',#12577,1.);
#2943=VECTOR('',#12578,1.);
#2944=VECTOR('',#12579,1.);
#2945=VECTOR('',#12580,1.);
#2946=VECTOR('',#12581,1.);
#2947=VECTOR('',#12582,1.);
#2948=VECTOR('',#12583,1.);
#2949=VECTOR('',#12584,1.);
#2950=VECTOR('',#12585,1.);
#2951=VECTOR('',#12586,1.);
#2952=VECTOR('',#12587,1.);
#2953=VECTOR('',#12588,1.);
#2954=VECTOR('',#12589,1.);
#2955=VECTOR('',#12590,1.);
#2956=VECTOR('',#12591,1.);
#2957=VECTOR('',#12592,1.);
#2958=VECTOR('',#12593,1.);
#2959=VECTOR('',#12594,1.);
#2960=VECTOR('',#12595,1.);
#2961=VECTOR('',#12596,1.);
#2962=VECTOR('',#12597,1.);
#2963=VECTOR('',#12598,1.);
#2964=VECTOR('',#12599,1.);
#2965=VECTOR('',#12600,1.);
#2966=VECTOR('',#12601,1.);
#2967=VECTOR('',#12602,1.);
#2968=VECTOR('',#12603,1.);
#2969=VECTOR('',#12604,1.);
#2970=VECTOR('',#12605,1.);
#2971=VECTOR('',#12606,1.);
#2972=VECTOR('',#12607,1.);
#2973=VECTOR('',#12608,1.);
#2974=VECTOR('',#12609,1.);
#2975=VECTOR('',#12610,1.);
#2976=VECTOR('',#12611,1.);
#2977=VECTOR('',#12612,1.);
#2978=VECTOR('',#12613,1.);
#2979=VECTOR('',#12614,1.);
#2980=VECTOR('',#12615,1.);
#2981=VECTOR('',#12616,1.);
#2982=VECTOR('',#12617,1.);
#2983=VECTOR('',#12618,1.);
#2984=VECTOR('',#12619,1.);
#2985=VECTOR('',#12620,1.);
#2986=VECTOR('',#12621,1.);
#2987=VECTOR('',#12622,1.);
#2988=VECTOR('',#12623,1.);
#2989=VECTOR('',#12624,1.);
#2990=VECTOR('',#12625,1.);
#2991=VECTOR('',#12626,1.);
#2992=VECTOR('',#12627,1.);
#2993=VECTOR('',#12628,1.);
#2994=VECTOR('',#12629,1.);
#2995=VECTOR('',#12630,1.);
#2996=VECTOR('',#12631,1.);
#2997=VECTOR('',#12632,1.);
#2998=VECTOR('',#12633,1.);
#2999=VECTOR('',#12634,1.);
#3000=VECTOR('',#12635,1.);
#3001=VECTOR('',#12636,1.);
#3002=VECTOR('',#12637,1.);
#3003=VECTOR('',#12638,1.);
#3004=VECTOR('',#12639,1.);
#3005=VECTOR('',#12640,1.);
#3006=VECTOR('',#12641,1.);
#3007=VECTOR('',#12642,1.);
#3008=VECTOR('',#12643,1.);
#3009=VECTOR('',#12644,1.);
#3010=VECTOR('',#12645,1.);
#3011=VECTOR('',#12646,1.);
#3012=VECTOR('',#12647,1.);
#3013=VECTOR('',#12648,1.);
#3014=VECTOR('',#12649,1.);
#3015=VECTOR('',#12650,1.);
#3016=VECTOR('',#12651,1.);
#3017=VECTOR('',#12652,1.);
#3018=VECTOR('',#12653,1.);
#3019=VECTOR('',#12654,1.);
#3020=VECTOR('',#12655,1.);
#3021=VECTOR('',#12656,1.);
#3022=VECTOR('',#12657,1.);
#3023=VECTOR('',#12658,1.);
#3024=VECTOR('',#12659,1.);
#3025=VECTOR('',#12660,1.);
#3026=VECTOR('',#12661,1.);
#3027=VECTOR('',#12662,1.);
#3028=VECTOR('',#12663,1.);
#3029=VECTOR('',#12664,1.);
#3030=VECTOR('',#12665,1.);
#3031=VECTOR('',#12666,1.);
#3032=VECTOR('',#12667,1.);
#3033=VECTOR('',#12668,1.);
#3034=VECTOR('',#12669,1.);
#3035=VECTOR('',#12670,1.);
#3036=VECTOR('',#12671,1.);
#3037=VECTOR('',#12672,1.);
#3038=VECTOR('',#12673,1.);
#3039=VECTOR('',#12674,1.);
#3040=VECTOR('',#12675,1.);
#3041=VECTOR('',#12676,1.);
#3042=VECTOR('',#12677,1.);
#3043=VECTOR('',#12678,1.);
#3044=VECTOR('',#12679,1.);
#3045=VECTOR('',#12680,1.);
#3046=VECTOR('',#12681,1.);
#3047=VECTOR('',#12682,1.);
#3048=VECTOR('',#12683,1.);
#3049=VECTOR('',#12684,1.);
#3050=VECTOR('',#12685,1.);
#3051=VECTOR('',#12686,1.);
#3052=VECTOR('',#12687,1.);
#3053=VECTOR('',#12688,1.);
#3054=VECTOR('',#12689,1.);
#3055=VECTOR('',#12690,1.);
#3056=VECTOR('',#12691,1.);
#3057=VECTOR('',#12692,1.);
#3058=VECTOR('',#12693,1.);
#3059=VECTOR('',#12694,1.);
#3060=VECTOR('',#12695,1.);
#3061=VECTOR('',#12696,1.);
#3062=VECTOR('',#12697,1.);
#3063=VECTOR('',#12698,1.);
#3064=VECTOR('',#12699,1.);
#3065=VECTOR('',#12700,1.);
#3066=VECTOR('',#12701,1.);
#3067=VECTOR('',#12702,1.);
#3068=VECTOR('',#12703,1.);
#3069=VECTOR('',#12704,1.);
#3070=VECTOR('',#12705,1.);
#3071=VECTOR('',#12706,1.);
#3072=VECTOR('',#12707,1.);
#3073=VECTOR('',#12708,1.);
#3074=VECTOR('',#12709,1.);
#3075=VECTOR('',#12710,1.);
#3076=VECTOR('',#12711,1.);
#3077=VECTOR('',#12712,1.);
#3078=VECTOR('',#12713,1.);
#3079=VECTOR('',#12714,1.);
#3080=VECTOR('',#12715,1.);
#3081=VECTOR('',#12716,1.);
#3082=VECTOR('',#12717,1.);
#3083=VECTOR('',#12718,1.);
#3084=VECTOR('',#12719,1.);
#3085=VECTOR('',#12720,1.);
#3086=VECTOR('',#12721,1.);
#3087=VECTOR('',#12722,1.);
#3088=VECTOR('',#12723,1.);
#3089=VECTOR('',#12724,1.);
#3090=VECTOR('',#12725,1.);
#3091=VECTOR('',#12726,1.);
#3092=VECTOR('',#12727,1.);
#3093=VECTOR('',#12728,1.);
#3094=VECTOR('',#12729,1.);
#3095=VECTOR('',#12730,1.);
#3096=VECTOR('',#12731,1.);
#3097=VECTOR('',#12732,1.);
#3098=VECTOR('',#12733,1.);
#3099=VECTOR('',#12734,1.);
#3100=VECTOR('',#12735,1.);
#3101=VECTOR('',#12736,1.);
#3102=VECTOR('',#12737,1.);
#3103=VECTOR('',#12738,1.);
#3104=VECTOR('',#12739,1.);
#3105=VECTOR('',#12740,1.);
#3106=VECTOR('',#12741,1.);
#3107=VECTOR('',#12742,1.);
#3108=VECTOR('',#12743,1.);
#3109=VECTOR('',#12744,1.);
#3110=VECTOR('',#12745,1.);
#3111=VECTOR('',#12746,1.);
#3112=VECTOR('',#12747,1.);
#3113=VECTOR('',#12748,1.);
#3114=VECTOR('',#12749,1.);
#3115=VECTOR('',#12750,1.);
#3116=VECTOR('',#12751,1.);
#3117=VECTOR('',#12752,1.);
#3118=VECTOR('',#12753,1.);
#3119=VECTOR('',#12754,1.);
#3120=VECTOR('',#12755,1.);
#3121=VECTOR('',#12756,1.);
#3122=VECTOR('',#12757,1.);
#3123=VECTOR('',#12758,1.);
#3124=VECTOR('',#12759,1.);
#3125=VECTOR('',#12760,1.);
#3126=VECTOR('',#12761,1.);
#3127=VECTOR('',#12762,1.);
#3128=VECTOR('',#12763,1.);
#3129=VECTOR('',#12764,1.);
#3130=VECTOR('',#12765,1.);
#3131=VECTOR('',#12766,1.);
#3132=VECTOR('',#12767,1.);
#3133=VECTOR('',#12768,1.);
#3134=VECTOR('',#12769,1.);
#3135=VECTOR('',#12770,1.);
#3136=VECTOR('',#12771,1.);
#3137=VECTOR('',#12772,1.);
#3138=VECTOR('',#12773,1.);
#3139=VECTOR('',#12774,1.);
#3140=VECTOR('',#12775,1.);
#3141=VECTOR('',#12776,1.);
#3142=VECTOR('',#12777,1.);
#3143=VECTOR('',#12778,1.);
#3144=VECTOR('',#12779,1.);
#3145=VECTOR('',#12780,1.);
#3146=VECTOR('',#12781,1.);
#3147=VECTOR('',#12782,1.);
#3148=VECTOR('',#12783,1.);
#3149=VECTOR('',#12784,1.);
#3150=VECTOR('',#12785,1.);
#3151=VECTOR('',#12786,1.);
#3152=VECTOR('',#12787,1.);
#3153=VECTOR('',#12788,1.);
#3154=VECTOR('',#12789,1.);
#3155=VECTOR('',#12790,1.);
#3156=VECTOR('',#12791,1.);
#3157=VECTOR('',#12792,1.);
#3158=VECTOR('',#12793,1.);
#3159=VECTOR('',#12794,1.);
#3160=VECTOR('',#12795,1.);
#3161=VECTOR('',#12796,1.);
#3162=VECTOR('',#12797,1.);
#3163=VECTOR('',#12798,1.);
#3164=VECTOR('',#12799,1.);
#3165=VECTOR('',#12800,1.);
#3166=VECTOR('',#12801,1.);
#3167=VECTOR('',#12802,1.);
#3168=VECTOR('',#12803,1.);
#3169=VECTOR('',#12804,1.);
#3170=VECTOR('',#12805,1.);
#3171=VECTOR('',#12806,1.);
#3172=VECTOR('',#12807,1.);
#3173=VECTOR('',#12808,1.);
#3174=VECTOR('',#12809,1.);
#3175=VECTOR('',#12810,1.);
#3176=VECTOR('',#12811,1.);
#3177=VECTOR('',#12812,1.);
#3178=VECTOR('',#12813,1.);
#3179=VECTOR('',#12814,1.);
#3180=VECTOR('',#12815,1.);
#3181=VECTOR('',#12816,1.);
#3182=VECTOR('',#12817,1.);
#3183=VECTOR('',#12818,1.);
#3184=VECTOR('',#12819,1.);
#3185=VECTOR('',#12820,1.);
#3186=VECTOR('',#12821,1.);
#3187=VECTOR('',#12822,1.);
#3188=VECTOR('',#12823,1.);
#3189=VECTOR('',#12824,1.);
#3190=VECTOR('',#12825,1.);
#3191=VECTOR('',#12826,1.);
#3192=VECTOR('',#12827,1.);
#3193=VECTOR('',#12828,1.);
#3194=VECTOR('',#12829,1.);
#3195=VECTOR('',#12830,1.);
#3196=VECTOR('',#12831,1.);
#3197=VECTOR('',#12832,1.);
#3198=VECTOR('',#12833,1.);
#3199=VECTOR('',#12834,1.);
#3200=VECTOR('',#12835,1.);
#3201=VECTOR('',#12836,1.);
#3202=VECTOR('',#12837,1.);
#3203=VECTOR('',#12838,1.);
#3204=VECTOR('',#12839,1.);
#3205=VECTOR('',#12840,1.);
#3206=VECTOR('',#12841,1.);
#3207=VECTOR('',#12842,1.);
#3208=VECTOR('',#12843,1.);
#3209=VECTOR('',#12844,1.);
#3210=VECTOR('',#12845,1.);
#3211=VECTOR('',#12846,1.);
#3212=VECTOR('',#12847,1.);
#3213=VECTOR('',#12848,1.);
#3214=VECTOR('',#12849,1.);
#3215=VECTOR('',#12850,1.);
#3216=VECTOR('',#12851,1.);
#3217=VECTOR('',#12852,1.);
#3218=VECTOR('',#12853,1.);
#3219=VECTOR('',#12854,1.);
#3220=VECTOR('',#12855,1.);
#3221=VECTOR('',#12856,1.);
#3222=VECTOR('',#12857,1.);
#3223=VECTOR('',#12858,1.);
#3224=VECTOR('',#12859,1.);
#3225=VECTOR('',#12860,1.);
#3226=VECTOR('',#12861,1.);
#3227=VECTOR('',#12862,1.);
#3228=VECTOR('',#12863,1.);
#3229=VECTOR('',#12864,1.);
#3230=VECTOR('',#12865,1.);
#3231=VECTOR('',#12866,1.);
#3232=VECTOR('',#12867,1.);
#3233=VECTOR('',#12868,1.);
#3234=VECTOR('',#12869,1.);
#3235=VECTOR('',#12870,1.);
#3236=VECTOR('',#12871,1.);
#3237=VECTOR('',#12872,1.);
#3238=VECTOR('',#12873,1.);
#3239=VECTOR('',#12874,1.);
#3240=VECTOR('',#12875,1.);
#3241=VECTOR('',#12876,1.);
#3242=VECTOR('',#12877,1.);
#3243=VECTOR('',#12878,1.);
#3244=VECTOR('',#12879,1.);
#3245=VECTOR('',#12880,1.);
#3246=VECTOR('',#12881,1.);
#3247=VECTOR('',#12882,1.);
#3248=VECTOR('',#12883,1.);
#3249=VECTOR('',#12884,1.);
#3250=VECTOR('',#12885,1.);
#3251=VECTOR('',#12886,1.);
#3252=VECTOR('',#12887,1.);
#3253=VECTOR('',#12888,1.);
#3254=VECTOR('',#12889,1.);
#3255=VECTOR('',#12890,1.);
#3256=VECTOR('',#12891,1.);
#3257=VECTOR('',#12892,1.);
#3258=VECTOR('',#12893,1.);
#3259=VECTOR('',#12894,1.);
#3260=VECTOR('',#12895,1.);
#3261=VECTOR('',#12896,1.);
#3262=VECTOR('',#12897,1.);
#3263=VECTOR('',#12898,1.);
#3264=VECTOR('',#12899,1.);
#3265=VECTOR('',#12900,1.);
#3266=VECTOR('',#12901,1.);
#3267=VECTOR('',#12902,1.);
#3268=VECTOR('',#12903,1.);
#3269=VECTOR('',#12904,1.);
#3270=VECTOR('',#12905,1.);
#3271=VECTOR('',#12906,1.);
#3272=VECTOR('',#12907,1.);
#3273=VECTOR('',#12908,1.);
#3274=VECTOR('',#12909,1.);
#3275=VECTOR('',#12910,1.);
#3276=VECTOR('',#12911,1.);
#3277=VECTOR('',#12912,1.);
#3278=VECTOR('',#12913,1.);
#3279=VECTOR('',#12914,1.);
#3280=VECTOR('',#12915,1.);
#3281=VECTOR('',#12916,1.);
#3282=VECTOR('',#12917,1.);
#3283=VECTOR('',#12918,1.);
#3284=VECTOR('',#12919,1.);
#3285=VECTOR('',#12920,1.);
#3286=VECTOR('',#12921,1.);
#3287=VECTOR('',#12922,1.);
#3288=VECTOR('',#12923,1.);
#3289=VECTOR('',#12924,1.);
#3290=VECTOR('',#12925,1.);
#3291=VECTOR('',#12926,1.);
#3292=VECTOR('',#12927,1.);
#3293=VECTOR('',#12928,1.);
#3294=VECTOR('',#12929,1.);
#3295=VECTOR('',#12930,1.);
#3296=VECTOR('',#12931,1.);
#3297=VECTOR('',#12932,1.);
#3298=VECTOR('',#12933,1.);
#3299=VECTOR('',#12934,1.);
#3300=VECTOR('',#12935,1.);
#3301=VECTOR('',#12936,1.);
#3302=VECTOR('',#12937,1.);
#3303=VECTOR('',#12938,1.);
#3304=VECTOR('',#12939,1.);
#3305=VECTOR('',#12940,1.);
#3306=VECTOR('',#12941,1.);
#3307=VECTOR('',#12944,10.);
#3308=VECTOR('',#12945,10.);
#3309=VECTOR('',#12950,2.);
#3310=VECTOR('',#12953,10.);
#3311=VECTOR('',#12958,2.);
#3312=VECTOR('',#12961,10.);
#3313=VECTOR('',#12964,10.);
#3314=VECTOR('',#12965,10.);
#3315=VECTOR('',#12966,10.);
#3316=VECTOR('',#12969,1.);
#3317=VECTOR('',#12970,1.);
#3318=VECTOR('',#12971,1.);
#3319=VECTOR('',#12974,1.);
#3320=VECTOR('',#12975,1.);
#3321=VECTOR('',#12978,1.);
#3322=VECTOR('',#12979,1.);
#3323=VECTOR('',#12982,1.);
#3324=VECTOR('',#12985,1.);
#3325=VECTOR('',#12986,1.);
#3326=VECTOR('',#12987,1.);
#3327=VECTOR('',#12990,1.);
#3328=VECTOR('',#12991,1.);
#3329=VECTOR('',#12994,1.);
#3330=VECTOR('',#12995,1.);
#3331=VECTOR('',#12998,1.);
#3332=VECTOR('',#13001,1.);
#3333=VECTOR('',#13002,1.);
#3334=VECTOR('',#13003,1.);
#3335=VECTOR('',#13006,1.);
#3336=VECTOR('',#13007,1.);
#3337=VECTOR('',#13010,1.);
#3338=VECTOR('',#13011,1.);
#3339=VECTOR('',#13014,1.);
#3340=VECTOR('',#13017,1.);
#3341=VECTOR('',#13018,1.);
#3342=VECTOR('',#13019,1.);
#3343=VECTOR('',#13022,1.);
#3344=VECTOR('',#13023,1.);
#3345=VECTOR('',#13026,1.);
#3346=VECTOR('',#13027,1.);
#3347=VECTOR('',#13030,1.);
#3348=VECTOR('',#13033,1.);
#3349=VECTOR('',#13034,1.);
#3350=VECTOR('',#13035,1.);
#3351=VECTOR('',#13038,1.);
#3352=VECTOR('',#13039,1.);
#3353=VECTOR('',#13042,1.);
#3354=VECTOR('',#13043,1.);
#3355=VECTOR('',#13046,1.);
#3356=VECTOR('',#13049,1.);
#3357=VECTOR('',#13050,1.);
#3358=VECTOR('',#13051,1.);
#3359=VECTOR('',#13054,1.);
#3360=VECTOR('',#13055,1.);
#3361=VECTOR('',#13058,1.);
#3362=VECTOR('',#13059,1.);
#3363=VECTOR('',#13062,1.);
#3364=VECTOR('',#13065,1.);
#3365=VECTOR('',#13066,1.);
#3366=VECTOR('',#13067,1.);
#3367=VECTOR('',#13070,1.);
#3368=VECTOR('',#13071,1.);
#3369=VECTOR('',#13074,1.);
#3370=VECTOR('',#13075,1.);
#3371=VECTOR('',#13078,1.);
#3372=VECTOR('',#13079,1.);
#3373=VECTOR('',#13082,1.);
#3374=VECTOR('',#13083,1.);
#3375=VECTOR('',#13086,1.);
#3376=VECTOR('',#13087,1.);
#3377=VECTOR('',#13090,1.);
#3378=VECTOR('',#13091,1.);
#3379=VECTOR('',#13094,1.);
#3380=VECTOR('',#13095,1.);
#3381=VECTOR('',#13098,1.);
#3382=VECTOR('',#13099,1.);
#3383=VECTOR('',#13102,1.);
#3384=VECTOR('',#13103,1.);
#3385=VECTOR('',#13106,1.);
#3386=VECTOR('',#13107,1.);
#3387=VECTOR('',#13110,1.);
#3388=VECTOR('',#13111,1.);
#3389=VECTOR('',#13114,1.);
#3390=VECTOR('',#13115,1.);
#3391=VECTOR('',#13118,1.);
#3392=VECTOR('',#13119,1.);
#3393=VECTOR('',#13122,1.);
#3394=VECTOR('',#13123,1.);
#3395=VECTOR('',#13126,1.);
#3396=VECTOR('',#13127,1.);
#3397=VECTOR('',#13130,1.);
#3398=VECTOR('',#13131,1.);
#3399=VECTOR('',#13134,1.);
#3400=VECTOR('',#13135,1.);
#3401=VECTOR('',#13138,1.);
#3402=VECTOR('',#13139,1.);
#3403=VECTOR('',#13142,1.);
#3404=VECTOR('',#13143,1.);
#3405=VECTOR('',#13146,1.);
#3406=VECTOR('',#13147,1.);
#3407=VECTOR('',#13150,1.);
#3408=VECTOR('',#13151,1.);
#3409=VECTOR('',#13154,1.);
#3410=VECTOR('',#13155,1.);
#3411=VECTOR('',#13158,1.);
#3412=VECTOR('',#13159,1.);
#3413=VECTOR('',#13162,1.);
#3414=VECTOR('',#13163,1.);
#3415=VECTOR('',#13166,1.);
#3416=VECTOR('',#13167,1.);
#3417=VECTOR('',#13170,1.);
#3418=VECTOR('',#13171,1.);
#3419=VECTOR('',#13174,1.);
#3420=VECTOR('',#13175,1.);
#3421=VECTOR('',#13178,1.);
#3422=VECTOR('',#13179,1.);
#3423=VECTOR('',#13182,1.);
#3424=VECTOR('',#13183,1.);
#3425=VECTOR('',#13186,1.);
#3426=VECTOR('',#13187,1.);
#3427=VECTOR('',#13190,1.);
#3428=VECTOR('',#13191,1.);
#3429=VECTOR('',#13194,1.);
#3430=VECTOR('',#13195,1.);
#3431=VECTOR('',#13198,1.);
#3432=VECTOR('',#13199,1.);
#3433=VECTOR('',#13202,1.);
#3434=VECTOR('',#13203,1.);
#3435=VECTOR('',#13206,1.);
#3436=VECTOR('',#13207,1.);
#3437=VECTOR('',#13210,1.);
#3438=VECTOR('',#13211,1.);
#3439=VECTOR('',#13214,1.);
#3440=VECTOR('',#13215,1.);
#3441=VECTOR('',#13218,1.);
#3442=VECTOR('',#13219,1.);
#3443=VECTOR('',#13222,1.);
#3444=VECTOR('',#13223,1.);
#3445=VECTOR('',#13226,1.);
#3446=VECTOR('',#13227,1.);
#3447=VECTOR('',#13230,1.);
#3448=VECTOR('',#13231,1.);
#3449=VECTOR('',#13234,1.);
#3450=VECTOR('',#13235,1.);
#3451=VECTOR('',#13238,1.);
#3452=VECTOR('',#13241,1.);
#3453=VECTOR('',#13242,1.);
#3454=VECTOR('',#13243,1.);
#3455=VECTOR('',#13246,1.);
#3456=VECTOR('',#13247,1.);
#3457=VECTOR('',#13250,1.);
#3458=VECTOR('',#13251,1.);
#3459=VECTOR('',#13254,1.);
#3460=VECTOR('',#13257,1.);
#3461=VECTOR('',#13258,1.);
#3462=VECTOR('',#13259,1.);
#3463=VECTOR('',#13262,1.);
#3464=VECTOR('',#13263,1.);
#3465=VECTOR('',#13266,1.);
#3466=VECTOR('',#13267,1.);
#3467=VECTOR('',#13270,1.);
#3468=VECTOR('',#13273,1.);
#3469=VECTOR('',#13274,1.);
#3470=VECTOR('',#13275,1.);
#3471=VECTOR('',#13278,1.);
#3472=VECTOR('',#13279,1.);
#3473=VECTOR('',#13282,1.);
#3474=VECTOR('',#13283,1.);
#3475=VECTOR('',#13286,1.);
#3476=VECTOR('',#13289,1.);
#3477=VECTOR('',#13290,1.);
#3478=VECTOR('',#13291,1.);
#3479=VECTOR('',#13294,1.);
#3480=VECTOR('',#13295,1.);
#3481=VECTOR('',#13298,1.);
#3482=VECTOR('',#13299,1.);
#3483=VECTOR('',#13302,1.);
#3484=VECTOR('',#13305,1.);
#3485=VECTOR('',#13306,1.);
#3486=VECTOR('',#13307,1.);
#3487=VECTOR('',#13310,1.);
#3488=VECTOR('',#13311,1.);
#3489=VECTOR('',#13314,1.);
#3490=VECTOR('',#13315,1.);
#3491=VECTOR('',#13318,1.);
#3492=VECTOR('',#13321,1.);
#3493=VECTOR('',#13322,1.);
#3494=VECTOR('',#13323,1.);
#3495=VECTOR('',#13326,1.);
#3496=VECTOR('',#13327,1.);
#3497=VECTOR('',#13330,1.);
#3498=VECTOR('',#13331,1.);
#3499=VECTOR('',#13334,1.);
#3500=VECTOR('',#13337,1.);
#3501=VECTOR('',#13338,1.);
#3502=VECTOR('',#13339,1.);
#3503=VECTOR('',#13342,1.);
#3504=VECTOR('',#13343,1.);
#3505=VECTOR('',#13346,1.);
#3506=VECTOR('',#13347,1.);
#3507=VECTOR('',#13350,1.);
#3508=VECTOR('',#13353,1.);
#3509=VECTOR('',#13354,1.);
#3510=VECTOR('',#13355,1.);
#3511=VECTOR('',#13358,1.);
#3512=VECTOR('',#13359,1.);
#3513=VECTOR('',#13362,1.);
#3514=VECTOR('',#13363,1.);
#3515=VECTOR('',#13366,1.);
#3516=VECTOR('',#13369,1.);
#3517=VECTOR('',#13370,1.);
#3518=VECTOR('',#13371,1.);
#3519=VECTOR('',#13374,1.);
#3520=VECTOR('',#13375,1.);
#3521=VECTOR('',#13378,1.);
#3522=VECTOR('',#13379,1.);
#3523=VECTOR('',#13382,1.);
#3524=VECTOR('',#13385,1.);
#3525=VECTOR('',#13386,1.);
#3526=VECTOR('',#13387,1.);
#3527=VECTOR('',#13390,1.);
#3528=VECTOR('',#13391,1.);
#3529=VECTOR('',#13394,1.);
#3530=VECTOR('',#13395,1.);
#3531=VECTOR('',#13398,1.);
#3532=VECTOR('',#13401,1.);
#3533=VECTOR('',#13402,1.);
#3534=VECTOR('',#13403,1.);
#3535=VECTOR('',#13406,1.);
#3536=VECTOR('',#13407,1.);
#3537=VECTOR('',#13410,1.);
#3538=VECTOR('',#13411,1.);
#3539=VECTOR('',#13414,1.);
#3540=VECTOR('',#13417,1.);
#3541=VECTOR('',#13418,1.);
#3542=VECTOR('',#13419,1.);
#3543=VECTOR('',#13422,1.);
#3544=VECTOR('',#13423,1.);
#3545=VECTOR('',#13426,1.);
#3546=VECTOR('',#13427,1.);
#3547=VECTOR('',#13430,1.);
#3548=VECTOR('',#13433,1.);
#3549=VECTOR('',#13434,1.);
#3550=VECTOR('',#13435,1.);
#3551=VECTOR('',#13438,1.);
#3552=VECTOR('',#13439,1.);
#3553=VECTOR('',#13442,1.);
#3554=VECTOR('',#13443,1.);
#3555=VECTOR('',#13446,1.);
#3556=VECTOR('',#13449,1.);
#3557=VECTOR('',#13450,1.);
#3558=VECTOR('',#13451,1.);
#3559=VECTOR('',#13454,1.);
#3560=VECTOR('',#13455,1.);
#3561=VECTOR('',#13458,1.);
#3562=VECTOR('',#13459,1.);
#3563=VECTOR('',#13462,1.);
#3564=VECTOR('',#13465,1.);
#3565=VECTOR('',#13466,1.);
#3566=VECTOR('',#13467,1.);
#3567=VECTOR('',#13470,1.);
#3568=VECTOR('',#13471,1.);
#3569=VECTOR('',#13474,1.);
#3570=VECTOR('',#13475,1.);
#3571=VECTOR('',#13478,1.);
#3572=VECTOR('',#13481,1.);
#3573=VECTOR('',#13482,1.);
#3574=VECTOR('',#13483,1.);
#3575=VECTOR('',#13486,1.);
#3576=VECTOR('',#13487,1.);
#3577=VECTOR('',#13490,1.);
#3578=VECTOR('',#13491,1.);
#3579=VECTOR('',#13494,1.);
#3580=VECTOR('',#13497,1.);
#3581=VECTOR('',#13498,1.);
#3582=VECTOR('',#13499,1.);
#3583=VECTOR('',#13502,1.);
#3584=VECTOR('',#13503,1.);
#3585=VECTOR('',#13506,1.);
#3586=VECTOR('',#13507,1.);
#3587=VECTOR('',#13510,1.);
#3588=VECTOR('',#13513,1.);
#3589=VECTOR('',#13514,1.);
#3590=VECTOR('',#13515,1.);
#3591=VECTOR('',#13518,1.);
#3592=VECTOR('',#13519,1.);
#3593=VECTOR('',#13522,1.);
#3594=VECTOR('',#13523,1.);
#3595=VECTOR('',#13526,1.);
#3596=VECTOR('',#13529,1.);
#3597=VECTOR('',#13530,1.);
#3598=VECTOR('',#13531,1.);
#3599=VECTOR('',#13534,1.);
#3600=VECTOR('',#13535,1.);
#3601=VECTOR('',#13538,1.);
#3602=VECTOR('',#13539,1.);
#3603=VECTOR('',#13542,1.);
#3604=VECTOR('',#13545,1.);
#3605=VECTOR('',#13546,1.);
#3606=VECTOR('',#13547,1.);
#3607=VECTOR('',#13550,1.);
#3608=VECTOR('',#13551,1.);
#3609=VECTOR('',#13554,1.);
#3610=VECTOR('',#13555,1.);
#3611=VECTOR('',#13558,1.);
#3612=VECTOR('',#13561,1.);
#3613=VECTOR('',#13562,1.);
#3614=VECTOR('',#13563,1.);
#3615=VECTOR('',#13566,1.);
#3616=VECTOR('',#13567,1.);
#3617=VECTOR('',#13570,1.);
#3618=VECTOR('',#13571,1.);
#3619=VECTOR('',#13574,1.);
#3620=VECTOR('',#13577,1.);
#3621=VECTOR('',#13578,1.);
#3622=VECTOR('',#13579,1.);
#3623=VECTOR('',#13582,1.);
#3624=VECTOR('',#13583,1.);
#3625=VECTOR('',#13586,1.);
#3626=VECTOR('',#13587,1.);
#3627=VECTOR('',#13590,1.);
#3628=VECTOR('',#13593,1.);
#3629=VECTOR('',#13594,1.);
#3630=VECTOR('',#13595,1.);
#3631=VECTOR('',#13598,1.);
#3632=VECTOR('',#13599,1.);
#3633=VECTOR('',#13602,1.);
#3634=VECTOR('',#13603,1.);
#3635=VECTOR('',#13606,1.);
#3636=VECTOR('',#13609,1.);
#3637=VECTOR('',#13610,1.);
#3638=VECTOR('',#13611,1.);
#3639=VECTOR('',#13614,1.);
#3640=VECTOR('',#13615,1.);
#3641=VECTOR('',#13618,1.);
#3642=VECTOR('',#13619,1.);
#3643=VECTOR('',#13622,1.);
#3644=VECTOR('',#13625,1.);
#3645=VECTOR('',#13626,1.);
#3646=VECTOR('',#13627,1.);
#3647=VECTOR('',#13630,1.);
#3648=VECTOR('',#13631,1.);
#3649=VECTOR('',#13634,1.);
#3650=VECTOR('',#13635,1.);
#3651=VECTOR('',#13638,1.);
#3652=VECTOR('',#13641,1.);
#3653=VECTOR('',#13642,1.);
#3654=VECTOR('',#13643,1.);
#3655=VECTOR('',#13646,1.);
#3656=VECTOR('',#13647,1.);
#3657=VECTOR('',#13650,1.);
#3658=VECTOR('',#13651,1.);
#3659=VECTOR('',#13654,1.);
#3660=VECTOR('',#13657,1.);
#3661=VECTOR('',#13658,1.);
#3662=VECTOR('',#13659,1.);
#3663=VECTOR('',#13662,1.);
#3664=VECTOR('',#13663,1.);
#3665=VECTOR('',#13666,1.);
#3666=VECTOR('',#13667,1.);
#3667=VECTOR('',#13670,1.);
#3668=VECTOR('',#13673,1.);
#3669=VECTOR('',#13674,1.);
#3670=VECTOR('',#13675,1.);
#3671=VECTOR('',#13678,1.);
#3672=VECTOR('',#13679,1.);
#3673=VECTOR('',#13682,1.);
#3674=VECTOR('',#13683,1.);
#3675=VECTOR('',#13686,1.);
#3676=VECTOR('',#13689,1.);
#3677=VECTOR('',#13690,1.);
#3678=VECTOR('',#13691,1.);
#3679=VECTOR('',#13694,1.);
#3680=VECTOR('',#13695,1.);
#3681=VECTOR('',#13698,1.);
#3682=VECTOR('',#13699,1.);
#3683=VECTOR('',#13702,1.);
#3684=VECTOR('',#13705,1.);
#3685=VECTOR('',#13706,1.);
#3686=VECTOR('',#13707,1.);
#3687=VECTOR('',#13710,1.);
#3688=VECTOR('',#13711,1.);
#3689=VECTOR('',#13714,1.);
#3690=VECTOR('',#13715,1.);
#3691=VECTOR('',#13718,1.);
#3692=VECTOR('',#13721,1.);
#3693=VECTOR('',#13722,1.);
#3694=VECTOR('',#13723,1.);
#3695=VECTOR('',#13726,1.);
#3696=VECTOR('',#13727,1.);
#3697=VECTOR('',#13730,1.);
#3698=VECTOR('',#13731,1.);
#3699=VECTOR('',#13734,1.);
#3700=VECTOR('',#13737,1.);
#3701=VECTOR('',#13738,1.);
#3702=VECTOR('',#13739,1.);
#3703=VECTOR('',#13742,1.);
#3704=VECTOR('',#13743,1.);
#3705=VECTOR('',#13746,1.);
#3706=VECTOR('',#13747,1.);
#3707=VECTOR('',#13750,1.);
#3708=VECTOR('',#13753,1.);
#3709=VECTOR('',#13754,1.);
#3710=VECTOR('',#13755,1.);
#3711=VECTOR('',#13758,1.);
#3712=VECTOR('',#13759,1.);
#3713=VECTOR('',#13762,1.);
#3714=VECTOR('',#13763,1.);
#3715=VECTOR('',#13766,1.);
#3716=VECTOR('',#13769,1.);
#3717=VECTOR('',#13770,1.);
#3718=VECTOR('',#13771,1.);
#3719=VECTOR('',#13774,1.);
#3720=VECTOR('',#13775,1.);
#3721=VECTOR('',#13778,1.);
#3722=VECTOR('',#13779,1.);
#3723=VECTOR('',#13782,1.);
#3724=VECTOR('',#13785,1.);
#3725=VECTOR('',#13786,1.);
#3726=VECTOR('',#13787,1.);
#3727=VECTOR('',#13790,1.);
#3728=VECTOR('',#13791,1.);
#3729=VECTOR('',#13794,1.);
#3730=VECTOR('',#13795,1.);
#3731=VECTOR('',#13798,1.);
#3732=VECTOR('',#13801,1.);
#3733=VECTOR('',#13802,1.);
#3734=VECTOR('',#13803,1.);
#3735=VECTOR('',#13806,1.);
#3736=VECTOR('',#13807,1.);
#3737=VECTOR('',#13810,1.);
#3738=VECTOR('',#13811,1.);
#3739=VECTOR('',#13814,1.);
#3740=VECTOR('',#13817,1.);
#3741=VECTOR('',#13818,1.);
#3742=VECTOR('',#13819,1.);
#3743=VECTOR('',#13822,1.);
#3744=VECTOR('',#13823,1.);
#3745=VECTOR('',#13826,1.);
#3746=VECTOR('',#13827,1.);
#3747=VECTOR('',#13830,1.);
#3748=VECTOR('',#13833,1.);
#3749=VECTOR('',#13834,1.);
#3750=VECTOR('',#13835,1.);
#3751=VECTOR('',#13838,1.);
#3752=VECTOR('',#13839,1.);
#3753=VECTOR('',#13842,1.);
#3754=VECTOR('',#13843,1.);
#3755=VECTOR('',#13846,1.);
#3756=VECTOR('',#13849,1.);
#3757=VECTOR('',#13850,1.);
#3758=VECTOR('',#13851,1.);
#3759=VECTOR('',#13854,1.);
#3760=VECTOR('',#13855,1.);
#3761=VECTOR('',#13858,1.);
#3762=VECTOR('',#13859,1.);
#3763=VECTOR('',#13862,1.);
#3764=VECTOR('',#13865,1.);
#3765=VECTOR('',#13866,1.);
#3766=VECTOR('',#13867,1.);
#3767=VECTOR('',#13870,1.);
#3768=VECTOR('',#13871,1.);
#3769=VECTOR('',#13874,1.);
#3770=VECTOR('',#13875,1.);
#3771=VECTOR('',#13878,1.);
#3772=VECTOR('',#13879,1.);
#3773=VECTOR('',#13882,1.);
#3774=VECTOR('',#13883,1.);
#3775=VECTOR('',#13886,1.);
#3776=VECTOR('',#13887,1.);
#3777=VECTOR('',#13890,1.);
#3778=VECTOR('',#13891,1.);
#3779=VECTOR('',#13894,1.);
#3780=VECTOR('',#13895,1.);
#3781=VECTOR('',#13898,1.);
#3782=VECTOR('',#13899,1.);
#3783=VECTOR('',#13902,1.);
#3784=VECTOR('',#13903,1.);
#3785=VECTOR('',#13906,1.);
#3786=VECTOR('',#13907,1.);
#3787=VECTOR('',#13910,1.);
#3788=VECTOR('',#13911,1.);
#3789=VECTOR('',#13914,1.);
#3790=VECTOR('',#13915,1.);
#3791=VECTOR('',#13918,1.);
#3792=VECTOR('',#13919,1.);
#3793=VECTOR('',#13922,1.);
#3794=VECTOR('',#13923,1.);
#3795=VECTOR('',#13926,1.);
#3796=VECTOR('',#13927,1.);
#3797=VECTOR('',#13930,1.);
#3798=VECTOR('',#13931,1.);
#3799=VECTOR('',#13934,1.);
#3800=VECTOR('',#13935,1.);
#3801=VECTOR('',#13938,1.);
#3802=VECTOR('',#13939,1.);
#3803=VECTOR('',#13942,1.);
#3804=VECTOR('',#13943,1.);
#3805=VECTOR('',#13946,1.);
#3806=VECTOR('',#13947,1.);
#3807=VECTOR('',#13950,1.);
#3808=VECTOR('',#13951,1.);
#3809=VECTOR('',#13954,1.);
#3810=VECTOR('',#13955,1.);
#3811=VECTOR('',#13958,1.);
#3812=VECTOR('',#13959,1.);
#3813=VECTOR('',#13962,1.);
#3814=VECTOR('',#13963,1.);
#3815=VECTOR('',#13966,1.);
#3816=VECTOR('',#13967,1.);
#3817=VECTOR('',#13970,1.);
#3818=VECTOR('',#13971,1.);
#3819=VECTOR('',#13974,1.);
#3820=VECTOR('',#13975,1.);
#3821=VECTOR('',#13978,1.);
#3822=VECTOR('',#13979,1.);
#3823=VECTOR('',#13982,1.);
#3824=VECTOR('',#13983,1.);
#3825=VECTOR('',#13986,1.);
#3826=VECTOR('',#13987,1.);
#3827=VECTOR('',#13990,1.);
#3828=VECTOR('',#13991,1.);
#3829=VECTOR('',#13994,1.);
#3830=VECTOR('',#13995,1.);
#3831=VECTOR('',#13998,1.);
#3832=VECTOR('',#13999,1.);
#3833=VECTOR('',#14002,1.);
#3834=VECTOR('',#14003,1.);
#3835=VECTOR('',#14006,1.);
#3836=VECTOR('',#14007,1.);
#3837=VECTOR('',#14010,1.);
#3838=VECTOR('',#14011,1.);
#3839=VECTOR('',#14014,1.);
#3840=VECTOR('',#14015,1.);
#3841=VECTOR('',#14018,1.);
#3842=VECTOR('',#14019,1.);
#3843=VECTOR('',#14022,1.);
#3844=VECTOR('',#14023,1.);
#3845=VECTOR('',#14026,1.);
#3846=VECTOR('',#14027,1.);
#3847=VECTOR('',#14030,1.);
#3848=VECTOR('',#14031,1.);
#3849=VECTOR('',#14034,1.);
#3850=VECTOR('',#14035,1.);
#3851=VECTOR('',#14038,1.);
#3852=VECTOR('',#14041,1.);
#3853=VECTOR('',#14042,1.);
#3854=VECTOR('',#14043,1.);
#3855=VECTOR('',#14046,1.);
#3856=VECTOR('',#14047,1.);
#3857=VECTOR('',#14050,1.);
#3858=VECTOR('',#14051,1.);
#3859=VECTOR('',#14054,1.);
#3860=VECTOR('',#14057,1.);
#3861=VECTOR('',#14058,1.);
#3862=VECTOR('',#14059,1.);
#3863=VECTOR('',#14062,1.);
#3864=VECTOR('',#14063,1.);
#3865=VECTOR('',#14066,1.);
#3866=VECTOR('',#14067,1.);
#3867=VECTOR('',#14070,1.);
#3868=VECTOR('',#14073,1.);
#3869=VECTOR('',#14074,1.);
#3870=VECTOR('',#14075,1.);
#3871=VECTOR('',#14078,1.);
#3872=VECTOR('',#14079,1.);
#3873=VECTOR('',#14082,1.);
#3874=VECTOR('',#14083,1.);
#3875=VECTOR('',#14086,1.);
#3876=VECTOR('',#14089,1.);
#3877=VECTOR('',#14090,1.);
#3878=VECTOR('',#14091,1.);
#3879=VECTOR('',#14094,1.);
#3880=VECTOR('',#14095,1.);
#3881=VECTOR('',#14098,1.);
#3882=VECTOR('',#14099,1.);
#3883=VECTOR('',#14102,1.);
#3884=VECTOR('',#14103,1.);
#3885=VECTOR('',#14106,1.);
#3886=VECTOR('',#14107,1.);
#3887=VECTOR('',#14110,1.);
#3888=VECTOR('',#14111,1.);
#3889=VECTOR('',#14114,1.);
#3890=VECTOR('',#14115,1.);
#3891=VECTOR('',#14118,1.);
#3892=VECTOR('',#14119,1.);
#3893=VECTOR('',#14122,1.);
#3894=VECTOR('',#14123,1.);
#3895=VECTOR('',#14126,1.);
#3896=VECTOR('',#14127,1.);
#3897=VECTOR('',#14130,1.);
#3898=VECTOR('',#14131,1.);
#3899=VECTOR('',#14134,1.);
#3900=VECTOR('',#14135,1.);
#3901=VECTOR('',#14138,1.);
#3902=VECTOR('',#14139,1.);
#3903=VECTOR('',#14142,1.);
#3904=VECTOR('',#14143,1.);
#3905=VECTOR('',#14146,1.);
#3906=VECTOR('',#14147,1.);
#3907=VECTOR('',#14150,1.);
#3908=VECTOR('',#14151,1.);
#3909=VECTOR('',#14154,1.);
#3910=VECTOR('',#14155,1.);
#3911=VECTOR('',#14158,1.);
#3912=VECTOR('',#14159,1.);
#3913=VECTOR('',#14162,1.);
#3914=VECTOR('',#14163,1.);
#3915=VECTOR('',#14166,1.);
#3916=VECTOR('',#14167,1.);
#3917=VECTOR('',#14170,1.);
#3918=VECTOR('',#14171,1.);
#3919=VECTOR('',#14174,1.);
#3920=VECTOR('',#14175,1.);
#3921=VECTOR('',#14178,1.);
#3922=VECTOR('',#14179,1.);
#3923=VECTOR('',#14182,1.);
#3924=VECTOR('',#14183,1.);
#3925=VECTOR('',#14186,1.);
#3926=VECTOR('',#14187,1.);
#3927=VECTOR('',#14190,1.);
#3928=VECTOR('',#14191,1.);
#3929=VECTOR('',#14194,1.);
#3930=VECTOR('',#14195,1.);
#3931=VECTOR('',#14198,1.);
#3932=VECTOR('',#14199,1.);
#3933=VECTOR('',#14202,1.);
#3934=VECTOR('',#14203,1.);
#3935=VECTOR('',#14206,1.);
#3936=VECTOR('',#14207,1.);
#3937=VECTOR('',#14210,1.);
#3938=VECTOR('',#14211,1.);
#3939=VECTOR('',#14214,1.);
#3940=VECTOR('',#14215,1.);
#3941=VECTOR('',#14218,1.);
#3942=VECTOR('',#14219,1.);
#3943=VECTOR('',#14222,1.);
#3944=VECTOR('',#14223,1.);
#3945=VECTOR('',#14226,1.);
#3946=VECTOR('',#14227,1.);
#3947=VECTOR('',#14230,1.);
#3948=VECTOR('',#14231,1.);
#3949=VECTOR('',#14234,1.);
#3950=VECTOR('',#14235,1.);
#3951=VECTOR('',#14238,1.);
#3952=VECTOR('',#14239,1.);
#3953=VECTOR('',#14242,1.);
#3954=VECTOR('',#14243,1.);
#3955=VECTOR('',#14246,1.);
#3956=VECTOR('',#14247,1.);
#3957=VECTOR('',#14250,1.);
#3958=VECTOR('',#14251,1.);
#3959=VECTOR('',#14254,1.);
#3960=VECTOR('',#14255,1.);
#3961=VECTOR('',#14258,1.);
#3962=VECTOR('',#14259,1.);
#3963=VECTOR('',#14262,1.);
#3964=VECTOR('',#14265,1.);
#3965=VECTOR('',#14266,1.);
#3966=VECTOR('',#14267,1.);
#3967=VECTOR('',#14270,1.);
#3968=VECTOR('',#14271,1.);
#3969=VECTOR('',#14274,1.);
#3970=VECTOR('',#14275,1.);
#3971=VECTOR('',#14278,1.);
#3972=VECTOR('',#14281,1.);
#3973=VECTOR('',#14282,1.);
#3974=VECTOR('',#14283,1.);
#3975=VECTOR('',#14286,1.);
#3976=VECTOR('',#14287,1.);
#3977=VECTOR('',#14290,1.);
#3978=VECTOR('',#14291,1.);
#3979=VECTOR('',#14294,1.);
#3980=VECTOR('',#14295,1.);
#3981=VECTOR('',#14298,1.);
#3982=VECTOR('',#14299,1.);
#3983=VECTOR('',#14302,1.);
#3984=VECTOR('',#14303,1.);
#3985=VECTOR('',#14306,1.);
#3986=VECTOR('',#14307,1.);
#3987=VECTOR('',#14310,1.);
#3988=VECTOR('',#14311,1.);
#3989=VECTOR('',#14314,1.);
#3990=VECTOR('',#14315,1.);
#3991=VECTOR('',#14318,1.);
#3992=VECTOR('',#14319,1.);
#3993=VECTOR('',#14322,1.);
#3994=VECTOR('',#14323,1.);
#3995=VECTOR('',#14326,1.);
#3996=VECTOR('',#14327,1.);
#3997=VECTOR('',#14330,1.);
#3998=VECTOR('',#14331,1.);
#3999=VECTOR('',#14334,1.);
#4000=VECTOR('',#14335,1.);
#4001=VECTOR('',#14338,1.);
#4002=VECTOR('',#14339,1.);
#4003=VECTOR('',#14342,1.);
#4004=VECTOR('',#14343,1.);
#4005=VECTOR('',#14346,1.);
#4006=VECTOR('',#14347,1.);
#4007=VECTOR('',#14350,1.);
#4008=VECTOR('',#14351,1.);
#4009=VECTOR('',#14354,1.);
#4010=VECTOR('',#14355,1.);
#4011=VECTOR('',#14358,1.);
#4012=VECTOR('',#14359,1.);
#4013=VECTOR('',#14362,1.);
#4014=VECTOR('',#14363,1.);
#4015=VECTOR('',#14366,1.);
#4016=VECTOR('',#14367,1.);
#4017=VECTOR('',#14370,1.);
#4018=VECTOR('',#14371,1.);
#4019=VECTOR('',#14374,1.);
#4020=VECTOR('',#14375,1.);
#4021=VECTOR('',#14378,1.);
#4022=VECTOR('',#14379,1.);
#4023=VECTOR('',#14382,1.);
#4024=VECTOR('',#14383,1.);
#4025=VECTOR('',#14386,1.);
#4026=VECTOR('',#14387,1.);
#4027=VECTOR('',#14390,1.);
#4028=VECTOR('',#14391,1.);
#4029=VECTOR('',#14394,1.);
#4030=VECTOR('',#14395,1.);
#4031=VECTOR('',#14398,1.);
#4032=VECTOR('',#14399,1.);
#4033=VECTOR('',#14402,1.);
#4034=VECTOR('',#14403,1.);
#4035=VECTOR('',#14406,1.);
#4036=VECTOR('',#14407,1.);
#4037=VECTOR('',#14410,1.);
#4038=VECTOR('',#14411,1.);
#4039=VECTOR('',#14414,1.);
#4040=VECTOR('',#14415,1.);
#4041=VECTOR('',#14418,1.);
#4042=VECTOR('',#14419,1.);
#4043=VECTOR('',#14422,1.);
#4044=VECTOR('',#14423,1.);
#4045=VECTOR('',#14426,1.);
#4046=VECTOR('',#14427,1.);
#4047=VECTOR('',#14430,1.);
#4048=VECTOR('',#14431,1.);
#4049=VECTOR('',#14434,1.);
#4050=VECTOR('',#14435,1.);
#4051=VECTOR('',#14438,1.);
#4052=VECTOR('',#14439,1.);
#4053=VECTOR('',#14442,1.);
#4054=VECTOR('',#14443,1.);
#4055=VECTOR('',#14446,1.);
#4056=VECTOR('',#14447,1.);
#4057=VECTOR('',#14450,1.);
#4058=VECTOR('',#14451,1.);
#4059=VECTOR('',#14454,1.);
#4060=VECTOR('',#14457,1.);
#4061=VECTOR('',#14458,1.);
#4062=VECTOR('',#14459,1.);
#4063=VECTOR('',#14462,1.);
#4064=VECTOR('',#14463,1.);
#4065=VECTOR('',#14466,1.);
#4066=VECTOR('',#14467,1.);
#4067=VECTOR('',#14470,1.);
#4068=VECTOR('',#14473,1.);
#4069=VECTOR('',#14474,1.);
#4070=VECTOR('',#14475,1.);
#4071=VECTOR('',#14478,1.);
#4072=VECTOR('',#14479,1.);
#4073=VECTOR('',#14482,1.);
#4074=VECTOR('',#14483,1.);
#4075=VECTOR('',#14486,1.);
#4076=VECTOR('',#14489,1.);
#4077=VECTOR('',#14490,1.);
#4078=VECTOR('',#14491,1.);
#4079=VECTOR('',#14494,1.);
#4080=VECTOR('',#14495,1.);
#4081=VECTOR('',#14498,1.);
#4082=VECTOR('',#14499,1.);
#4083=VECTOR('',#14502,1.);
#4084=VECTOR('',#14505,1.);
#4085=VECTOR('',#14506,1.);
#4086=VECTOR('',#14507,1.);
#4087=VECTOR('',#14510,1.);
#4088=VECTOR('',#14511,1.);
#4089=VECTOR('',#14514,1.);
#4090=VECTOR('',#14515,1.);
#4091=VECTOR('',#14518,1.);
#4092=VECTOR('',#14521,1.);
#4093=VECTOR('',#14522,1.);
#4094=VECTOR('',#14523,1.);
#4095=VECTOR('',#14526,1.);
#4096=VECTOR('',#14527,1.);
#4097=VECTOR('',#14530,1.);
#4098=VECTOR('',#14531,1.);
#4099=VECTOR('',#14534,1.);
#4100=VECTOR('',#14537,1.);
#4101=VECTOR('',#14538,1.);
#4102=VECTOR('',#14539,1.);
#4103=VECTOR('',#14542,1.);
#4104=VECTOR('',#14543,1.);
#4105=VECTOR('',#14546,1.);
#4106=VECTOR('',#14547,1.);
#4107=VECTOR('',#14550,1.);
#4108=VECTOR('',#14553,1.);
#4109=VECTOR('',#14554,1.);
#4110=VECTOR('',#14555,1.);
#4111=VECTOR('',#14558,1.);
#4112=VECTOR('',#14559,1.);
#4113=VECTOR('',#14562,1.);
#4114=VECTOR('',#14563,1.);
#4115=VECTOR('',#14566,1.);
#4116=VECTOR('',#14569,1.);
#4117=VECTOR('',#14570,1.);
#4118=VECTOR('',#14571,1.);
#4119=VECTOR('',#14574,1.);
#4120=VECTOR('',#14575,1.);
#4121=VECTOR('',#14578,1.);
#4122=VECTOR('',#14579,1.);
#4123=VECTOR('',#14582,1.);
#4124=VECTOR('',#14585,1.);
#4125=VECTOR('',#14586,1.);
#4126=VECTOR('',#14587,1.);
#4127=VECTOR('',#14590,1.);
#4128=VECTOR('',#14591,1.);
#4129=VECTOR('',#14594,1.);
#4130=VECTOR('',#14595,1.);
#4131=VECTOR('',#14598,1.);
#4132=VECTOR('',#14601,10.);
#4133=VECTOR('',#14602,10.);
#4134=VECTOR('',#14603,10.);
#4135=VECTOR('',#14604,10.);
#4136=VECTOR('',#14605,10.);
#4137=VECTOR('',#14606,10.);
#4138=VECTOR('',#14609,2.);
#4139=VECTOR('',#14610,2.);
#4140=VECTOR('',#14611,10.);
#4141=VECTOR('',#14614,10.);
#4142=VECTOR('',#14617,10.);
#4143=VECTOR('',#14620,10.);
#4144=VECTOR('',#14621,10.);
#4145=VECTOR('',#14622,10.);
#4146=VECTOR('',#14623,10.);
#4147=VECTOR('',#14624,10.);
#4148=VECTOR('',#14625,10.);
#4149=VECTOR('',#14628,10.);
#4150=VECTOR('',#14631,10.);
#4151=VECTOR('',#14632,10.);
#4152=VECTOR('',#14635,10.);
#4153=VECTOR('',#14636,10.);
#4154=VECTOR('',#14639,10.);
#4155=VECTOR('',#14640,10.);
#4156=VECTOR('',#14643,10.);
#4157=VECTOR('',#14644,10.);
#4158=VECTOR('',#14647,10.);
#4159=VECTOR('',#14648,10.);
#4160=VECTOR('',#14651,10.);
#4161=VECTOR('',#14652,10.);
#4162=VECTOR('',#14655,10.);
#4163=VECTOR('',#14656,10.);
#4164=VECTOR('',#14659,10.);
#4165=VECTOR('',#14666,7.5);
#4166=VECTOR('',#14675,10.);
#4167=VECTOR('',#14676,10.);
#4168=VECTOR('',#14677,10.);
#4169=VECTOR('',#14678,10.);
#4170=VECTOR('',#14681,10.);
#4171=VECTOR('',#14682,10.);
#4172=VECTOR('',#14683,10.);
#4173=VECTOR('',#14686,10.);
#4174=VECTOR('',#14687,10.);
#4175=VECTOR('',#14688,10.);
#4176=VECTOR('',#14691,10.);
#4177=VECTOR('',#14692,10.);
#4178=VECTOR('',#14699,10.);
#4179=VECTOR('',#14700,10.);
#4180=VECTOR('',#14701,10.);
#4181=VECTOR('',#14702,10.);
#4182=VECTOR('',#14703,10.);
#4183=VECTOR('',#14704,10.);
#4184=VECTOR('',#14705,10.);
#4185=VECTOR('',#14706,10.);
#4186=VECTOR('',#14707,10.);
#4187=VECTOR('',#14708,10.);
#4188=VECTOR('',#14709,10.);
#4189=VECTOR('',#14710,10.);
#4190=VECTOR('',#14713,10.);
#4191=VECTOR('',#14714,10.);
#4192=VECTOR('',#14715,10.);
#4193=VECTOR('',#14718,10.);
#4194=VECTOR('',#14719,10.);
#4195=VECTOR('',#14722,10.);
#4196=VECTOR('',#14723,10.);
#4197=VECTOR('',#14724,10.);
#4198=VECTOR('',#14725,10.);
#4199=VECTOR('',#14726,10.);
#4200=VECTOR('',#14727,10.);
#4201=VECTOR('',#14730,10.);
#4202=VECTOR('',#14731,10.);
#4203=VECTOR('',#14732,10.);
#4204=VECTOR('',#14735,10.);
#4205=VECTOR('',#14736,10.);
#4206=VECTOR('',#14739,10.);
#4207=VECTOR('',#14740,10.);
#4208=VECTOR('',#14741,10.);
#4209=VECTOR('',#14742,10.);
#4210=VECTOR('',#14743,10.);
#4211=VECTOR('',#14744,10.);
#4212=VECTOR('',#14745,1.);
#4213=VECTOR('',#14746,1.);
#4214=VECTOR('',#14747,1.);
#4215=VECTOR('',#14748,1.);
#4216=VECTOR('',#14749,1.);
#4217=VECTOR('',#14750,1.);
#4218=VECTOR('',#14751,1.);
#4219=VECTOR('',#14752,1.);
#4220=VECTOR('',#14753,1.);
#4221=VECTOR('',#14754,1.);
#4222=VECTOR('',#14755,1.);
#4223=VECTOR('',#14756,1.);
#4224=VECTOR('',#14757,1.);
#4225=VECTOR('',#14758,1.);
#4226=VECTOR('',#14759,1.);
#4227=VECTOR('',#14760,1.);
#4228=VECTOR('',#14761,1.);
#4229=VECTOR('',#14762,1.);
#4230=VECTOR('',#14763,1.);
#4231=VECTOR('',#14764,1.);
#4232=VECTOR('',#14765,1.);
#4233=VECTOR('',#14766,1.);
#4234=VECTOR('',#14767,1.);
#4235=VECTOR('',#14768,1.);
#4236=VECTOR('',#14769,1.);
#4237=VECTOR('',#14770,1.);
#4238=VECTOR('',#14771,1.);
#4239=VECTOR('',#14772,1.);
#4240=VECTOR('',#14773,1.);
#4241=VECTOR('',#14774,1.);
#4242=VECTOR('',#14775,1.);
#4243=VECTOR('',#14776,1.);
#4244=VECTOR('',#14777,1.);
#4245=VECTOR('',#14778,1.);
#4246=VECTOR('',#14779,1.);
#4247=VECTOR('',#14780,1.);
#4248=VECTOR('',#14783,10.);
#4249=VECTOR('',#14784,10.);
#4250=VECTOR('',#14785,10.);
#4251=VECTOR('',#14786,10.);
#4252=VECTOR('',#14787,10.);
#4253=VECTOR('',#14788,10.);
#4254=VECTOR('',#14789,10.);
#4255=VECTOR('',#14790,10.);
#4256=VECTOR('',#14791,10.);
#4257=VECTOR('',#14796,2.5);
#4258=VECTOR('',#14799,10.);
#4259=VECTOR('',#14802,10.);
#4260=VECTOR('',#14805,10.);
#4261=VECTOR('',#14806,10.);
#4262=VECTOR('',#14807,10.);
#4263=VECTOR('',#14808,10.);
#4264=VECTOR('',#14809,10.);
#4265=VECTOR('',#14812,10.);
#4266=VECTOR('',#14813,10.);
#4267=VECTOR('',#14814,10.);
#4268=VECTOR('',#14815,10.);
#4269=VECTOR('',#14818,10.);
#4270=VECTOR('',#14819,10.);
#4271=VECTOR('',#14820,10.);
#4272=VECTOR('',#14821,10.);
#4273=VECTOR('',#14822,10.);
#4274=VECTOR('',#14823,2.);
#4275=VECTOR('',#14826,10.);
#4276=VECTOR('',#14827,10.);
#4277=VECTOR('',#14828,10.);
#4278=VECTOR('',#14831,10.);
#4279=VECTOR('',#14832,10.);
#4280=VECTOR('',#14833,10.);
#4281=VECTOR('',#14834,10.);
#4282=VECTOR('',#14835,10.);
#4283=VECTOR('',#14836,10.);
#4284=VECTOR('',#14839,10.);
#4285=VECTOR('',#14840,10.);
#4286=VECTOR('',#14841,10.);
#4287=VECTOR('',#14844,10.);
#4288=VECTOR('',#14845,10.);
#4289=VECTOR('',#14846,10.);
#4290=VECTOR('',#14853,10.);
#4291=VECTOR('',#14854,10.);
#4292=VECTOR('',#14855,10.);
#4293=VECTOR('',#14858,1.);
#4294=VECTOR('',#14859,1.);
#4295=VECTOR('',#14860,1.);
#4296=VECTOR('',#14863,1.);
#4297=VECTOR('',#14864,1.);
#4298=VECTOR('',#14867,1.);
#4299=VECTOR('',#14868,1.);
#4300=VECTOR('',#14871,1.);
#4301=VECTOR('',#14874,1.);
#4302=VECTOR('',#14875,1.);
#4303=VECTOR('',#14876,1.);
#4304=VECTOR('',#14879,1.);
#4305=VECTOR('',#14880,1.);
#4306=VECTOR('',#14883,1.);
#4307=VECTOR('',#14884,1.);
#4308=VECTOR('',#14887,1.);
#4309=VECTOR('',#14890,1.);
#4310=VECTOR('',#14891,1.);
#4311=VECTOR('',#14892,1.);
#4312=VECTOR('',#14895,1.);
#4313=VECTOR('',#14896,1.);
#4314=VECTOR('',#14899,1.);
#4315=VECTOR('',#14900,1.);
#4316=VECTOR('',#14903,1.);
#4317=VECTOR('',#14906,1.);
#4318=VECTOR('',#14907,1.);
#4319=VECTOR('',#14908,1.);
#4320=VECTOR('',#14911,1.);
#4321=VECTOR('',#14912,1.);
#4322=VECTOR('',#14915,1.);
#4323=VECTOR('',#14916,1.);
#4324=VECTOR('',#14919,1.);
#4325=VECTOR('',#14922,1.);
#4326=VECTOR('',#14923,1.);
#4327=VECTOR('',#14924,1.);
#4328=VECTOR('',#14927,1.);
#4329=VECTOR('',#14928,1.);
#4330=VECTOR('',#14931,1.);
#4331=VECTOR('',#14932,1.);
#4332=VECTOR('',#14935,1.);
#4333=VECTOR('',#14938,1.);
#4334=VECTOR('',#14939,1.);
#4335=VECTOR('',#14940,1.);
#4336=VECTOR('',#14943,1.);
#4337=VECTOR('',#14944,1.);
#4338=VECTOR('',#14947,1.);
#4339=VECTOR('',#14948,1.);
#4340=VECTOR('',#14951,1.);
#4341=VECTOR('',#14954,1.);
#4342=VECTOR('',#14955,1.);
#4343=VECTOR('',#14956,1.);
#4344=VECTOR('',#14959,1.);
#4345=VECTOR('',#14960,1.);
#4346=VECTOR('',#14963,1.);
#4347=VECTOR('',#14964,1.);
#4348=VECTOR('',#14967,1.);
#4349=VECTOR('',#14970,1.);
#4350=VECTOR('',#14971,1.);
#4351=VECTOR('',#14972,1.);
#4352=VECTOR('',#14975,1.);
#4353=VECTOR('',#14976,1.);
#4354=VECTOR('',#14979,1.);
#4355=VECTOR('',#14980,1.);
#4356=VECTOR('',#14983,1.);
#4357=VECTOR('',#14986,1.);
#4358=VECTOR('',#14987,1.);
#4359=VECTOR('',#14988,1.);
#4360=VECTOR('',#14991,1.);
#4361=VECTOR('',#14992,1.);
#4362=VECTOR('',#14995,1.);
#4363=VECTOR('',#14996,1.);
#4364=VECTOR('',#14999,1.);
#4365=VECTOR('',#15002,10.);
#4366=VECTOR('',#15003,10.);
#4367=VECTOR('',#15004,10.);
#4368=VECTOR('',#15007,10.);
#4369=VECTOR('',#15008,10.);
#4370=VECTOR('',#15011,10.);
#4371=VECTOR('',#15012,10.);
#4372=VECTOR('',#15013,10.);
#4373=VECTOR('',#15014,10.);
#4374=VECTOR('',#15015,10.);
#4375=VECTOR('',#15018,10.);
#4376=VECTOR('',#15019,10.);
#4377=VECTOR('',#15022,10.);
#4378=VECTOR('',#15023,10.);
#4379=VECTOR('',#15024,10.);
#4380=VECTOR('',#15025,10.);
#4381=VECTOR('',#15028,10.);
#4382=VECTOR('',#15029,10.);
#4383=VECTOR('',#15034,10.);
#4384=VECTOR('',#15035,10.);
#4385=VECTOR('',#15036,10.);
#4386=VECTOR('',#15039,10.);
#4387=VECTOR('',#15042,10.);
#4388=VECTOR('',#15045,10.);
#4389=VECTOR('',#15048,10.);
#4390=VECTOR('',#15053,10.);
#4391=VECTOR('',#15054,10.);
#4392=VECTOR('',#15057,10.);
#4393=VECTOR('',#15058,10.);
#4394=VECTOR('',#15061,10.);
#4395=VECTOR('',#15062,10.);
#4396=VECTOR('',#15065,10.);
#4397=VECTOR('',#15066,10.);
#4398=VECTOR('',#15067,10.);
#4399=VECTOR('',#15070,10.);
#4400=VECTOR('',#15071,10.);
#4401=VECTOR('',#15076,10.);
#4402=VECTOR('',#15079,10.);
#4403=VECTOR('',#15084,10.);
#4404=VECTOR('',#15087,10.);
#4405=VECTOR('',#15090,10.);
#4406=VECTOR('',#15095,10.);
#4407=VERTEX_POINT('',#15392);
#4408=VERTEX_POINT('',#15393);
#4409=VERTEX_POINT('',#15395);
#4410=VERTEX_POINT('',#15397);
#4411=VERTEX_POINT('',#15399);
#4412=VERTEX_POINT('',#15403);
#4413=VERTEX_POINT('',#15405);
#4414=VERTEX_POINT('',#15407);
#4415=VERTEX_POINT('',#15411);
#4416=VERTEX_POINT('',#15412);
#4417=VERTEX_POINT('',#15414);
#4418=VERTEX_POINT('',#15416);
#4419=VERTEX_POINT('',#15419);
#4420=VERTEX_POINT('',#15420);
#4421=VERTEX_POINT('',#15422);
#4422=VERTEX_POINT('',#15424);
#4423=VERTEX_POINT('',#15427);
#4424=VERTEX_POINT('',#15428);
#4425=VERTEX_POINT('',#15430);
#4426=VERTEX_POINT('',#15432);
#4427=VERTEX_POINT('',#15435);
#4428=VERTEX_POINT('',#15436);
#4429=VERTEX_POINT('',#15438);
#4430=VERTEX_POINT('',#15440);
#4431=VERTEX_POINT('',#15443);
#4432=VERTEX_POINT('',#15444);
#4433=VERTEX_POINT('',#15446);
#4434=VERTEX_POINT('',#15448);
#4435=VERTEX_POINT('',#15451);
#4436=VERTEX_POINT('',#15452);
#4437=VERTEX_POINT('',#15454);
#4438=VERTEX_POINT('',#15456);
#4439=VERTEX_POINT('',#15459);
#4440=VERTEX_POINT('',#15460);
#4441=VERTEX_POINT('',#15462);
#4442=VERTEX_POINT('',#15464);
#4443=VERTEX_POINT('',#15467);
#4444=VERTEX_POINT('',#15468);
#4445=VERTEX_POINT('',#15470);
#4446=VERTEX_POINT('',#15472);
#4447=VERTEX_POINT('',#15475);
#4448=VERTEX_POINT('',#15476);
#4449=VERTEX_POINT('',#15478);
#4450=VERTEX_POINT('',#15480);
#4451=VERTEX_POINT('',#15483);
#4452=VERTEX_POINT('',#15484);
#4453=VERTEX_POINT('',#15486);
#4454=VERTEX_POINT('',#15488);
#4455=VERTEX_POINT('',#15491);
#4456=VERTEX_POINT('',#15492);
#4457=VERTEX_POINT('',#15494);
#4458=VERTEX_POINT('',#15496);
#4459=VERTEX_POINT('',#15498);
#4460=VERTEX_POINT('',#15500);
#4461=VERTEX_POINT('',#15502);
#4462=VERTEX_POINT('',#15504);
#4463=VERTEX_POINT('',#15506);
#4464=VERTEX_POINT('',#15508);
#4465=VERTEX_POINT('',#15510);
#4466=VERTEX_POINT('',#15512);
#4467=VERTEX_POINT('',#15514);
#4468=VERTEX_POINT('',#15516);
#4469=VERTEX_POINT('',#15518);
#4470=VERTEX_POINT('',#15520);
#4471=VERTEX_POINT('',#15522);
#4472=VERTEX_POINT('',#15524);
#4473=VERTEX_POINT('',#15526);
#4474=VERTEX_POINT('',#15528);
#4475=VERTEX_POINT('',#15530);
#4476=VERTEX_POINT('',#15532);
#4477=VERTEX_POINT('',#15534);
#4478=VERTEX_POINT('',#15536);
#4479=VERTEX_POINT('',#15538);
#4480=VERTEX_POINT('',#15540);
#4481=VERTEX_POINT('',#15542);
#4482=VERTEX_POINT('',#15544);
#4483=VERTEX_POINT('',#15546);
#4484=VERTEX_POINT('',#15548);
#4485=VERTEX_POINT('',#15550);
#4486=VERTEX_POINT('',#15552);
#4487=VERTEX_POINT('',#15554);
#4488=VERTEX_POINT('',#15556);
#4489=VERTEX_POINT('',#15558);
#4490=VERTEX_POINT('',#15560);
#4491=VERTEX_POINT('',#15562);
#4492=VERTEX_POINT('',#15564);
#4493=VERTEX_POINT('',#15566);
#4494=VERTEX_POINT('',#15568);
#4495=VERTEX_POINT('',#15570);
#4496=VERTEX_POINT('',#15572);
#4497=VERTEX_POINT('',#15574);
#4498=VERTEX_POINT('',#15576);
#4499=VERTEX_POINT('',#15579);
#4500=VERTEX_POINT('',#15580);
#4501=VERTEX_POINT('',#15582);
#4502=VERTEX_POINT('',#15584);
#4503=VERTEX_POINT('',#15587);
#4504=VERTEX_POINT('',#15588);
#4505=VERTEX_POINT('',#15590);
#4506=VERTEX_POINT('',#15592);
#4507=VERTEX_POINT('',#15594);
#4508=VERTEX_POINT('',#15596);
#4509=VERTEX_POINT('',#15598);
#4510=VERTEX_POINT('',#15600);
#4511=VERTEX_POINT('',#15602);
#4512=VERTEX_POINT('',#15604);
#4513=VERTEX_POINT('',#15606);
#4514=VERTEX_POINT('',#15608);
#4515=VERTEX_POINT('',#15610);
#4516=VERTEX_POINT('',#15612);
#4517=VERTEX_POINT('',#15614);
#4518=VERTEX_POINT('',#15616);
#4519=VERTEX_POINT('',#15618);
#4520=VERTEX_POINT('',#15620);
#4521=VERTEX_POINT('',#15622);
#4522=VERTEX_POINT('',#15624);
#4523=VERTEX_POINT('',#15626);
#4524=VERTEX_POINT('',#15628);
#4525=VERTEX_POINT('',#15630);
#4526=VERTEX_POINT('',#15632);
#4527=VERTEX_POINT('',#15634);
#4528=VERTEX_POINT('',#15636);
#4529=VERTEX_POINT('',#15638);
#4530=VERTEX_POINT('',#15640);
#4531=VERTEX_POINT('',#15642);
#4532=VERTEX_POINT('',#15644);
#4533=VERTEX_POINT('',#15646);
#4534=VERTEX_POINT('',#15648);
#4535=VERTEX_POINT('',#15650);
#4536=VERTEX_POINT('',#15652);
#4537=VERTEX_POINT('',#15654);
#4538=VERTEX_POINT('',#15656);
#4539=VERTEX_POINT('',#15658);
#4540=VERTEX_POINT('',#15660);
#4541=VERTEX_POINT('',#15662);
#4542=VERTEX_POINT('',#15664);
#4543=VERTEX_POINT('',#15666);
#4544=VERTEX_POINT('',#15668);
#4545=VERTEX_POINT('',#15670);
#4546=VERTEX_POINT('',#15672);
#4547=VERTEX_POINT('',#15675);
#4548=VERTEX_POINT('',#15676);
#4549=VERTEX_POINT('',#15678);
#4550=VERTEX_POINT('',#15680);
#4551=VERTEX_POINT('',#15683);
#4552=VERTEX_POINT('',#15684);
#4553=VERTEX_POINT('',#15686);
#4554=VERTEX_POINT('',#15688);
#4555=VERTEX_POINT('',#15691);
#4556=VERTEX_POINT('',#15692);
#4557=VERTEX_POINT('',#15694);
#4558=VERTEX_POINT('',#15696);
#4559=VERTEX_POINT('',#15699);
#4560=VERTEX_POINT('',#15700);
#4561=VERTEX_POINT('',#15702);
#4562=VERTEX_POINT('',#15704);
#4563=VERTEX_POINT('',#15706);
#4564=VERTEX_POINT('',#15708);
#4565=VERTEX_POINT('',#15710);
#4566=VERTEX_POINT('',#15712);
#4567=VERTEX_POINT('',#15714);
#4568=VERTEX_POINT('',#15716);
#4569=VERTEX_POINT('',#15718);
#4570=VERTEX_POINT('',#15720);
#4571=VERTEX_POINT('',#15722);
#4572=VERTEX_POINT('',#15724);
#4573=VERTEX_POINT('',#15726);
#4574=VERTEX_POINT('',#15728);
#4575=VERTEX_POINT('',#15730);
#4576=VERTEX_POINT('',#15732);
#4577=VERTEX_POINT('',#15734);
#4578=VERTEX_POINT('',#15736);
#4579=VERTEX_POINT('',#15738);
#4580=VERTEX_POINT('',#15740);
#4581=VERTEX_POINT('',#15742);
#4582=VERTEX_POINT('',#15744);
#4583=VERTEX_POINT('',#15746);
#4584=VERTEX_POINT('',#15748);
#4585=VERTEX_POINT('',#15750);
#4586=VERTEX_POINT('',#15752);
#4587=VERTEX_POINT('',#15754);
#4588=VERTEX_POINT('',#15756);
#4589=VERTEX_POINT('',#15758);
#4590=VERTEX_POINT('',#15760);
#4591=VERTEX_POINT('',#15762);
#4592=VERTEX_POINT('',#15764);
#4593=VERTEX_POINT('',#15766);
#4594=VERTEX_POINT('',#15768);
#4595=VERTEX_POINT('',#15770);
#4596=VERTEX_POINT('',#15772);
#4597=VERTEX_POINT('',#15774);
#4598=VERTEX_POINT('',#15776);
#4599=VERTEX_POINT('',#15778);
#4600=VERTEX_POINT('',#15780);
#4601=VERTEX_POINT('',#15782);
#4602=VERTEX_POINT('',#15784);
#4603=VERTEX_POINT('',#15787);
#4604=VERTEX_POINT('',#15788);
#4605=VERTEX_POINT('',#15790);
#4606=VERTEX_POINT('',#15792);
#4607=VERTEX_POINT('',#15795);
#4608=VERTEX_POINT('',#15796);
#4609=VERTEX_POINT('',#15798);
#4610=VERTEX_POINT('',#15800);
#4611=VERTEX_POINT('',#15803);
#4612=VERTEX_POINT('',#15804);
#4613=VERTEX_POINT('',#15806);
#4614=VERTEX_POINT('',#15808);
#4615=VERTEX_POINT('',#15811);
#4616=VERTEX_POINT('',#15812);
#4617=VERTEX_POINT('',#15814);
#4618=VERTEX_POINT('',#15816);
#4619=VERTEX_POINT('',#15819);
#4620=VERTEX_POINT('',#15820);
#4621=VERTEX_POINT('',#15822);
#4622=VERTEX_POINT('',#15824);
#4623=VERTEX_POINT('',#15827);
#4624=VERTEX_POINT('',#15828);
#4625=VERTEX_POINT('',#15830);
#4626=VERTEX_POINT('',#15832);
#4627=VERTEX_POINT('',#15835);
#4628=VERTEX_POINT('',#15836);
#4629=VERTEX_POINT('',#15838);
#4630=VERTEX_POINT('',#15840);
#4631=VERTEX_POINT('',#15843);
#4632=VERTEX_POINT('',#15844);
#4633=VERTEX_POINT('',#15846);
#4634=VERTEX_POINT('',#15848);
#4635=VERTEX_POINT('',#15851);
#4636=VERTEX_POINT('',#15852);
#4637=VERTEX_POINT('',#15854);
#4638=VERTEX_POINT('',#15856);
#4639=VERTEX_POINT('',#15859);
#4640=VERTEX_POINT('',#15860);
#4641=VERTEX_POINT('',#15862);
#4642=VERTEX_POINT('',#15864);
#4643=VERTEX_POINT('',#15867);
#4644=VERTEX_POINT('',#15868);
#4645=VERTEX_POINT('',#15870);
#4646=VERTEX_POINT('',#15872);
#4647=VERTEX_POINT('',#15875);
#4648=VERTEX_POINT('',#15876);
#4649=VERTEX_POINT('',#15878);
#4650=VERTEX_POINT('',#15880);
#4651=VERTEX_POINT('',#15883);
#4652=VERTEX_POINT('',#15884);
#4653=VERTEX_POINT('',#15886);
#4654=VERTEX_POINT('',#15888);
#4655=VERTEX_POINT('',#15891);
#4656=VERTEX_POINT('',#15892);
#4657=VERTEX_POINT('',#15894);
#4658=VERTEX_POINT('',#15896);
#4659=VERTEX_POINT('',#15899);
#4660=VERTEX_POINT('',#15900);
#4661=VERTEX_POINT('',#15902);
#4662=VERTEX_POINT('',#15904);
#4663=VERTEX_POINT('',#15907);
#4664=VERTEX_POINT('',#15908);
#4665=VERTEX_POINT('',#15910);
#4666=VERTEX_POINT('',#15912);
#4667=VERTEX_POINT('',#15915);
#4668=VERTEX_POINT('',#15916);
#4669=VERTEX_POINT('',#15918);
#4670=VERTEX_POINT('',#15920);
#4671=VERTEX_POINT('',#15923);
#4672=VERTEX_POINT('',#15924);
#4673=VERTEX_POINT('',#15926);
#4674=VERTEX_POINT('',#15928);
#4675=VERTEX_POINT('',#15931);
#4676=VERTEX_POINT('',#15932);
#4677=VERTEX_POINT('',#15934);
#4678=VERTEX_POINT('',#15936);
#4679=VERTEX_POINT('',#15939);
#4680=VERTEX_POINT('',#15940);
#4681=VERTEX_POINT('',#15942);
#4682=VERTEX_POINT('',#15944);
#4683=VERTEX_POINT('',#15947);
#4684=VERTEX_POINT('',#15948);
#4685=VERTEX_POINT('',#15950);
#4686=VERTEX_POINT('',#15952);
#4687=VERTEX_POINT('',#15955);
#4688=VERTEX_POINT('',#15956);
#4689=VERTEX_POINT('',#15958);
#4690=VERTEX_POINT('',#15960);
#4691=VERTEX_POINT('',#15963);
#4692=VERTEX_POINT('',#15964);
#4693=VERTEX_POINT('',#15966);
#4694=VERTEX_POINT('',#15968);
#4695=VERTEX_POINT('',#15971);
#4696=VERTEX_POINT('',#15972);
#4697=VERTEX_POINT('',#15974);
#4698=VERTEX_POINT('',#15976);
#4699=VERTEX_POINT('',#15979);
#4700=VERTEX_POINT('',#15980);
#4701=VERTEX_POINT('',#15982);
#4702=VERTEX_POINT('',#15984);
#4703=VERTEX_POINT('',#15987);
#4704=VERTEX_POINT('',#15988);
#4705=VERTEX_POINT('',#15990);
#4706=VERTEX_POINT('',#15992);
#4707=VERTEX_POINT('',#15995);
#4708=VERTEX_POINT('',#15996);
#4709=VERTEX_POINT('',#15998);
#4710=VERTEX_POINT('',#16000);
#4711=VERTEX_POINT('',#16003);
#4712=VERTEX_POINT('',#16004);
#4713=VERTEX_POINT('',#16006);
#4714=VERTEX_POINT('',#16008);
#4715=VERTEX_POINT('',#16011);
#4716=VERTEX_POINT('',#16012);
#4717=VERTEX_POINT('',#16014);
#4718=VERTEX_POINT('',#16016);
#4719=VERTEX_POINT('',#16019);
#4720=VERTEX_POINT('',#16020);
#4721=VERTEX_POINT('',#16022);
#4722=VERTEX_POINT('',#16024);
#4723=VERTEX_POINT('',#16027);
#4724=VERTEX_POINT('',#16028);
#4725=VERTEX_POINT('',#16030);
#4726=VERTEX_POINT('',#16032);
#4727=VERTEX_POINT('',#16035);
#4728=VERTEX_POINT('',#16036);
#4729=VERTEX_POINT('',#16038);
#4730=VERTEX_POINT('',#16040);
#4731=VERTEX_POINT('',#16043);
#4732=VERTEX_POINT('',#16044);
#4733=VERTEX_POINT('',#16046);
#4734=VERTEX_POINT('',#16048);
#4735=VERTEX_POINT('',#16051);
#4736=VERTEX_POINT('',#16052);
#4737=VERTEX_POINT('',#16054);
#4738=VERTEX_POINT('',#16056);
#4739=VERTEX_POINT('',#16059);
#4740=VERTEX_POINT('',#16060);
#4741=VERTEX_POINT('',#16062);
#4742=VERTEX_POINT('',#16064);
#4743=VERTEX_POINT('',#16067);
#4744=VERTEX_POINT('',#16068);
#4745=VERTEX_POINT('',#16070);
#4746=VERTEX_POINT('',#16072);
#4747=VERTEX_POINT('',#16075);
#4748=VERTEX_POINT('',#16076);
#4749=VERTEX_POINT('',#16078);
#4750=VERTEX_POINT('',#16080);
#4751=VERTEX_POINT('',#16083);
#4752=VERTEX_POINT('',#16084);
#4753=VERTEX_POINT('',#16086);
#4754=VERTEX_POINT('',#16088);
#4755=VERTEX_POINT('',#16091);
#4756=VERTEX_POINT('',#16092);
#4757=VERTEX_POINT('',#16094);
#4758=VERTEX_POINT('',#16096);
#4759=VERTEX_POINT('',#16099);
#4760=VERTEX_POINT('',#16100);
#4761=VERTEX_POINT('',#16102);
#4762=VERTEX_POINT('',#16104);
#4763=VERTEX_POINT('',#16106);
#4764=VERTEX_POINT('',#16108);
#4765=VERTEX_POINT('',#16110);
#4766=VERTEX_POINT('',#16112);
#4767=VERTEX_POINT('',#16114);
#4768=VERTEX_POINT('',#16116);
#4769=VERTEX_POINT('',#16118);
#4770=VERTEX_POINT('',#16120);
#4771=VERTEX_POINT('',#16122);
#4772=VERTEX_POINT('',#16124);
#4773=VERTEX_POINT('',#16126);
#4774=VERTEX_POINT('',#16128);
#4775=VERTEX_POINT('',#16130);
#4776=VERTEX_POINT('',#16132);
#4777=VERTEX_POINT('',#16134);
#4778=VERTEX_POINT('',#16136);
#4779=VERTEX_POINT('',#16138);
#4780=VERTEX_POINT('',#16140);
#4781=VERTEX_POINT('',#16142);
#4782=VERTEX_POINT('',#16144);
#4783=VERTEX_POINT('',#16146);
#4784=VERTEX_POINT('',#16148);
#4785=VERTEX_POINT('',#16150);
#4786=VERTEX_POINT('',#16152);
#4787=VERTEX_POINT('',#16154);
#4788=VERTEX_POINT('',#16156);
#4789=VERTEX_POINT('',#16158);
#4790=VERTEX_POINT('',#16160);
#4791=VERTEX_POINT('',#16162);
#4792=VERTEX_POINT('',#16164);
#4793=VERTEX_POINT('',#16166);
#4794=VERTEX_POINT('',#16168);
#4795=VERTEX_POINT('',#16170);
#4796=VERTEX_POINT('',#16172);
#4797=VERTEX_POINT('',#16174);
#4798=VERTEX_POINT('',#16176);
#4799=VERTEX_POINT('',#16178);
#4800=VERTEX_POINT('',#16180);
#4801=VERTEX_POINT('',#16182);
#4802=VERTEX_POINT('',#16184);
#4803=VERTEX_POINT('',#16187);
#4804=VERTEX_POINT('',#16188);
#4805=VERTEX_POINT('',#16190);
#4806=VERTEX_POINT('',#16192);
#4807=VERTEX_POINT('',#16195);
#4808=VERTEX_POINT('',#16196);
#4809=VERTEX_POINT('',#16198);
#4810=VERTEX_POINT('',#16200);
#4811=VERTEX_POINT('',#16203);
#4812=VERTEX_POINT('',#16204);
#4813=VERTEX_POINT('',#16206);
#4814=VERTEX_POINT('',#16208);
#4815=VERTEX_POINT('',#16211);
#4816=VERTEX_POINT('',#16212);
#4817=VERTEX_POINT('',#16214);
#4818=VERTEX_POINT('',#16216);
#4819=VERTEX_POINT('',#16219);
#4820=VERTEX_POINT('',#16220);
#4821=VERTEX_POINT('',#16222);
#4822=VERTEX_POINT('',#16224);
#4823=VERTEX_POINT('',#16227);
#4824=VERTEX_POINT('',#16228);
#4825=VERTEX_POINT('',#16230);
#4826=VERTEX_POINT('',#16232);
#4827=VERTEX_POINT('',#16239);
#4828=VERTEX_POINT('',#16240);
#4829=VERTEX_POINT('',#16242);
#4830=VERTEX_POINT('',#16244);
#4831=VERTEX_POINT('',#16248);
#4832=VERTEX_POINT('',#16249);
#4833=VERTEX_POINT('',#16251);
#4834=VERTEX_POINT('',#16253);
#4835=VERTEX_POINT('',#16257);
#4836=VERTEX_POINT('',#16259);
#4837=VERTEX_POINT('',#16263);
#4838=VERTEX_POINT('',#16265);
#4839=VERTEX_POINT('',#16269);
#4840=VERTEX_POINT('',#16273);
#4841=VERTEX_POINT('',#16279);
#4842=VERTEX_POINT('',#16281);
#4843=VERTEX_POINT('',#16285);
#4844=VERTEX_POINT('',#16289);
#4845=VERTEX_POINT('',#16295);
#4846=VERTEX_POINT('',#16297);
#4847=VERTEX_POINT('',#16301);
#4848=VERTEX_POINT('',#16305);
#4849=VERTEX_POINT('',#16311);
#4850=VERTEX_POINT('',#16313);
#4851=VERTEX_POINT('',#16317);
#4852=VERTEX_POINT('',#16321);
#4853=VERTEX_POINT('',#16327);
#4854=VERTEX_POINT('',#16329);
#4855=VERTEX_POINT('',#16333);
#4856=VERTEX_POINT('',#16337);
#4857=VERTEX_POINT('',#16343);
#4858=VERTEX_POINT('',#16345);
#4859=VERTEX_POINT('',#16349);
#4860=VERTEX_POINT('',#16353);
#4861=VERTEX_POINT('',#16359);
#4862=VERTEX_POINT('',#16361);
#4863=VERTEX_POINT('',#16365);
#4864=VERTEX_POINT('',#16369);
#4865=VERTEX_POINT('',#16373);
#4866=VERTEX_POINT('',#16377);
#4867=VERTEX_POINT('',#16381);
#4868=VERTEX_POINT('',#16385);
#4869=VERTEX_POINT('',#16389);
#4870=VERTEX_POINT('',#16393);
#4871=VERTEX_POINT('',#16397);
#4872=VERTEX_POINT('',#16401);
#4873=VERTEX_POINT('',#16405);
#4874=VERTEX_POINT('',#16409);
#4875=VERTEX_POINT('',#16413);
#4876=VERTEX_POINT('',#16417);
#4877=VERTEX_POINT('',#16421);
#4878=VERTEX_POINT('',#16425);
#4879=VERTEX_POINT('',#16429);
#4880=VERTEX_POINT('',#16433);
#4881=VERTEX_POINT('',#16437);
#4882=VERTEX_POINT('',#16441);
#4883=VERTEX_POINT('',#16445);
#4884=VERTEX_POINT('',#16449);
#4885=VERTEX_POINT('',#16453);
#4886=VERTEX_POINT('',#16457);
#4887=VERTEX_POINT('',#16461);
#4888=VERTEX_POINT('',#16465);
#4889=VERTEX_POINT('',#16469);
#4890=VERTEX_POINT('',#16473);
#4891=VERTEX_POINT('',#16477);
#4892=VERTEX_POINT('',#16481);
#4893=VERTEX_POINT('',#16485);
#4894=VERTEX_POINT('',#16489);
#4895=VERTEX_POINT('',#16493);
#4896=VERTEX_POINT('',#16497);
#4897=VERTEX_POINT('',#16501);
#4898=VERTEX_POINT('',#16505);
#4899=VERTEX_POINT('',#16509);
#4900=VERTEX_POINT('',#16513);
#4901=VERTEX_POINT('',#16517);
#4902=VERTEX_POINT('',#16521);
#4903=VERTEX_POINT('',#16525);
#4904=VERTEX_POINT('',#16529);
#4905=VERTEX_POINT('',#16535);
#4906=VERTEX_POINT('',#16537);
#4907=VERTEX_POINT('',#16541);
#4908=VERTEX_POINT('',#16545);
#4909=VERTEX_POINT('',#16551);
#4910=VERTEX_POINT('',#16553);
#4911=VERTEX_POINT('',#16557);
#4912=VERTEX_POINT('',#16561);
#4913=VERTEX_POINT('',#16567);
#4914=VERTEX_POINT('',#16569);
#4915=VERTEX_POINT('',#16573);
#4916=VERTEX_POINT('',#16577);
#4917=VERTEX_POINT('',#16583);
#4918=VERTEX_POINT('',#16585);
#4919=VERTEX_POINT('',#16589);
#4920=VERTEX_POINT('',#16593);
#4921=VERTEX_POINT('',#16599);
#4922=VERTEX_POINT('',#16601);
#4923=VERTEX_POINT('',#16605);
#4924=VERTEX_POINT('',#16609);
#4925=VERTEX_POINT('',#16615);
#4926=VERTEX_POINT('',#16617);
#4927=VERTEX_POINT('',#16621);
#4928=VERTEX_POINT('',#16625);
#4929=VERTEX_POINT('',#16631);
#4930=VERTEX_POINT('',#16633);
#4931=VERTEX_POINT('',#16637);
#4932=VERTEX_POINT('',#16641);
#4933=VERTEX_POINT('',#16647);
#4934=VERTEX_POINT('',#16649);
#4935=VERTEX_POINT('',#16653);
#4936=VERTEX_POINT('',#16657);
#4937=VERTEX_POINT('',#16663);
#4938=VERTEX_POINT('',#16665);
#4939=VERTEX_POINT('',#16669);
#4940=VERTEX_POINT('',#16673);
#4941=VERTEX_POINT('',#16679);
#4942=VERTEX_POINT('',#16681);
#4943=VERTEX_POINT('',#16685);
#4944=VERTEX_POINT('',#16689);
#4945=VERTEX_POINT('',#16695);
#4946=VERTEX_POINT('',#16697);
#4947=VERTEX_POINT('',#16701);
#4948=VERTEX_POINT('',#16705);
#4949=VERTEX_POINT('',#16711);
#4950=VERTEX_POINT('',#16713);
#4951=VERTEX_POINT('',#16717);
#4952=VERTEX_POINT('',#16721);
#4953=VERTEX_POINT('',#16727);
#4954=VERTEX_POINT('',#16729);
#4955=VERTEX_POINT('',#16733);
#4956=VERTEX_POINT('',#16737);
#4957=VERTEX_POINT('',#16743);
#4958=VERTEX_POINT('',#16745);
#4959=VERTEX_POINT('',#16749);
#4960=VERTEX_POINT('',#16753);
#4961=VERTEX_POINT('',#16759);
#4962=VERTEX_POINT('',#16761);
#4963=VERTEX_POINT('',#16765);
#4964=VERTEX_POINT('',#16769);
#4965=VERTEX_POINT('',#16775);
#4966=VERTEX_POINT('',#16777);
#4967=VERTEX_POINT('',#16781);
#4968=VERTEX_POINT('',#16785);
#4969=VERTEX_POINT('',#16791);
#4970=VERTEX_POINT('',#16793);
#4971=VERTEX_POINT('',#16797);
#4972=VERTEX_POINT('',#16801);
#4973=VERTEX_POINT('',#16807);
#4974=VERTEX_POINT('',#16809);
#4975=VERTEX_POINT('',#16813);
#4976=VERTEX_POINT('',#16817);
#4977=VERTEX_POINT('',#16823);
#4978=VERTEX_POINT('',#16825);
#4979=VERTEX_POINT('',#16829);
#4980=VERTEX_POINT('',#16833);
#4981=VERTEX_POINT('',#16839);
#4982=VERTEX_POINT('',#16841);
#4983=VERTEX_POINT('',#16845);
#4984=VERTEX_POINT('',#16849);
#4985=VERTEX_POINT('',#16855);
#4986=VERTEX_POINT('',#16857);
#4987=VERTEX_POINT('',#16861);
#4988=VERTEX_POINT('',#16865);
#4989=VERTEX_POINT('',#16871);
#4990=VERTEX_POINT('',#16873);
#4991=VERTEX_POINT('',#16877);
#4992=VERTEX_POINT('',#16881);
#4993=VERTEX_POINT('',#16887);
#4994=VERTEX_POINT('',#16889);
#4995=VERTEX_POINT('',#16893);
#4996=VERTEX_POINT('',#16897);
#4997=VERTEX_POINT('',#16903);
#4998=VERTEX_POINT('',#16905);
#4999=VERTEX_POINT('',#16909);
#5000=VERTEX_POINT('',#16913);
#5001=VERTEX_POINT('',#16919);
#5002=VERTEX_POINT('',#16921);
#5003=VERTEX_POINT('',#16925);
#5004=VERTEX_POINT('',#16929);
#5005=VERTEX_POINT('',#16935);
#5006=VERTEX_POINT('',#16937);
#5007=VERTEX_POINT('',#16941);
#5008=VERTEX_POINT('',#16945);
#5009=VERTEX_POINT('',#16951);
#5010=VERTEX_POINT('',#16953);
#5011=VERTEX_POINT('',#16957);
#5012=VERTEX_POINT('',#16961);
#5013=VERTEX_POINT('',#16967);
#5014=VERTEX_POINT('',#16969);
#5015=VERTEX_POINT('',#16973);
#5016=VERTEX_POINT('',#16977);
#5017=VERTEX_POINT('',#16983);
#5018=VERTEX_POINT('',#16985);
#5019=VERTEX_POINT('',#16989);
#5020=VERTEX_POINT('',#16993);
#5021=VERTEX_POINT('',#16999);
#5022=VERTEX_POINT('',#17001);
#5023=VERTEX_POINT('',#17005);
#5024=VERTEX_POINT('',#17009);
#5025=VERTEX_POINT('',#17015);
#5026=VERTEX_POINT('',#17017);
#5027=VERTEX_POINT('',#17021);
#5028=VERTEX_POINT('',#17025);
#5029=VERTEX_POINT('',#17031);
#5030=VERTEX_POINT('',#17033);
#5031=VERTEX_POINT('',#17037);
#5032=VERTEX_POINT('',#17041);
#5033=VERTEX_POINT('',#17047);
#5034=VERTEX_POINT('',#17049);
#5035=VERTEX_POINT('',#17053);
#5036=VERTEX_POINT('',#17057);
#5037=VERTEX_POINT('',#17063);
#5038=VERTEX_POINT('',#17065);
#5039=VERTEX_POINT('',#17069);
#5040=VERTEX_POINT('',#17073);
#5041=VERTEX_POINT('',#17079);
#5042=VERTEX_POINT('',#17081);
#5043=VERTEX_POINT('',#17085);
#5044=VERTEX_POINT('',#17089);
#5045=VERTEX_POINT('',#17095);
#5046=VERTEX_POINT('',#17097);
#5047=VERTEX_POINT('',#17101);
#5048=VERTEX_POINT('',#17105);
#5049=VERTEX_POINT('',#17111);
#5050=VERTEX_POINT('',#17113);
#5051=VERTEX_POINT('',#17117);
#5052=VERTEX_POINT('',#17121);
#5053=VERTEX_POINT('',#17127);
#5054=VERTEX_POINT('',#17129);
#5055=VERTEX_POINT('',#17133);
#5056=VERTEX_POINT('',#17137);
#5057=VERTEX_POINT('',#17143);
#5058=VERTEX_POINT('',#17145);
#5059=VERTEX_POINT('',#17149);
#5060=VERTEX_POINT('',#17153);
#5061=VERTEX_POINT('',#17159);
#5062=VERTEX_POINT('',#17161);
#5063=VERTEX_POINT('',#17165);
#5064=VERTEX_POINT('',#17169);
#5065=VERTEX_POINT('',#17173);
#5066=VERTEX_POINT('',#17177);
#5067=VERTEX_POINT('',#17181);
#5068=VERTEX_POINT('',#17185);
#5069=VERTEX_POINT('',#17189);
#5070=VERTEX_POINT('',#17193);
#5071=VERTEX_POINT('',#17197);
#5072=VERTEX_POINT('',#17201);
#5073=VERTEX_POINT('',#17205);
#5074=VERTEX_POINT('',#17209);
#5075=VERTEX_POINT('',#17213);
#5076=VERTEX_POINT('',#17217);
#5077=VERTEX_POINT('',#17221);
#5078=VERTEX_POINT('',#17225);
#5079=VERTEX_POINT('',#17229);
#5080=VERTEX_POINT('',#17233);
#5081=VERTEX_POINT('',#17237);
#5082=VERTEX_POINT('',#17241);
#5083=VERTEX_POINT('',#17245);
#5084=VERTEX_POINT('',#17249);
#5085=VERTEX_POINT('',#17253);
#5086=VERTEX_POINT('',#17257);
#5087=VERTEX_POINT('',#17261);
#5088=VERTEX_POINT('',#17265);
#5089=VERTEX_POINT('',#17269);
#5090=VERTEX_POINT('',#17273);
#5091=VERTEX_POINT('',#17277);
#5092=VERTEX_POINT('',#17281);
#5093=VERTEX_POINT('',#17285);
#5094=VERTEX_POINT('',#17289);
#5095=VERTEX_POINT('',#17293);
#5096=VERTEX_POINT('',#17297);
#5097=VERTEX_POINT('',#17301);
#5098=VERTEX_POINT('',#17305);
#5099=VERTEX_POINT('',#17309);
#5100=VERTEX_POINT('',#17313);
#5101=VERTEX_POINT('',#17317);
#5102=VERTEX_POINT('',#17321);
#5103=VERTEX_POINT('',#17325);
#5104=VERTEX_POINT('',#17329);
#5105=VERTEX_POINT('',#17335);
#5106=VERTEX_POINT('',#17337);
#5107=VERTEX_POINT('',#17341);
#5108=VERTEX_POINT('',#17345);
#5109=VERTEX_POINT('',#17351);
#5110=VERTEX_POINT('',#17353);
#5111=VERTEX_POINT('',#17357);
#5112=VERTEX_POINT('',#17361);
#5113=VERTEX_POINT('',#17367);
#5114=VERTEX_POINT('',#17369);
#5115=VERTEX_POINT('',#17373);
#5116=VERTEX_POINT('',#17377);
#5117=VERTEX_POINT('',#17383);
#5118=VERTEX_POINT('',#17385);
#5119=VERTEX_POINT('',#17389);
#5120=VERTEX_POINT('',#17393);
#5121=VERTEX_POINT('',#17397);
#5122=VERTEX_POINT('',#17401);
#5123=VERTEX_POINT('',#17405);
#5124=VERTEX_POINT('',#17409);
#5125=VERTEX_POINT('',#17413);
#5126=VERTEX_POINT('',#17417);
#5127=VERTEX_POINT('',#17421);
#5128=VERTEX_POINT('',#17425);
#5129=VERTEX_POINT('',#17429);
#5130=VERTEX_POINT('',#17433);
#5131=VERTEX_POINT('',#17437);
#5132=VERTEX_POINT('',#17441);
#5133=VERTEX_POINT('',#17445);
#5134=VERTEX_POINT('',#17449);
#5135=VERTEX_POINT('',#17453);
#5136=VERTEX_POINT('',#17457);
#5137=VERTEX_POINT('',#17461);
#5138=VERTEX_POINT('',#17465);
#5139=VERTEX_POINT('',#17469);
#5140=VERTEX_POINT('',#17473);
#5141=VERTEX_POINT('',#17477);
#5142=VERTEX_POINT('',#17481);
#5143=VERTEX_POINT('',#17485);
#5144=VERTEX_POINT('',#17489);
#5145=VERTEX_POINT('',#17493);
#5146=VERTEX_POINT('',#17497);
#5147=VERTEX_POINT('',#17501);
#5148=VERTEX_POINT('',#17505);
#5149=VERTEX_POINT('',#17509);
#5150=VERTEX_POINT('',#17513);
#5151=VERTEX_POINT('',#17517);
#5152=VERTEX_POINT('',#17521);
#5153=VERTEX_POINT('',#17525);
#5154=VERTEX_POINT('',#17529);
#5155=VERTEX_POINT('',#17533);
#5156=VERTEX_POINT('',#17537);
#5157=VERTEX_POINT('',#17541);
#5158=VERTEX_POINT('',#17545);
#5159=VERTEX_POINT('',#17549);
#5160=VERTEX_POINT('',#17553);
#5161=VERTEX_POINT('',#17559);
#5162=VERTEX_POINT('',#17561);
#5163=VERTEX_POINT('',#17565);
#5164=VERTEX_POINT('',#17569);
#5165=VERTEX_POINT('',#17575);
#5166=VERTEX_POINT('',#17577);
#5167=VERTEX_POINT('',#17581);
#5168=VERTEX_POINT('',#17585);
#5169=VERTEX_POINT('',#17589);
#5170=VERTEX_POINT('',#17593);
#5171=VERTEX_POINT('',#17597);
#5172=VERTEX_POINT('',#17601);
#5173=VERTEX_POINT('',#17605);
#5174=VERTEX_POINT('',#17609);
#5175=VERTEX_POINT('',#17613);
#5176=VERTEX_POINT('',#17617);
#5177=VERTEX_POINT('',#17621);
#5178=VERTEX_POINT('',#17625);
#5179=VERTEX_POINT('',#17629);
#5180=VERTEX_POINT('',#17633);
#5181=VERTEX_POINT('',#17637);
#5182=VERTEX_POINT('',#17641);
#5183=VERTEX_POINT('',#17645);
#5184=VERTEX_POINT('',#17649);
#5185=VERTEX_POINT('',#17653);
#5186=VERTEX_POINT('',#17657);
#5187=VERTEX_POINT('',#17661);
#5188=VERTEX_POINT('',#17665);
#5189=VERTEX_POINT('',#17669);
#5190=VERTEX_POINT('',#17673);
#5191=VERTEX_POINT('',#17677);
#5192=VERTEX_POINT('',#17681);
#5193=VERTEX_POINT('',#17685);
#5194=VERTEX_POINT('',#17689);
#5195=VERTEX_POINT('',#17693);
#5196=VERTEX_POINT('',#17697);
#5197=VERTEX_POINT('',#17701);
#5198=VERTEX_POINT('',#17705);
#5199=VERTEX_POINT('',#17709);
#5200=VERTEX_POINT('',#17713);
#5201=VERTEX_POINT('',#17717);
#5202=VERTEX_POINT('',#17721);
#5203=VERTEX_POINT('',#17725);
#5204=VERTEX_POINT('',#17729);
#5205=VERTEX_POINT('',#17733);
#5206=VERTEX_POINT('',#17737);
#5207=VERTEX_POINT('',#17741);
#5208=VERTEX_POINT('',#17745);
#5209=VERTEX_POINT('',#17751);
#5210=VERTEX_POINT('',#17753);
#5211=VERTEX_POINT('',#17757);
#5212=VERTEX_POINT('',#17761);
#5213=VERTEX_POINT('',#17767);
#5214=VERTEX_POINT('',#17769);
#5215=VERTEX_POINT('',#17773);
#5216=VERTEX_POINT('',#17777);
#5217=VERTEX_POINT('',#17783);
#5218=VERTEX_POINT('',#17785);
#5219=VERTEX_POINT('',#17789);
#5220=VERTEX_POINT('',#17793);
#5221=VERTEX_POINT('',#17799);
#5222=VERTEX_POINT('',#17801);
#5223=VERTEX_POINT('',#17805);
#5224=VERTEX_POINT('',#17809);
#5225=VERTEX_POINT('',#17815);
#5226=VERTEX_POINT('',#17817);
#5227=VERTEX_POINT('',#17821);
#5228=VERTEX_POINT('',#17825);
#5229=VERTEX_POINT('',#17831);
#5230=VERTEX_POINT('',#17833);
#5231=VERTEX_POINT('',#17837);
#5232=VERTEX_POINT('',#17841);
#5233=VERTEX_POINT('',#17847);
#5234=VERTEX_POINT('',#17849);
#5235=VERTEX_POINT('',#17853);
#5236=VERTEX_POINT('',#17857);
#5237=VERTEX_POINT('',#17863);
#5238=VERTEX_POINT('',#17865);
#5239=VERTEX_POINT('',#17869);
#5240=VERTEX_POINT('',#17873);
#5241=VERTEX_POINT('',#17879);
#5242=VERTEX_POINT('',#17881);
#5243=VERTEX_POINT('',#17885);
#5244=VERTEX_POINT('',#17889);
#5245=VERTEX_POINT('',#17895);
#5246=VERTEX_POINT('',#17897);
#5247=VERTEX_POINT('',#17900);
#5248=VERTEX_POINT('',#17905);
#5249=VERTEX_POINT('',#17907);
#5250=VERTEX_POINT('',#17915);
#5251=VERTEX_POINT('',#17916);
#5252=VERTEX_POINT('',#17918);
#5253=VERTEX_POINT('',#17920);
#5254=VERTEX_POINT('',#17922);
#5255=VERTEX_POINT('',#17929);
#5256=VERTEX_POINT('',#17933);
#5257=VERTEX_POINT('',#17937);
#5258=VERTEX_POINT('',#17941);
#5259=VERTEX_POINT('',#17945);
#5260=VERTEX_POINT('',#17949);
#5261=VERTEX_POINT('',#17953);
#5262=VERTEX_POINT('',#17960);
#5263=VERTEX_POINT('',#17962);
#5264=VERTEX_POINT('',#17968);
#5265=VERTEX_POINT('',#17969);
#5266=VERTEX_POINT('',#17971);
#5267=VERTEX_POINT('',#17973);
#5268=VERTEX_POINT('',#17977);
#5269=VERTEX_POINT('',#17979);
#5270=VERTEX_POINT('',#17983);
#5271=VERTEX_POINT('',#17985);
#5272=VERTEX_POINT('',#17994);
#5273=VERTEX_POINT('',#17995);
#5274=VERTEX_POINT('',#17997);
#5275=VERTEX_POINT('',#17999);
#5276=VERTEX_POINT('',#18001);
#5277=VERTEX_POINT('',#18003);
#5278=VERTEX_POINT('',#18005);
#5279=VERTEX_POINT('',#18007);
#5280=VERTEX_POINT('',#18009);
#5281=VERTEX_POINT('',#18011);
#5282=VERTEX_POINT('',#18013);
#5283=VERTEX_POINT('',#18015);
#5284=VERTEX_POINT('',#18019);
#5285=VERTEX_POINT('',#18021);
#5286=VERTEX_POINT('',#18025);
#5287=VERTEX_POINT('',#18029);
#5288=VERTEX_POINT('',#18031);
#5289=VERTEX_POINT('',#18033);
#5290=VERTEX_POINT('',#18035);
#5291=VERTEX_POINT('',#18037);
#5292=VERTEX_POINT('',#18041);
#5293=VERTEX_POINT('',#18043);
#5294=VERTEX_POINT('',#18047);
#5295=VERTEX_POINT('',#18051);
#5296=VERTEX_POINT('',#18053);
#5297=VERTEX_POINT('',#18055);
#5298=VERTEX_POINT('',#18057);
#5299=VERTEX_POINT('',#18059);
#5300=VERTEX_POINT('',#18062);
#5301=VERTEX_POINT('',#18063);
#5302=VERTEX_POINT('',#18065);
#5303=VERTEX_POINT('',#18067);
#5304=VERTEX_POINT('',#18070);
#5305=VERTEX_POINT('',#18071);
#5306=VERTEX_POINT('',#18073);
#5307=VERTEX_POINT('',#18075);
#5308=VERTEX_POINT('',#18078);
#5309=VERTEX_POINT('',#18079);
#5310=VERTEX_POINT('',#18081);
#5311=VERTEX_POINT('',#18083);
#5312=VERTEX_POINT('',#18086);
#5313=VERTEX_POINT('',#18087);
#5314=VERTEX_POINT('',#18089);
#5315=VERTEX_POINT('',#18091);
#5316=VERTEX_POINT('',#18094);
#5317=VERTEX_POINT('',#18095);
#5318=VERTEX_POINT('',#18097);
#5319=VERTEX_POINT('',#18099);
#5320=VERTEX_POINT('',#18102);
#5321=VERTEX_POINT('',#18103);
#5322=VERTEX_POINT('',#18105);
#5323=VERTEX_POINT('',#18107);
#5324=VERTEX_POINT('',#18110);
#5325=VERTEX_POINT('',#18111);
#5326=VERTEX_POINT('',#18113);
#5327=VERTEX_POINT('',#18115);
#5328=VERTEX_POINT('',#18118);
#5329=VERTEX_POINT('',#18119);
#5330=VERTEX_POINT('',#18121);
#5331=VERTEX_POINT('',#18123);
#5332=VERTEX_POINT('',#18126);
#5333=VERTEX_POINT('',#18127);
#5334=VERTEX_POINT('',#18129);
#5335=VERTEX_POINT('',#18131);
#5336=VERTEX_POINT('',#18135);
#5337=VERTEX_POINT('',#18137);
#5338=VERTEX_POINT('',#18139);
#5339=VERTEX_POINT('',#18141);
#5340=VERTEX_POINT('',#18143);
#5341=VERTEX_POINT('',#18145);
#5342=VERTEX_POINT('',#18148);
#5343=VERTEX_POINT('',#18152);
#5344=VERTEX_POINT('',#18153);
#5345=VERTEX_POINT('',#18155);
#5346=VERTEX_POINT('',#18157);
#5347=VERTEX_POINT('',#18161);
#5348=VERTEX_POINT('',#18164);
#5349=VERTEX_POINT('',#18167);
#5350=VERTEX_POINT('',#18169);
#5351=VERTEX_POINT('',#18171);
#5352=VERTEX_POINT('',#18174);
#5353=VERTEX_POINT('',#18175);
#5354=VERTEX_POINT('',#18177);
#5355=VERTEX_POINT('',#18179);
#5356=VERTEX_POINT('',#18183);
#5357=VERTEX_POINT('',#18185);
#5358=VERTEX_POINT('',#18187);
#5359=VERTEX_POINT('',#18189);
#5360=VERTEX_POINT('',#18191);
#5361=VERTEX_POINT('',#18195);
#5362=VERTEX_POINT('',#18196);
#5363=VERTEX_POINT('',#18201);
#5364=VERTEX_POINT('',#18203);
#5365=VERTEX_POINT('',#18205);
#5366=VERTEX_POINT('',#18207);
#5367=VERTEX_POINT('',#18209);
#5368=VERTEX_POINT('',#18213);
#5369=VERTEX_POINT('',#18215);
#5370=VERTEX_POINT('',#18219);
#5371=VERTEX_POINT('',#18221);
#5372=VERTEX_POINT('',#18227);
#5373=VERTEX_POINT('',#18229);
#5374=VERTEX_POINT('',#18233);
#5375=VERTEX_POINT('',#18235);
#5376=VERTEX_POINT('',#18239);
#5377=VERTEX_POINT('',#18243);
#5378=VERTEX_POINT('',#18249);
#5379=VERTEX_POINT('',#18251);
#5380=VERTEX_POINT('',#18255);
#5381=VERTEX_POINT('',#18259);
#5382=VERTEX_POINT('',#18265);
#5383=VERTEX_POINT('',#18267);
#5384=VERTEX_POINT('',#18271);
#5385=VERTEX_POINT('',#18275);
#5386=VERTEX_POINT('',#18281);
#5387=VERTEX_POINT('',#18283);
#5388=VERTEX_POINT('',#18287);
#5389=VERTEX_POINT('',#18291);
#5390=VERTEX_POINT('',#18297);
#5391=VERTEX_POINT('',#18299);
#5392=VERTEX_POINT('',#18303);
#5393=VERTEX_POINT('',#18307);
#5394=VERTEX_POINT('',#18313);
#5395=VERTEX_POINT('',#18315);
#5396=VERTEX_POINT('',#18319);
#5397=VERTEX_POINT('',#18323);
#5398=VERTEX_POINT('',#18329);
#5399=VERTEX_POINT('',#18331);
#5400=VERTEX_POINT('',#18335);
#5401=VERTEX_POINT('',#18339);
#5402=VERTEX_POINT('',#18345);
#5403=VERTEX_POINT('',#18347);
#5404=VERTEX_POINT('',#18351);
#5405=VERTEX_POINT('',#18355);
#5406=VERTEX_POINT('',#18361);
#5407=VERTEX_POINT('',#18363);
#5408=VERTEX_POINT('',#18367);
#5409=VERTEX_POINT('',#18371);
#5410=VERTEX_POINT('',#18377);
#5411=VERTEX_POINT('',#18379);
#5412=VERTEX_POINT('',#18383);
#5413=VERTEX_POINT('',#18387);
#5414=VERTEX_POINT('',#18389);
#5415=VERTEX_POINT('',#18391);
#5416=VERTEX_POINT('',#18393);
#5417=VERTEX_POINT('',#18397);
#5418=VERTEX_POINT('',#18402);
#5419=VERTEX_POINT('',#18404);
#5420=VERTEX_POINT('',#18411);
#5421=VERTEX_POINT('',#18413);
#5422=VERTEX_POINT('',#18427);
#5423=VERTEX_POINT('',#18431);
#5424=VERTEX_POINT('',#18435);
#5425=VERTEX_POINT('',#18439);
#5426=VERTEX_POINT('',#18441);
#5427=EDGE_CURVE('',#4407,#4408,#1365,.T.);
#5428=EDGE_CURVE('',#4407,#4409,#1366,.T.);
#5429=EDGE_CURVE('',#4409,#4410,#1367,.T.);
#5430=EDGE_CURVE('',#4410,#4411,#1368,.T.);
#5431=EDGE_CURVE('',#4411,#4408,#1369,.T.);
#5432=EDGE_CURVE('',#4408,#4412,#1370,.T.);
#5433=EDGE_CURVE('',#4413,#4410,#1371,.T.);
#5434=EDGE_CURVE('',#4413,#4414,#1372,.T.);
#5435=EDGE_CURVE('',#4412,#4414,#1373,.T.);
#5436=EDGE_CURVE('',#4415,#4416,#1374,.T.);
#5437=EDGE_CURVE('',#4417,#4415,#1375,.T.);
#5438=EDGE_CURVE('',#4418,#4417,#1376,.T.);
#5439=EDGE_CURVE('',#4418,#4416,#1377,.T.);
#5440=EDGE_CURVE('',#4419,#4420,#1378,.T.);
#5441=EDGE_CURVE('',#4421,#4419,#1379,.T.);
#5442=EDGE_CURVE('',#4422,#4421,#1380,.T.);
#5443=EDGE_CURVE('',#4420,#4422,#1381,.T.);
#5444=EDGE_CURVE('',#4423,#4424,#1382,.T.);
#5445=EDGE_CURVE('',#4425,#4423,#1383,.T.);
#5446=EDGE_CURVE('',#4426,#4425,#1384,.T.);
#5447=EDGE_CURVE('',#4424,#4426,#1385,.T.);
#5448=EDGE_CURVE('',#4427,#4428,#1386,.T.);
#5449=EDGE_CURVE('',#4429,#4427,#1387,.T.);
#5450=EDGE_CURVE('',#4430,#4429,#1388,.T.);
#5451=EDGE_CURVE('',#4428,#4430,#1389,.T.);
#5452=EDGE_CURVE('',#4431,#4432,#1390,.T.);
#5453=EDGE_CURVE('',#4433,#4431,#1391,.T.);
#5454=EDGE_CURVE('',#4434,#4433,#1392,.T.);
#5455=EDGE_CURVE('',#4432,#4434,#1393,.T.);
#5456=EDGE_CURVE('',#4435,#4436,#1394,.T.);
#5457=EDGE_CURVE('',#4437,#4435,#1395,.T.);
#5458=EDGE_CURVE('',#4438,#4437,#1396,.T.);
#5459=EDGE_CURVE('',#4436,#4438,#1397,.T.);
#5460=EDGE_CURVE('',#4439,#4440,#1398,.T.);
#5461=EDGE_CURVE('',#4441,#4439,#1399,.T.);
#5462=EDGE_CURVE('',#4442,#4441,#1400,.T.);
#5463=EDGE_CURVE('',#4440,#4442,#1401,.T.);
#5464=EDGE_CURVE('',#4443,#4444,#1402,.T.);
#5465=EDGE_CURVE('',#4445,#4443,#1403,.T.);
#5466=EDGE_CURVE('',#4446,#4445,#1404,.T.);
#5467=EDGE_CURVE('',#4444,#4446,#1405,.T.);
#5468=EDGE_CURVE('',#4447,#4448,#1406,.T.);
#5469=EDGE_CURVE('',#4449,#4447,#1407,.T.);
#5470=EDGE_CURVE('',#4450,#4449,#1408,.T.);
#5471=EDGE_CURVE('',#4448,#4450,#1409,.T.);
#5472=EDGE_CURVE('',#4451,#4452,#1410,.T.);
#5473=EDGE_CURVE('',#4453,#4451,#1411,.T.);
#5474=EDGE_CURVE('',#4454,#4453,#1412,.T.);
#5475=EDGE_CURVE('',#4452,#4454,#1413,.T.);
#5476=EDGE_CURVE('',#4455,#4456,#1414,.T.);
#5477=EDGE_CURVE('',#4457,#4455,#1415,.T.);
#5478=EDGE_CURVE('',#4458,#4457,#1416,.T.);
#5479=EDGE_CURVE('',#4459,#4458,#1417,.T.);
#5480=EDGE_CURVE('',#4460,#4459,#1418,.T.);
#5481=EDGE_CURVE('',#4461,#4460,#1419,.T.);
#5482=EDGE_CURVE('',#4462,#4461,#1420,.T.);
#5483=EDGE_CURVE('',#4463,#4462,#1421,.T.);
#5484=EDGE_CURVE('',#4464,#4463,#1422,.T.);
#5485=EDGE_CURVE('',#4465,#4464,#1423,.T.);
#5486=EDGE_CURVE('',#4466,#4465,#1424,.T.);
#5487=EDGE_CURVE('',#4467,#4466,#1425,.T.);
#5488=EDGE_CURVE('',#4468,#4467,#1426,.T.);
#5489=EDGE_CURVE('',#4469,#4468,#1427,.T.);
#5490=EDGE_CURVE('',#4470,#4469,#1428,.T.);
#5491=EDGE_CURVE('',#4471,#4470,#1429,.T.);
#5492=EDGE_CURVE('',#4472,#4471,#1430,.T.);
#5493=EDGE_CURVE('',#4473,#4472,#1431,.T.);
#5494=EDGE_CURVE('',#4474,#4473,#1432,.T.);
#5495=EDGE_CURVE('',#4475,#4474,#1433,.T.);
#5496=EDGE_CURVE('',#4476,#4475,#1434,.T.);
#5497=EDGE_CURVE('',#4477,#4476,#1435,.T.);
#5498=EDGE_CURVE('',#4478,#4477,#1436,.T.);
#5499=EDGE_CURVE('',#4479,#4478,#1437,.T.);
#5500=EDGE_CURVE('',#4480,#4479,#1438,.T.);
#5501=EDGE_CURVE('',#4481,#4480,#1439,.T.);
#5502=EDGE_CURVE('',#4482,#4481,#1440,.T.);
#5503=EDGE_CURVE('',#4483,#4482,#1441,.T.);
#5504=EDGE_CURVE('',#4484,#4483,#1442,.T.);
#5505=EDGE_CURVE('',#4485,#4484,#1443,.T.);
#5506=EDGE_CURVE('',#4486,#4485,#1444,.T.);
#5507=EDGE_CURVE('',#4487,#4486,#1445,.T.);
#5508=EDGE_CURVE('',#4488,#4487,#1446,.T.);
#5509=EDGE_CURVE('',#4489,#4488,#1447,.T.);
#5510=EDGE_CURVE('',#4490,#4489,#1448,.T.);
#5511=EDGE_CURVE('',#4491,#4490,#1449,.T.);
#5512=EDGE_CURVE('',#4492,#4491,#1450,.T.);
#5513=EDGE_CURVE('',#4493,#4492,#1451,.T.);
#5514=EDGE_CURVE('',#4494,#4493,#1452,.T.);
#5515=EDGE_CURVE('',#4495,#4494,#1453,.T.);
#5516=EDGE_CURVE('',#4496,#4495,#1454,.T.);
#5517=EDGE_CURVE('',#4497,#4496,#1455,.T.);
#5518=EDGE_CURVE('',#4498,#4497,#1456,.T.);
#5519=EDGE_CURVE('',#4456,#4498,#1457,.T.);
#5520=EDGE_CURVE('',#4499,#4500,#1458,.T.);
#5521=EDGE_CURVE('',#4501,#4499,#1459,.T.);
#5522=EDGE_CURVE('',#4502,#4501,#1460,.T.);
#5523=EDGE_CURVE('',#4500,#4502,#1461,.T.);
#5524=EDGE_CURVE('',#4503,#4504,#1462,.T.);
#5525=EDGE_CURVE('',#4505,#4503,#1463,.T.);
#5526=EDGE_CURVE('',#4506,#4505,#1464,.T.);
#5527=EDGE_CURVE('',#4507,#4506,#1465,.T.);
#5528=EDGE_CURVE('',#4508,#4507,#1466,.T.);
#5529=EDGE_CURVE('',#4509,#4508,#1467,.T.);
#5530=EDGE_CURVE('',#4510,#4509,#1468,.T.);
#5531=EDGE_CURVE('',#4511,#4510,#1469,.T.);
#5532=EDGE_CURVE('',#4512,#4511,#1470,.T.);
#5533=EDGE_CURVE('',#4513,#4512,#1471,.T.);
#5534=EDGE_CURVE('',#4514,#4513,#1472,.T.);
#5535=EDGE_CURVE('',#4515,#4514,#1473,.T.);
#5536=EDGE_CURVE('',#4516,#4515,#1474,.T.);
#5537=EDGE_CURVE('',#4517,#4516,#1475,.T.);
#5538=EDGE_CURVE('',#4518,#4517,#1476,.T.);
#5539=EDGE_CURVE('',#4519,#4518,#1477,.T.);
#5540=EDGE_CURVE('',#4520,#4519,#1478,.T.);
#5541=EDGE_CURVE('',#4521,#4520,#1479,.T.);
#5542=EDGE_CURVE('',#4522,#4521,#1480,.T.);
#5543=EDGE_CURVE('',#4523,#4522,#1481,.T.);
#5544=EDGE_CURVE('',#4524,#4523,#1482,.T.);
#5545=EDGE_CURVE('',#4525,#4524,#1483,.T.);
#5546=EDGE_CURVE('',#4526,#4525,#1484,.T.);
#5547=EDGE_CURVE('',#4527,#4526,#1485,.T.);
#5548=EDGE_CURVE('',#4528,#4527,#1486,.T.);
#5549=EDGE_CURVE('',#4529,#4528,#1487,.T.);
#5550=EDGE_CURVE('',#4530,#4529,#1488,.T.);
#5551=EDGE_CURVE('',#4531,#4530,#1489,.T.);
#5552=EDGE_CURVE('',#4532,#4531,#1490,.T.);
#5553=EDGE_CURVE('',#4533,#4532,#1491,.T.);
#5554=EDGE_CURVE('',#4534,#4533,#1492,.T.);
#5555=EDGE_CURVE('',#4535,#4534,#1493,.T.);
#5556=EDGE_CURVE('',#4536,#4535,#1494,.T.);
#5557=EDGE_CURVE('',#4537,#4536,#1495,.T.);
#5558=EDGE_CURVE('',#4538,#4537,#1496,.T.);
#5559=EDGE_CURVE('',#4539,#4538,#1497,.T.);
#5560=EDGE_CURVE('',#4540,#4539,#1498,.T.);
#5561=EDGE_CURVE('',#4541,#4540,#1499,.T.);
#5562=EDGE_CURVE('',#4542,#4541,#1500,.T.);
#5563=EDGE_CURVE('',#4543,#4542,#1501,.T.);
#5564=EDGE_CURVE('',#4544,#4543,#1502,.T.);
#5565=EDGE_CURVE('',#4545,#4544,#1503,.T.);
#5566=EDGE_CURVE('',#4546,#4545,#1504,.T.);
#5567=EDGE_CURVE('',#4504,#4546,#1505,.T.);
#5568=EDGE_CURVE('',#4547,#4548,#1506,.T.);
#5569=EDGE_CURVE('',#4549,#4547,#1507,.T.);
#5570=EDGE_CURVE('',#4550,#4549,#1508,.T.);
#5571=EDGE_CURVE('',#4548,#4550,#1509,.T.);
#5572=EDGE_CURVE('',#4551,#4552,#1510,.T.);
#5573=EDGE_CURVE('',#4553,#4551,#1511,.T.);
#5574=EDGE_CURVE('',#4554,#4553,#1512,.T.);
#5575=EDGE_CURVE('',#4552,#4554,#1513,.T.);
#5576=EDGE_CURVE('',#4555,#4556,#1514,.T.);
#5577=EDGE_CURVE('',#4557,#4555,#1515,.T.);
#5578=EDGE_CURVE('',#4558,#4557,#1516,.T.);
#5579=EDGE_CURVE('',#4556,#4558,#1517,.T.);
#5580=EDGE_CURVE('',#4559,#4560,#1518,.T.);
#5581=EDGE_CURVE('',#4561,#4559,#1519,.T.);
#5582=EDGE_CURVE('',#4562,#4561,#1520,.T.);
#5583=EDGE_CURVE('',#4563,#4562,#1521,.T.);
#5584=EDGE_CURVE('',#4564,#4563,#1522,.T.);
#5585=EDGE_CURVE('',#4565,#4564,#1523,.T.);
#5586=EDGE_CURVE('',#4566,#4565,#1524,.T.);
#5587=EDGE_CURVE('',#4567,#4566,#1525,.T.);
#5588=EDGE_CURVE('',#4568,#4567,#1526,.T.);
#5589=EDGE_CURVE('',#4569,#4568,#1527,.T.);
#5590=EDGE_CURVE('',#4570,#4569,#1528,.T.);
#5591=EDGE_CURVE('',#4571,#4570,#1529,.T.);
#5592=EDGE_CURVE('',#4572,#4571,#1530,.T.);
#5593=EDGE_CURVE('',#4573,#4572,#1531,.T.);
#5594=EDGE_CURVE('',#4574,#4573,#1532,.T.);
#5595=EDGE_CURVE('',#4575,#4574,#1533,.T.);
#5596=EDGE_CURVE('',#4576,#4575,#1534,.T.);
#5597=EDGE_CURVE('',#4577,#4576,#1535,.T.);
#5598=EDGE_CURVE('',#4578,#4577,#1536,.T.);
#5599=EDGE_CURVE('',#4579,#4578,#1537,.T.);
#5600=EDGE_CURVE('',#4580,#4579,#1538,.T.);
#5601=EDGE_CURVE('',#4581,#4580,#1539,.T.);
#5602=EDGE_CURVE('',#4582,#4581,#1540,.T.);
#5603=EDGE_CURVE('',#4583,#4582,#1541,.T.);
#5604=EDGE_CURVE('',#4584,#4583,#1542,.T.);
#5605=EDGE_CURVE('',#4585,#4584,#1543,.T.);
#5606=EDGE_CURVE('',#4586,#4585,#1544,.T.);
#5607=EDGE_CURVE('',#4587,#4586,#1545,.T.);
#5608=EDGE_CURVE('',#4588,#4587,#1546,.T.);
#5609=EDGE_CURVE('',#4589,#4588,#1547,.T.);
#5610=EDGE_CURVE('',#4590,#4589,#1548,.T.);
#5611=EDGE_CURVE('',#4591,#4590,#1549,.T.);
#5612=EDGE_CURVE('',#4592,#4591,#1550,.T.);
#5613=EDGE_CURVE('',#4593,#4592,#1551,.T.);
#5614=EDGE_CURVE('',#4594,#4593,#1552,.T.);
#5615=EDGE_CURVE('',#4595,#4594,#1553,.T.);
#5616=EDGE_CURVE('',#4596,#4595,#1554,.T.);
#5617=EDGE_CURVE('',#4597,#4596,#1555,.T.);
#5618=EDGE_CURVE('',#4598,#4597,#1556,.T.);
#5619=EDGE_CURVE('',#4599,#4598,#1557,.T.);
#5620=EDGE_CURVE('',#4600,#4599,#1558,.T.);
#5621=EDGE_CURVE('',#4601,#4600,#1559,.T.);
#5622=EDGE_CURVE('',#4602,#4601,#1560,.T.);
#5623=EDGE_CURVE('',#4560,#4602,#1561,.T.);
#5624=EDGE_CURVE('',#4603,#4604,#1562,.T.);
#5625=EDGE_CURVE('',#4605,#4603,#1563,.T.);
#5626=EDGE_CURVE('',#4606,#4605,#1564,.T.);
#5627=EDGE_CURVE('',#4604,#4606,#1565,.T.);
#5628=EDGE_CURVE('',#4607,#4608,#1566,.T.);
#5629=EDGE_CURVE('',#4609,#4607,#1567,.T.);
#5630=EDGE_CURVE('',#4610,#4609,#1568,.T.);
#5631=EDGE_CURVE('',#4608,#4610,#1569,.T.);
#5632=EDGE_CURVE('',#4611,#4612,#1570,.T.);
#5633=EDGE_CURVE('',#4613,#4611,#1571,.T.);
#5634=EDGE_CURVE('',#4614,#4613,#1572,.T.);
#5635=EDGE_CURVE('',#4612,#4614,#1573,.T.);
#5636=EDGE_CURVE('',#4615,#4616,#1574,.T.);
#5637=EDGE_CURVE('',#4617,#4615,#1575,.T.);
#5638=EDGE_CURVE('',#4618,#4617,#1576,.T.);
#5639=EDGE_CURVE('',#4616,#4618,#1577,.T.);
#5640=EDGE_CURVE('',#4619,#4620,#1578,.T.);
#5641=EDGE_CURVE('',#4621,#4619,#1579,.T.);
#5642=EDGE_CURVE('',#4622,#4621,#1580,.T.);
#5643=EDGE_CURVE('',#4620,#4622,#1581,.T.);
#5644=EDGE_CURVE('',#4623,#4624,#1582,.T.);
#5645=EDGE_CURVE('',#4625,#4623,#1583,.T.);
#5646=EDGE_CURVE('',#4626,#4625,#1584,.T.);
#5647=EDGE_CURVE('',#4624,#4626,#1585,.T.);
#5648=EDGE_CURVE('',#4627,#4628,#1586,.T.);
#5649=EDGE_CURVE('',#4629,#4627,#1587,.T.);
#5650=EDGE_CURVE('',#4630,#4629,#1588,.T.);
#5651=EDGE_CURVE('',#4628,#4630,#1589,.T.);
#5652=EDGE_CURVE('',#4631,#4632,#1590,.T.);
#5653=EDGE_CURVE('',#4633,#4631,#1591,.T.);
#5654=EDGE_CURVE('',#4634,#4633,#1592,.T.);
#5655=EDGE_CURVE('',#4632,#4634,#1593,.T.);
#5656=EDGE_CURVE('',#4635,#4636,#1594,.T.);
#5657=EDGE_CURVE('',#4637,#4635,#1595,.T.);
#5658=EDGE_CURVE('',#4638,#4637,#1596,.T.);
#5659=EDGE_CURVE('',#4636,#4638,#1597,.T.);
#5660=EDGE_CURVE('',#4639,#4640,#1598,.T.);
#5661=EDGE_CURVE('',#4641,#4639,#1599,.T.);
#5662=EDGE_CURVE('',#4642,#4641,#1600,.T.);
#5663=EDGE_CURVE('',#4640,#4642,#1601,.T.);
#5664=EDGE_CURVE('',#4643,#4644,#1602,.T.);
#5665=EDGE_CURVE('',#4645,#4643,#1603,.T.);
#5666=EDGE_CURVE('',#4646,#4645,#1604,.T.);
#5667=EDGE_CURVE('',#4644,#4646,#1605,.T.);
#5668=EDGE_CURVE('',#4647,#4648,#1606,.T.);
#5669=EDGE_CURVE('',#4649,#4647,#1607,.T.);
#5670=EDGE_CURVE('',#4650,#4649,#1608,.T.);
#5671=EDGE_CURVE('',#4648,#4650,#1609,.T.);
#5672=EDGE_CURVE('',#4651,#4652,#1610,.T.);
#5673=EDGE_CURVE('',#4653,#4651,#1611,.T.);
#5674=EDGE_CURVE('',#4654,#4653,#1612,.T.);
#5675=EDGE_CURVE('',#4652,#4654,#1613,.T.);
#5676=EDGE_CURVE('',#4655,#4656,#1614,.T.);
#5677=EDGE_CURVE('',#4657,#4655,#1615,.T.);
#5678=EDGE_CURVE('',#4658,#4657,#1616,.T.);
#5679=EDGE_CURVE('',#4656,#4658,#1617,.T.);
#5680=EDGE_CURVE('',#4659,#4660,#1618,.T.);
#5681=EDGE_CURVE('',#4661,#4659,#1619,.T.);
#5682=EDGE_CURVE('',#4662,#4661,#1620,.T.);
#5683=EDGE_CURVE('',#4660,#4662,#1621,.T.);
#5684=EDGE_CURVE('',#4663,#4664,#1622,.T.);
#5685=EDGE_CURVE('',#4665,#4663,#1623,.T.);
#5686=EDGE_CURVE('',#4666,#4665,#1624,.T.);
#5687=EDGE_CURVE('',#4664,#4666,#1625,.T.);
#5688=EDGE_CURVE('',#4667,#4668,#1626,.T.);
#5689=EDGE_CURVE('',#4669,#4667,#1627,.T.);
#5690=EDGE_CURVE('',#4670,#4669,#1628,.T.);
#5691=EDGE_CURVE('',#4668,#4670,#1629,.T.);
#5692=EDGE_CURVE('',#4671,#4672,#1630,.T.);
#5693=EDGE_CURVE('',#4673,#4671,#1631,.T.);
#5694=EDGE_CURVE('',#4674,#4673,#1632,.T.);
#5695=EDGE_CURVE('',#4672,#4674,#1633,.T.);
#5696=EDGE_CURVE('',#4675,#4676,#1634,.T.);
#5697=EDGE_CURVE('',#4677,#4675,#1635,.T.);
#5698=EDGE_CURVE('',#4678,#4677,#1636,.T.);
#5699=EDGE_CURVE('',#4676,#4678,#1637,.T.);
#5700=EDGE_CURVE('',#4679,#4680,#1638,.T.);
#5701=EDGE_CURVE('',#4681,#4679,#1639,.T.);
#5702=EDGE_CURVE('',#4682,#4681,#1640,.T.);
#5703=EDGE_CURVE('',#4680,#4682,#1641,.T.);
#5704=EDGE_CURVE('',#4683,#4684,#1642,.T.);
#5705=EDGE_CURVE('',#4685,#4683,#1643,.T.);
#5706=EDGE_CURVE('',#4686,#4685,#1644,.T.);
#5707=EDGE_CURVE('',#4684,#4686,#1645,.T.);
#5708=EDGE_CURVE('',#4687,#4688,#1646,.T.);
#5709=EDGE_CURVE('',#4689,#4687,#1647,.T.);
#5710=EDGE_CURVE('',#4690,#4689,#1648,.T.);
#5711=EDGE_CURVE('',#4688,#4690,#1649,.T.);
#5712=EDGE_CURVE('',#4691,#4692,#1650,.T.);
#5713=EDGE_CURVE('',#4693,#4691,#1651,.T.);
#5714=EDGE_CURVE('',#4694,#4693,#1652,.T.);
#5715=EDGE_CURVE('',#4692,#4694,#1653,.T.);
#5716=EDGE_CURVE('',#4695,#4696,#1654,.T.);
#5717=EDGE_CURVE('',#4697,#4695,#1655,.T.);
#5718=EDGE_CURVE('',#4698,#4697,#1656,.T.);
#5719=EDGE_CURVE('',#4696,#4698,#1657,.T.);
#5720=EDGE_CURVE('',#4699,#4700,#1658,.T.);
#5721=EDGE_CURVE('',#4701,#4699,#1659,.T.);
#5722=EDGE_CURVE('',#4702,#4701,#1660,.T.);
#5723=EDGE_CURVE('',#4700,#4702,#1661,.T.);
#5724=EDGE_CURVE('',#4703,#4704,#1662,.T.);
#5725=EDGE_CURVE('',#4705,#4703,#1663,.T.);
#5726=EDGE_CURVE('',#4706,#4705,#1664,.T.);
#5727=EDGE_CURVE('',#4704,#4706,#1665,.T.);
#5728=EDGE_CURVE('',#4707,#4708,#1666,.T.);
#5729=EDGE_CURVE('',#4709,#4707,#1667,.T.);
#5730=EDGE_CURVE('',#4710,#4709,#1668,.T.);
#5731=EDGE_CURVE('',#4708,#4710,#1669,.T.);
#5732=EDGE_CURVE('',#4711,#4712,#1670,.T.);
#5733=EDGE_CURVE('',#4713,#4711,#1671,.T.);
#5734=EDGE_CURVE('',#4714,#4713,#1672,.T.);
#5735=EDGE_CURVE('',#4712,#4714,#1673,.T.);
#5736=EDGE_CURVE('',#4715,#4716,#1674,.T.);
#5737=EDGE_CURVE('',#4717,#4715,#1675,.T.);
#5738=EDGE_CURVE('',#4718,#4717,#1676,.T.);
#5739=EDGE_CURVE('',#4716,#4718,#1677,.T.);
#5740=EDGE_CURVE('',#4719,#4720,#1678,.T.);
#5741=EDGE_CURVE('',#4721,#4719,#1679,.T.);
#5742=EDGE_CURVE('',#4722,#4721,#1680,.T.);
#5743=EDGE_CURVE('',#4720,#4722,#1681,.T.);
#5744=EDGE_CURVE('',#4723,#4724,#1682,.T.);
#5745=EDGE_CURVE('',#4725,#4723,#1683,.T.);
#5746=EDGE_CURVE('',#4726,#4725,#1684,.T.);
#5747=EDGE_CURVE('',#4724,#4726,#1685,.T.);
#5748=EDGE_CURVE('',#4727,#4728,#1686,.T.);
#5749=EDGE_CURVE('',#4729,#4727,#1687,.T.);
#5750=EDGE_CURVE('',#4730,#4729,#1688,.T.);
#5751=EDGE_CURVE('',#4728,#4730,#1689,.T.);
#5752=EDGE_CURVE('',#4731,#4732,#1690,.T.);
#5753=EDGE_CURVE('',#4733,#4731,#1691,.T.);
#5754=EDGE_CURVE('',#4734,#4733,#1692,.T.);
#5755=EDGE_CURVE('',#4732,#4734,#1693,.T.);
#5756=EDGE_CURVE('',#4735,#4736,#1694,.T.);
#5757=EDGE_CURVE('',#4737,#4735,#1695,.T.);
#5758=EDGE_CURVE('',#4738,#4737,#1696,.T.);
#5759=EDGE_CURVE('',#4736,#4738,#1697,.T.);
#5760=EDGE_CURVE('',#4739,#4740,#1698,.T.);
#5761=EDGE_CURVE('',#4741,#4739,#1699,.T.);
#5762=EDGE_CURVE('',#4742,#4741,#1700,.T.);
#5763=EDGE_CURVE('',#4740,#4742,#1701,.T.);
#5764=EDGE_CURVE('',#4743,#4744,#1702,.T.);
#5765=EDGE_CURVE('',#4745,#4743,#1703,.T.);
#5766=EDGE_CURVE('',#4746,#4745,#1704,.T.);
#5767=EDGE_CURVE('',#4744,#4746,#1705,.T.);
#5768=EDGE_CURVE('',#4747,#4748,#1706,.T.);
#5769=EDGE_CURVE('',#4749,#4747,#1707,.T.);
#5770=EDGE_CURVE('',#4750,#4749,#1708,.T.);
#5771=EDGE_CURVE('',#4748,#4750,#1709,.T.);
#5772=EDGE_CURVE('',#4751,#4752,#1710,.T.);
#5773=EDGE_CURVE('',#4753,#4751,#1711,.T.);
#5774=EDGE_CURVE('',#4754,#4753,#1712,.T.);
#5775=EDGE_CURVE('',#4752,#4754,#1713,.T.);
#5776=EDGE_CURVE('',#4755,#4756,#1714,.T.);
#5777=EDGE_CURVE('',#4757,#4755,#1715,.T.);
#5778=EDGE_CURVE('',#4758,#4757,#1716,.T.);
#5779=EDGE_CURVE('',#4756,#4758,#1717,.T.);
#5780=EDGE_CURVE('',#4759,#4760,#1718,.T.);
#5781=EDGE_CURVE('',#4761,#4759,#1719,.T.);
#5782=EDGE_CURVE('',#4762,#4761,#1720,.T.);
#5783=EDGE_CURVE('',#4763,#4762,#1721,.T.);
#5784=EDGE_CURVE('',#4764,#4763,#1722,.T.);
#5785=EDGE_CURVE('',#4765,#4764,#1723,.T.);
#5786=EDGE_CURVE('',#4766,#4765,#1724,.T.);
#5787=EDGE_CURVE('',#4767,#4766,#1725,.T.);
#5788=EDGE_CURVE('',#4768,#4767,#1726,.T.);
#5789=EDGE_CURVE('',#4769,#4768,#1727,.T.);
#5790=EDGE_CURVE('',#4770,#4769,#1728,.T.);
#5791=EDGE_CURVE('',#4771,#4770,#1729,.T.);
#5792=EDGE_CURVE('',#4772,#4771,#1730,.T.);
#5793=EDGE_CURVE('',#4773,#4772,#1731,.T.);
#5794=EDGE_CURVE('',#4774,#4773,#1732,.T.);
#5795=EDGE_CURVE('',#4775,#4774,#1733,.T.);
#5796=EDGE_CURVE('',#4776,#4775,#1734,.T.);
#5797=EDGE_CURVE('',#4777,#4776,#1735,.T.);
#5798=EDGE_CURVE('',#4778,#4777,#1736,.T.);
#5799=EDGE_CURVE('',#4779,#4778,#1737,.T.);
#5800=EDGE_CURVE('',#4780,#4779,#1738,.T.);
#5801=EDGE_CURVE('',#4781,#4780,#1739,.T.);
#5802=EDGE_CURVE('',#4782,#4781,#1740,.T.);
#5803=EDGE_CURVE('',#4783,#4782,#1741,.T.);
#5804=EDGE_CURVE('',#4784,#4783,#1742,.T.);
#5805=EDGE_CURVE('',#4785,#4784,#1743,.T.);
#5806=EDGE_CURVE('',#4786,#4785,#1744,.T.);
#5807=EDGE_CURVE('',#4787,#4786,#1745,.T.);
#5808=EDGE_CURVE('',#4788,#4787,#1746,.T.);
#5809=EDGE_CURVE('',#4789,#4788,#1747,.T.);
#5810=EDGE_CURVE('',#4790,#4789,#1748,.T.);
#5811=EDGE_CURVE('',#4791,#4790,#1749,.T.);
#5812=EDGE_CURVE('',#4792,#4791,#1750,.T.);
#5813=EDGE_CURVE('',#4793,#4792,#1751,.T.);
#5814=EDGE_CURVE('',#4794,#4793,#1752,.T.);
#5815=EDGE_CURVE('',#4795,#4794,#1753,.T.);
#5816=EDGE_CURVE('',#4796,#4795,#1754,.T.);
#5817=EDGE_CURVE('',#4797,#4796,#1755,.T.);
#5818=EDGE_CURVE('',#4798,#4797,#1756,.T.);
#5819=EDGE_CURVE('',#4799,#4798,#1757,.T.);
#5820=EDGE_CURVE('',#4800,#4799,#1758,.T.);
#5821=EDGE_CURVE('',#4801,#4800,#1759,.T.);
#5822=EDGE_CURVE('',#4802,#4801,#1760,.T.);
#5823=EDGE_CURVE('',#4760,#4802,#1761,.T.);
#5824=EDGE_CURVE('',#4803,#4804,#1762,.T.);
#5825=EDGE_CURVE('',#4805,#4803,#1763,.T.);
#5826=EDGE_CURVE('',#4806,#4805,#1764,.T.);
#5827=EDGE_CURVE('',#4804,#4806,#1765,.T.);
#5828=EDGE_CURVE('',#4807,#4808,#1766,.T.);
#5829=EDGE_CURVE('',#4809,#4807,#1767,.T.);
#5830=EDGE_CURVE('',#4810,#4809,#1768,.T.);
#5831=EDGE_CURVE('',#4808,#4810,#1769,.T.);
#5832=EDGE_CURVE('',#4811,#4812,#1770,.T.);
#5833=EDGE_CURVE('',#4813,#4811,#1771,.T.);
#5834=EDGE_CURVE('',#4814,#4813,#1772,.T.);
#5835=EDGE_CURVE('',#4812,#4814,#1773,.T.);
#5836=EDGE_CURVE('',#4815,#4816,#1774,.T.);
#5837=EDGE_CURVE('',#4817,#4815,#1775,.T.);
#5838=EDGE_CURVE('',#4818,#4817,#1776,.T.);
#5839=EDGE_CURVE('',#4816,#4818,#1777,.T.);
#5840=EDGE_CURVE('',#4819,#4820,#1778,.T.);
#5841=EDGE_CURVE('',#4821,#4819,#1779,.T.);
#5842=EDGE_CURVE('',#4822,#4821,#1780,.T.);
#5843=EDGE_CURVE('',#4820,#4822,#1781,.T.);
#5844=EDGE_CURVE('',#4823,#4824,#1782,.T.);
#5845=EDGE_CURVE('',#4825,#4823,#1783,.T.);
#5846=EDGE_CURVE('',#4826,#4825,#1784,.T.);
#5847=EDGE_CURVE('',#4824,#4826,#1785,.T.);
#5848=EDGE_CURVE('',#4412,#4415,#1786,.T.);
#5849=EDGE_CURVE('',#4417,#4414,#1787,.T.);
#5850=EDGE_CURVE('',#4827,#4828,#21,.T.);
#5851=EDGE_CURVE('',#4828,#4829,#1788,.T.);
#5852=EDGE_CURVE('',#4829,#4830,#22,.T.);
#5853=EDGE_CURVE('',#4830,#4827,#1789,.F.);
#5854=EDGE_CURVE('',#4831,#4832,#23,.T.);
#5855=EDGE_CURVE('',#4832,#4833,#1790,.T.);
#5856=EDGE_CURVE('',#4833,#4834,#24,.T.);
#5857=EDGE_CURVE('',#4831,#4834,#1791,.T.);
#5858=EDGE_CURVE('',#4413,#4835,#1792,.T.);
#5859=EDGE_CURVE('',#4835,#4836,#1793,.T.);
#5860=EDGE_CURVE('',#4414,#4836,#1794,.T.);
#5861=EDGE_CURVE('',#4824,#4837,#1795,.T.);
#5862=EDGE_CURVE('',#4838,#4837,#1796,.T.);
#5863=EDGE_CURVE('',#4823,#4838,#1797,.T.);
#5864=EDGE_CURVE('',#4826,#4839,#1798,.T.);
#5865=EDGE_CURVE('',#4837,#4839,#1799,.T.);
#5866=EDGE_CURVE('',#4825,#4840,#1800,.T.);
#5867=EDGE_CURVE('',#4839,#4840,#1801,.T.);
#5868=EDGE_CURVE('',#4840,#4838,#1802,.T.);
#5869=EDGE_CURVE('',#4820,#4841,#1803,.T.);
#5870=EDGE_CURVE('',#4842,#4841,#1804,.T.);
#5871=EDGE_CURVE('',#4819,#4842,#1805,.T.);
#5872=EDGE_CURVE('',#4822,#4843,#1806,.T.);
#5873=EDGE_CURVE('',#4841,#4843,#1807,.T.);
#5874=EDGE_CURVE('',#4821,#4844,#1808,.T.);
#5875=EDGE_CURVE('',#4843,#4844,#1809,.T.);
#5876=EDGE_CURVE('',#4844,#4842,#1810,.T.);
#5877=EDGE_CURVE('',#4816,#4845,#1811,.T.);
#5878=EDGE_CURVE('',#4846,#4845,#1812,.T.);
#5879=EDGE_CURVE('',#4815,#4846,#1813,.T.);
#5880=EDGE_CURVE('',#4818,#4847,#1814,.T.);
#5881=EDGE_CURVE('',#4845,#4847,#1815,.T.);
#5882=EDGE_CURVE('',#4817,#4848,#1816,.T.);
#5883=EDGE_CURVE('',#4847,#4848,#1817,.T.);
#5884=EDGE_CURVE('',#4848,#4846,#1818,.T.);
#5885=EDGE_CURVE('',#4812,#4849,#1819,.T.);
#5886=EDGE_CURVE('',#4850,#4849,#1820,.T.);
#5887=EDGE_CURVE('',#4811,#4850,#1821,.T.);
#5888=EDGE_CURVE('',#4814,#4851,#1822,.T.);
#5889=EDGE_CURVE('',#4849,#4851,#1823,.T.);
#5890=EDGE_CURVE('',#4813,#4852,#1824,.T.);
#5891=EDGE_CURVE('',#4851,#4852,#1825,.T.);
#5892=EDGE_CURVE('',#4852,#4850,#1826,.T.);
#5893=EDGE_CURVE('',#4808,#4853,#1827,.T.);
#5894=EDGE_CURVE('',#4854,#4853,#1828,.T.);
#5895=EDGE_CURVE('',#4807,#4854,#1829,.T.);
#5896=EDGE_CURVE('',#4810,#4855,#1830,.T.);
#5897=EDGE_CURVE('',#4853,#4855,#1831,.T.);
#5898=EDGE_CURVE('',#4809,#4856,#1832,.T.);
#5899=EDGE_CURVE('',#4855,#4856,#1833,.T.);
#5900=EDGE_CURVE('',#4856,#4854,#1834,.T.);
#5901=EDGE_CURVE('',#4804,#4857,#1835,.T.);
#5902=EDGE_CURVE('',#4858,#4857,#1836,.T.);
#5903=EDGE_CURVE('',#4803,#4858,#1837,.T.);
#5904=EDGE_CURVE('',#4806,#4859,#1838,.T.);
#5905=EDGE_CURVE('',#4857,#4859,#1839,.T.);
#5906=EDGE_CURVE('',#4805,#4860,#1840,.T.);
#5907=EDGE_CURVE('',#4859,#4860,#1841,.T.);
#5908=EDGE_CURVE('',#4860,#4858,#1842,.T.);
#5909=EDGE_CURVE('',#4760,#4861,#1843,.T.);
#5910=EDGE_CURVE('',#4862,#4861,#1844,.T.);
#5911=EDGE_CURVE('',#4759,#4862,#1845,.T.);
#5912=EDGE_CURVE('',#4802,#4863,#1846,.T.);
#5913=EDGE_CURVE('',#4861,#4863,#1847,.T.);
#5914=EDGE_CURVE('',#4801,#4864,#1848,.T.);
#5915=EDGE_CURVE('',#4863,#4864,#1849,.T.);
#5916=EDGE_CURVE('',#4800,#4865,#1850,.T.);
#5917=EDGE_CURVE('',#4864,#4865,#1851,.T.);
#5918=EDGE_CURVE('',#4799,#4866,#1852,.T.);
#5919=EDGE_CURVE('',#4865,#4866,#1853,.T.);
#5920=EDGE_CURVE('',#4798,#4867,#1854,.T.);
#5921=EDGE_CURVE('',#4866,#4867,#1855,.T.);
#5922=EDGE_CURVE('',#4797,#4868,#1856,.T.);
#5923=EDGE_CURVE('',#4867,#4868,#1857,.T.);
#5924=EDGE_CURVE('',#4796,#4869,#1858,.T.);
#5925=EDGE_CURVE('',#4868,#4869,#1859,.T.);
#5926=EDGE_CURVE('',#4795,#4870,#1860,.T.);
#5927=EDGE_CURVE('',#4869,#4870,#1861,.T.);
#5928=EDGE_CURVE('',#4794,#4871,#1862,.T.);
#5929=EDGE_CURVE('',#4870,#4871,#1863,.T.);
#5930=EDGE_CURVE('',#4793,#4872,#1864,.T.);
#5931=EDGE_CURVE('',#4871,#4872,#1865,.T.);
#5932=EDGE_CURVE('',#4792,#4873,#1866,.T.);
#5933=EDGE_CURVE('',#4872,#4873,#1867,.T.);
#5934=EDGE_CURVE('',#4791,#4874,#1868,.T.);
#5935=EDGE_CURVE('',#4873,#4874,#1869,.T.);
#5936=EDGE_CURVE('',#4790,#4875,#1870,.T.);
#5937=EDGE_CURVE('',#4874,#4875,#1871,.T.);
#5938=EDGE_CURVE('',#4789,#4876,#1872,.T.);
#5939=EDGE_CURVE('',#4875,#4876,#1873,.T.);
#5940=EDGE_CURVE('',#4788,#4877,#1874,.T.);
#5941=EDGE_CURVE('',#4876,#4877,#1875,.T.);
#5942=EDGE_CURVE('',#4787,#4878,#1876,.T.);
#5943=EDGE_CURVE('',#4877,#4878,#1877,.T.);
#5944=EDGE_CURVE('',#4786,#4879,#1878,.T.);
#5945=EDGE_CURVE('',#4878,#4879,#1879,.T.);
#5946=EDGE_CURVE('',#4785,#4880,#1880,.T.);
#5947=EDGE_CURVE('',#4879,#4880,#1881,.T.);
#5948=EDGE_CURVE('',#4784,#4881,#1882,.T.);
#5949=EDGE_CURVE('',#4880,#4881,#1883,.T.);
#5950=EDGE_CURVE('',#4783,#4882,#1884,.T.);
#5951=EDGE_CURVE('',#4881,#4882,#1885,.T.);
#5952=EDGE_CURVE('',#4782,#4883,#1886,.T.);
#5953=EDGE_CURVE('',#4882,#4883,#1887,.T.);
#5954=EDGE_CURVE('',#4781,#4884,#1888,.T.);
#5955=EDGE_CURVE('',#4883,#4884,#1889,.T.);
#5956=EDGE_CURVE('',#4780,#4885,#1890,.T.);
#5957=EDGE_CURVE('',#4884,#4885,#1891,.T.);
#5958=EDGE_CURVE('',#4779,#4886,#1892,.T.);
#5959=EDGE_CURVE('',#4885,#4886,#1893,.T.);
#5960=EDGE_CURVE('',#4778,#4887,#1894,.T.);
#5961=EDGE_CURVE('',#4886,#4887,#1895,.T.);
#5962=EDGE_CURVE('',#4777,#4888,#1896,.T.);
#5963=EDGE_CURVE('',#4887,#4888,#1897,.T.);
#5964=EDGE_CURVE('',#4776,#4889,#1898,.T.);
#5965=EDGE_CURVE('',#4888,#4889,#1899,.T.);
#5966=EDGE_CURVE('',#4775,#4890,#1900,.T.);
#5967=EDGE_CURVE('',#4889,#4890,#1901,.T.);
#5968=EDGE_CURVE('',#4774,#4891,#1902,.T.);
#5969=EDGE_CURVE('',#4890,#4891,#1903,.T.);
#5970=EDGE_CURVE('',#4773,#4892,#1904,.T.);
#5971=EDGE_CURVE('',#4891,#4892,#1905,.T.);
#5972=EDGE_CURVE('',#4772,#4893,#1906,.T.);
#5973=EDGE_CURVE('',#4892,#4893,#1907,.T.);
#5974=EDGE_CURVE('',#4771,#4894,#1908,.T.);
#5975=EDGE_CURVE('',#4893,#4894,#1909,.T.);
#5976=EDGE_CURVE('',#4770,#4895,#1910,.T.);
#5977=EDGE_CURVE('',#4894,#4895,#1911,.T.);
#5978=EDGE_CURVE('',#4769,#4896,#1912,.T.);
#5979=EDGE_CURVE('',#4895,#4896,#1913,.T.);
#5980=EDGE_CURVE('',#4768,#4897,#1914,.T.);
#5981=EDGE_CURVE('',#4896,#4897,#1915,.T.);
#5982=EDGE_CURVE('',#4767,#4898,#1916,.T.);
#5983=EDGE_CURVE('',#4897,#4898,#1917,.T.);
#5984=EDGE_CURVE('',#4766,#4899,#1918,.T.);
#5985=EDGE_CURVE('',#4898,#4899,#1919,.T.);
#5986=EDGE_CURVE('',#4765,#4900,#1920,.T.);
#5987=EDGE_CURVE('',#4899,#4900,#1921,.T.);
#5988=EDGE_CURVE('',#4764,#4901,#1922,.T.);
#5989=EDGE_CURVE('',#4900,#4901,#1923,.T.);
#5990=EDGE_CURVE('',#4763,#4902,#1924,.T.);
#5991=EDGE_CURVE('',#4901,#4902,#1925,.T.);
#5992=EDGE_CURVE('',#4762,#4903,#1926,.T.);
#5993=EDGE_CURVE('',#4902,#4903,#1927,.T.);
#5994=EDGE_CURVE('',#4761,#4904,#1928,.T.);
#5995=EDGE_CURVE('',#4903,#4904,#1929,.T.);
#5996=EDGE_CURVE('',#4904,#4862,#1930,.T.);
#5997=EDGE_CURVE('',#4756,#4905,#1931,.T.);
#5998=EDGE_CURVE('',#4906,#4905,#1932,.T.);
#5999=EDGE_CURVE('',#4755,#4906,#1933,.T.);
#6000=EDGE_CURVE('',#4758,#4907,#1934,.T.);
#6001=EDGE_CURVE('',#4905,#4907,#1935,.T.);
#6002=EDGE_CURVE('',#4757,#4908,#1936,.T.);
#6003=EDGE_CURVE('',#4907,#4908,#1937,.T.);
#6004=EDGE_CURVE('',#4908,#4906,#1938,.T.);
#6005=EDGE_CURVE('',#4752,#4909,#1939,.T.);
#6006=EDGE_CURVE('',#4910,#4909,#1940,.T.);
#6007=EDGE_CURVE('',#4751,#4910,#1941,.T.);
#6008=EDGE_CURVE('',#4754,#4911,#1942,.T.);
#6009=EDGE_CURVE('',#4909,#4911,#1943,.T.);
#6010=EDGE_CURVE('',#4753,#4912,#1944,.T.);
#6011=EDGE_CURVE('',#4911,#4912,#1945,.T.);
#6012=EDGE_CURVE('',#4912,#4910,#1946,.T.);
#6013=EDGE_CURVE('',#4748,#4913,#1947,.T.);
#6014=EDGE_CURVE('',#4914,#4913,#1948,.T.);
#6015=EDGE_CURVE('',#4747,#4914,#1949,.T.);
#6016=EDGE_CURVE('',#4750,#4915,#1950,.T.);
#6017=EDGE_CURVE('',#4913,#4915,#1951,.T.);
#6018=EDGE_CURVE('',#4749,#4916,#1952,.T.);
#6019=EDGE_CURVE('',#4915,#4916,#1953,.T.);
#6020=EDGE_CURVE('',#4916,#4914,#1954,.T.);
#6021=EDGE_CURVE('',#4744,#4917,#1955,.T.);
#6022=EDGE_CURVE('',#4918,#4917,#1956,.T.);
#6023=EDGE_CURVE('',#4743,#4918,#1957,.T.);
#6024=EDGE_CURVE('',#4746,#4919,#1958,.T.);
#6025=EDGE_CURVE('',#4917,#4919,#1959,.T.);
#6026=EDGE_CURVE('',#4745,#4920,#1960,.T.);
#6027=EDGE_CURVE('',#4919,#4920,#1961,.T.);
#6028=EDGE_CURVE('',#4920,#4918,#1962,.T.);
#6029=EDGE_CURVE('',#4740,#4921,#1963,.T.);
#6030=EDGE_CURVE('',#4922,#4921,#1964,.T.);
#6031=EDGE_CURVE('',#4739,#4922,#1965,.T.);
#6032=EDGE_CURVE('',#4742,#4923,#1966,.T.);
#6033=EDGE_CURVE('',#4921,#4923,#1967,.T.);
#6034=EDGE_CURVE('',#4741,#4924,#1968,.T.);
#6035=EDGE_CURVE('',#4923,#4924,#1969,.T.);
#6036=EDGE_CURVE('',#4924,#4922,#1970,.T.);
#6037=EDGE_CURVE('',#4736,#4925,#1971,.T.);
#6038=EDGE_CURVE('',#4926,#4925,#1972,.T.);
#6039=EDGE_CURVE('',#4735,#4926,#1973,.T.);
#6040=EDGE_CURVE('',#4738,#4927,#1974,.T.);
#6041=EDGE_CURVE('',#4925,#4927,#1975,.T.);
#6042=EDGE_CURVE('',#4737,#4928,#1976,.T.);
#6043=EDGE_CURVE('',#4927,#4928,#1977,.T.);
#6044=EDGE_CURVE('',#4928,#4926,#1978,.T.);
#6045=EDGE_CURVE('',#4732,#4929,#1979,.T.);
#6046=EDGE_CURVE('',#4930,#4929,#1980,.T.);
#6047=EDGE_CURVE('',#4731,#4930,#1981,.T.);
#6048=EDGE_CURVE('',#4734,#4931,#1982,.T.);
#6049=EDGE_CURVE('',#4929,#4931,#1983,.T.);
#6050=EDGE_CURVE('',#4733,#4932,#1984,.T.);
#6051=EDGE_CURVE('',#4931,#4932,#1985,.T.);
#6052=EDGE_CURVE('',#4932,#4930,#1986,.T.);
#6053=EDGE_CURVE('',#4728,#4933,#1987,.T.);
#6054=EDGE_CURVE('',#4934,#4933,#1988,.T.);
#6055=EDGE_CURVE('',#4727,#4934,#1989,.T.);
#6056=EDGE_CURVE('',#4730,#4935,#1990,.T.);
#6057=EDGE_CURVE('',#4933,#4935,#1991,.T.);
#6058=EDGE_CURVE('',#4729,#4936,#1992,.T.);
#6059=EDGE_CURVE('',#4935,#4936,#1993,.T.);
#6060=EDGE_CURVE('',#4936,#4934,#1994,.T.);
#6061=EDGE_CURVE('',#4724,#4937,#1995,.T.);
#6062=EDGE_CURVE('',#4938,#4937,#1996,.T.);
#6063=EDGE_CURVE('',#4723,#4938,#1997,.T.);
#6064=EDGE_CURVE('',#4726,#4939,#1998,.T.);
#6065=EDGE_CURVE('',#4937,#4939,#1999,.T.);
#6066=EDGE_CURVE('',#4725,#4940,#2000,.T.);
#6067=EDGE_CURVE('',#4939,#4940,#2001,.T.);
#6068=EDGE_CURVE('',#4940,#4938,#2002,.T.);
#6069=EDGE_CURVE('',#4720,#4941,#2003,.T.);
#6070=EDGE_CURVE('',#4942,#4941,#2004,.T.);
#6071=EDGE_CURVE('',#4719,#4942,#2005,.T.);
#6072=EDGE_CURVE('',#4722,#4943,#2006,.T.);
#6073=EDGE_CURVE('',#4941,#4943,#2007,.T.);
#6074=EDGE_CURVE('',#4721,#4944,#2008,.T.);
#6075=EDGE_CURVE('',#4943,#4944,#2009,.T.);
#6076=EDGE_CURVE('',#4944,#4942,#2010,.T.);
#6077=EDGE_CURVE('',#4716,#4945,#2011,.T.);
#6078=EDGE_CURVE('',#4946,#4945,#2012,.T.);
#6079=EDGE_CURVE('',#4715,#4946,#2013,.T.);
#6080=EDGE_CURVE('',#4718,#4947,#2014,.T.);
#6081=EDGE_CURVE('',#4945,#4947,#2015,.T.);
#6082=EDGE_CURVE('',#4717,#4948,#2016,.T.);
#6083=EDGE_CURVE('',#4947,#4948,#2017,.T.);
#6084=EDGE_CURVE('',#4948,#4946,#2018,.T.);
#6085=EDGE_CURVE('',#4712,#4949,#2019,.T.);
#6086=EDGE_CURVE('',#4950,#4949,#2020,.T.);
#6087=EDGE_CURVE('',#4711,#4950,#2021,.T.);
#6088=EDGE_CURVE('',#4714,#4951,#2022,.T.);
#6089=EDGE_CURVE('',#4949,#4951,#2023,.T.);
#6090=EDGE_CURVE('',#4713,#4952,#2024,.T.);
#6091=EDGE_CURVE('',#4951,#4952,#2025,.T.);
#6092=EDGE_CURVE('',#4952,#4950,#2026,.T.);
#6093=EDGE_CURVE('',#4708,#4953,#2027,.T.);
#6094=EDGE_CURVE('',#4954,#4953,#2028,.T.);
#6095=EDGE_CURVE('',#4707,#4954,#2029,.T.);
#6096=EDGE_CURVE('',#4710,#4955,#2030,.T.);
#6097=EDGE_CURVE('',#4953,#4955,#2031,.T.);
#6098=EDGE_CURVE('',#4709,#4956,#2032,.T.);
#6099=EDGE_CURVE('',#4955,#4956,#2033,.T.);
#6100=EDGE_CURVE('',#4956,#4954,#2034,.T.);
#6101=EDGE_CURVE('',#4704,#4957,#2035,.T.);
#6102=EDGE_CURVE('',#4958,#4957,#2036,.T.);
#6103=EDGE_CURVE('',#4703,#4958,#2037,.T.);
#6104=EDGE_CURVE('',#4706,#4959,#2038,.T.);
#6105=EDGE_CURVE('',#4957,#4959,#2039,.T.);
#6106=EDGE_CURVE('',#4705,#4960,#2040,.T.);
#6107=EDGE_CURVE('',#4959,#4960,#2041,.T.);
#6108=EDGE_CURVE('',#4960,#4958,#2042,.T.);
#6109=EDGE_CURVE('',#4700,#4961,#2043,.T.);
#6110=EDGE_CURVE('',#4962,#4961,#2044,.T.);
#6111=EDGE_CURVE('',#4699,#4962,#2045,.T.);
#6112=EDGE_CURVE('',#4702,#4963,#2046,.T.);
#6113=EDGE_CURVE('',#4961,#4963,#2047,.T.);
#6114=EDGE_CURVE('',#4701,#4964,#2048,.T.);
#6115=EDGE_CURVE('',#4963,#4964,#2049,.T.);
#6116=EDGE_CURVE('',#4964,#4962,#2050,.T.);
#6117=EDGE_CURVE('',#4696,#4965,#2051,.T.);
#6118=EDGE_CURVE('',#4966,#4965,#2052,.T.);
#6119=EDGE_CURVE('',#4695,#4966,#2053,.T.);
#6120=EDGE_CURVE('',#4698,#4967,#2054,.T.);
#6121=EDGE_CURVE('',#4965,#4967,#2055,.T.);
#6122=EDGE_CURVE('',#4697,#4968,#2056,.T.);
#6123=EDGE_CURVE('',#4967,#4968,#2057,.T.);
#6124=EDGE_CURVE('',#4968,#4966,#2058,.T.);
#6125=EDGE_CURVE('',#4692,#4969,#2059,.T.);
#6126=EDGE_CURVE('',#4970,#4969,#2060,.T.);
#6127=EDGE_CURVE('',#4691,#4970,#2061,.T.);
#6128=EDGE_CURVE('',#4694,#4971,#2062,.T.);
#6129=EDGE_CURVE('',#4969,#4971,#2063,.T.);
#6130=EDGE_CURVE('',#4693,#4972,#2064,.T.);
#6131=EDGE_CURVE('',#4971,#4972,#2065,.T.);
#6132=EDGE_CURVE('',#4972,#4970,#2066,.T.);
#6133=EDGE_CURVE('',#4688,#4973,#2067,.T.);
#6134=EDGE_CURVE('',#4974,#4973,#2068,.T.);
#6135=EDGE_CURVE('',#4687,#4974,#2069,.T.);
#6136=EDGE_CURVE('',#4690,#4975,#2070,.T.);
#6137=EDGE_CURVE('',#4973,#4975,#2071,.T.);
#6138=EDGE_CURVE('',#4689,#4976,#2072,.T.);
#6139=EDGE_CURVE('',#4975,#4976,#2073,.T.);
#6140=EDGE_CURVE('',#4976,#4974,#2074,.T.);
#6141=EDGE_CURVE('',#4684,#4977,#2075,.T.);
#6142=EDGE_CURVE('',#4978,#4977,#2076,.T.);
#6143=EDGE_CURVE('',#4683,#4978,#2077,.T.);
#6144=EDGE_CURVE('',#4686,#4979,#2078,.T.);
#6145=EDGE_CURVE('',#4977,#4979,#2079,.T.);
#6146=EDGE_CURVE('',#4685,#4980,#2080,.T.);
#6147=EDGE_CURVE('',#4979,#4980,#2081,.T.);
#6148=EDGE_CURVE('',#4980,#4978,#2082,.T.);
#6149=EDGE_CURVE('',#4680,#4981,#2083,.T.);
#6150=EDGE_CURVE('',#4982,#4981,#2084,.T.);
#6151=EDGE_CURVE('',#4679,#4982,#2085,.T.);
#6152=EDGE_CURVE('',#4682,#4983,#2086,.T.);
#6153=EDGE_CURVE('',#4981,#4983,#2087,.T.);
#6154=EDGE_CURVE('',#4681,#4984,#2088,.T.);
#6155=EDGE_CURVE('',#4983,#4984,#2089,.T.);
#6156=EDGE_CURVE('',#4984,#4982,#2090,.T.);
#6157=EDGE_CURVE('',#4676,#4985,#2091,.T.);
#6158=EDGE_CURVE('',#4986,#4985,#2092,.T.);
#6159=EDGE_CURVE('',#4675,#4986,#2093,.T.);
#6160=EDGE_CURVE('',#4678,#4987,#2094,.T.);
#6161=EDGE_CURVE('',#4985,#4987,#2095,.T.);
#6162=EDGE_CURVE('',#4677,#4988,#2096,.T.);
#6163=EDGE_CURVE('',#4987,#4988,#2097,.T.);
#6164=EDGE_CURVE('',#4988,#4986,#2098,.T.);
#6165=EDGE_CURVE('',#4672,#4989,#2099,.T.);
#6166=EDGE_CURVE('',#4990,#4989,#2100,.T.);
#6167=EDGE_CURVE('',#4671,#4990,#2101,.T.);
#6168=EDGE_CURVE('',#4674,#4991,#2102,.T.);
#6169=EDGE_CURVE('',#4989,#4991,#2103,.T.);
#6170=EDGE_CURVE('',#4673,#4992,#2104,.T.);
#6171=EDGE_CURVE('',#4991,#4992,#2105,.T.);
#6172=EDGE_CURVE('',#4992,#4990,#2106,.T.);
#6173=EDGE_CURVE('',#4668,#4993,#2107,.T.);
#6174=EDGE_CURVE('',#4994,#4993,#2108,.T.);
#6175=EDGE_CURVE('',#4667,#4994,#2109,.T.);
#6176=EDGE_CURVE('',#4670,#4995,#2110,.T.);
#6177=EDGE_CURVE('',#4993,#4995,#2111,.T.);
#6178=EDGE_CURVE('',#4669,#4996,#2112,.T.);
#6179=EDGE_CURVE('',#4995,#4996,#2113,.T.);
#6180=EDGE_CURVE('',#4996,#4994,#2114,.T.);
#6181=EDGE_CURVE('',#4664,#4997,#2115,.T.);
#6182=EDGE_CURVE('',#4998,#4997,#2116,.T.);
#6183=EDGE_CURVE('',#4663,#4998,#2117,.T.);
#6184=EDGE_CURVE('',#4666,#4999,#2118,.T.);
#6185=EDGE_CURVE('',#4997,#4999,#2119,.T.);
#6186=EDGE_CURVE('',#4665,#5000,#2120,.T.);
#6187=EDGE_CURVE('',#4999,#5000,#2121,.T.);
#6188=EDGE_CURVE('',#5000,#4998,#2122,.T.);
#6189=EDGE_CURVE('',#4660,#5001,#2123,.T.);
#6190=EDGE_CURVE('',#5002,#5001,#2124,.T.);
#6191=EDGE_CURVE('',#4659,#5002,#2125,.T.);
#6192=EDGE_CURVE('',#4662,#5003,#2126,.T.);
#6193=EDGE_CURVE('',#5001,#5003,#2127,.T.);
#6194=EDGE_CURVE('',#4661,#5004,#2128,.T.);
#6195=EDGE_CURVE('',#5003,#5004,#2129,.T.);
#6196=EDGE_CURVE('',#5004,#5002,#2130,.T.);
#6197=EDGE_CURVE('',#4656,#5005,#2131,.T.);
#6198=EDGE_CURVE('',#5006,#5005,#2132,.T.);
#6199=EDGE_CURVE('',#4655,#5006,#2133,.T.);
#6200=EDGE_CURVE('',#4658,#5007,#2134,.T.);
#6201=EDGE_CURVE('',#5005,#5007,#2135,.T.);
#6202=EDGE_CURVE('',#4657,#5008,#2136,.T.);
#6203=EDGE_CURVE('',#5007,#5008,#2137,.T.);
#6204=EDGE_CURVE('',#5008,#5006,#2138,.T.);
#6205=EDGE_CURVE('',#4652,#5009,#2139,.T.);
#6206=EDGE_CURVE('',#5010,#5009,#2140,.T.);
#6207=EDGE_CURVE('',#4651,#5010,#2141,.T.);
#6208=EDGE_CURVE('',#4654,#5011,#2142,.T.);
#6209=EDGE_CURVE('',#5009,#5011,#2143,.T.);
#6210=EDGE_CURVE('',#4653,#5012,#2144,.T.);
#6211=EDGE_CURVE('',#5011,#5012,#2145,.T.);
#6212=EDGE_CURVE('',#5012,#5010,#2146,.T.);
#6213=EDGE_CURVE('',#4648,#5013,#2147,.T.);
#6214=EDGE_CURVE('',#5014,#5013,#2148,.T.);
#6215=EDGE_CURVE('',#4647,#5014,#2149,.T.);
#6216=EDGE_CURVE('',#4650,#5015,#2150,.T.);
#6217=EDGE_CURVE('',#5013,#5015,#2151,.T.);
#6218=EDGE_CURVE('',#4649,#5016,#2152,.T.);
#6219=EDGE_CURVE('',#5015,#5016,#2153,.T.);
#6220=EDGE_CURVE('',#5016,#5014,#2154,.T.);
#6221=EDGE_CURVE('',#4644,#5017,#2155,.T.);
#6222=EDGE_CURVE('',#5018,#5017,#2156,.T.);
#6223=EDGE_CURVE('',#4643,#5018,#2157,.T.);
#6224=EDGE_CURVE('',#4646,#5019,#2158,.T.);
#6225=EDGE_CURVE('',#5017,#5019,#2159,.T.);
#6226=EDGE_CURVE('',#4645,#5020,#2160,.T.);
#6227=EDGE_CURVE('',#5019,#5020,#2161,.T.);
#6228=EDGE_CURVE('',#5020,#5018,#2162,.T.);
#6229=EDGE_CURVE('',#4640,#5021,#2163,.T.);
#6230=EDGE_CURVE('',#5022,#5021,#2164,.T.);
#6231=EDGE_CURVE('',#4639,#5022,#2165,.T.);
#6232=EDGE_CURVE('',#4642,#5023,#2166,.T.);
#6233=EDGE_CURVE('',#5021,#5023,#2167,.T.);
#6234=EDGE_CURVE('',#4641,#5024,#2168,.T.);
#6235=EDGE_CURVE('',#5023,#5024,#2169,.T.);
#6236=EDGE_CURVE('',#5024,#5022,#2170,.T.);
#6237=EDGE_CURVE('',#4636,#5025,#2171,.T.);
#6238=EDGE_CURVE('',#5026,#5025,#2172,.T.);
#6239=EDGE_CURVE('',#4635,#5026,#2173,.T.);
#6240=EDGE_CURVE('',#4638,#5027,#2174,.T.);
#6241=EDGE_CURVE('',#5025,#5027,#2175,.T.);
#6242=EDGE_CURVE('',#4637,#5028,#2176,.T.);
#6243=EDGE_CURVE('',#5027,#5028,#2177,.T.);
#6244=EDGE_CURVE('',#5028,#5026,#2178,.T.);
#6245=EDGE_CURVE('',#4632,#5029,#2179,.T.);
#6246=EDGE_CURVE('',#5030,#5029,#2180,.T.);
#6247=EDGE_CURVE('',#4631,#5030,#2181,.T.);
#6248=EDGE_CURVE('',#4634,#5031,#2182,.T.);
#6249=EDGE_CURVE('',#5029,#5031,#2183,.T.);
#6250=EDGE_CURVE('',#4633,#5032,#2184,.T.);
#6251=EDGE_CURVE('',#5031,#5032,#2185,.T.);
#6252=EDGE_CURVE('',#5032,#5030,#2186,.T.);
#6253=EDGE_CURVE('',#4628,#5033,#2187,.T.);
#6254=EDGE_CURVE('',#5034,#5033,#2188,.T.);
#6255=EDGE_CURVE('',#4627,#5034,#2189,.T.);
#6256=EDGE_CURVE('',#4630,#5035,#2190,.T.);
#6257=EDGE_CURVE('',#5033,#5035,#2191,.T.);
#6258=EDGE_CURVE('',#4629,#5036,#2192,.T.);
#6259=EDGE_CURVE('',#5035,#5036,#2193,.T.);
#6260=EDGE_CURVE('',#5036,#5034,#2194,.T.);
#6261=EDGE_CURVE('',#4624,#5037,#2195,.T.);
#6262=EDGE_CURVE('',#5038,#5037,#2196,.T.);
#6263=EDGE_CURVE('',#4623,#5038,#2197,.T.);
#6264=EDGE_CURVE('',#4626,#5039,#2198,.T.);
#6265=EDGE_CURVE('',#5037,#5039,#2199,.T.);
#6266=EDGE_CURVE('',#4625,#5040,#2200,.T.);
#6267=EDGE_CURVE('',#5039,#5040,#2201,.T.);
#6268=EDGE_CURVE('',#5040,#5038,#2202,.T.);
#6269=EDGE_CURVE('',#4620,#5041,#2203,.T.);
#6270=EDGE_CURVE('',#5042,#5041,#2204,.T.);
#6271=EDGE_CURVE('',#4619,#5042,#2205,.T.);
#6272=EDGE_CURVE('',#4622,#5043,#2206,.T.);
#6273=EDGE_CURVE('',#5041,#5043,#2207,.T.);
#6274=EDGE_CURVE('',#4621,#5044,#2208,.T.);
#6275=EDGE_CURVE('',#5043,#5044,#2209,.T.);
#6276=EDGE_CURVE('',#5044,#5042,#2210,.T.);
#6277=EDGE_CURVE('',#4616,#5045,#2211,.T.);
#6278=EDGE_CURVE('',#5046,#5045,#2212,.T.);
#6279=EDGE_CURVE('',#4615,#5046,#2213,.T.);
#6280=EDGE_CURVE('',#4618,#5047,#2214,.T.);
#6281=EDGE_CURVE('',#5045,#5047,#2215,.T.);
#6282=EDGE_CURVE('',#4617,#5048,#2216,.T.);
#6283=EDGE_CURVE('',#5047,#5048,#2217,.T.);
#6284=EDGE_CURVE('',#5048,#5046,#2218,.T.);
#6285=EDGE_CURVE('',#4612,#5049,#2219,.T.);
#6286=EDGE_CURVE('',#5050,#5049,#2220,.T.);
#6287=EDGE_CURVE('',#4611,#5050,#2221,.T.);
#6288=EDGE_CURVE('',#4614,#5051,#2222,.T.);
#6289=EDGE_CURVE('',#5049,#5051,#2223,.T.);
#6290=EDGE_CURVE('',#4613,#5052,#2224,.T.);
#6291=EDGE_CURVE('',#5051,#5052,#2225,.T.);
#6292=EDGE_CURVE('',#5052,#5050,#2226,.T.);
#6293=EDGE_CURVE('',#4608,#5053,#2227,.T.);
#6294=EDGE_CURVE('',#5054,#5053,#2228,.T.);
#6295=EDGE_CURVE('',#4607,#5054,#2229,.T.);
#6296=EDGE_CURVE('',#4610,#5055,#2230,.T.);
#6297=EDGE_CURVE('',#5053,#5055,#2231,.T.);
#6298=EDGE_CURVE('',#4609,#5056,#2232,.T.);
#6299=EDGE_CURVE('',#5055,#5056,#2233,.T.);
#6300=EDGE_CURVE('',#5056,#5054,#2234,.T.);
#6301=EDGE_CURVE('',#4604,#5057,#2235,.T.);
#6302=EDGE_CURVE('',#5058,#5057,#2236,.T.);
#6303=EDGE_CURVE('',#4603,#5058,#2237,.T.);
#6304=EDGE_CURVE('',#4606,#5059,#2238,.T.);
#6305=EDGE_CURVE('',#5057,#5059,#2239,.T.);
#6306=EDGE_CURVE('',#4605,#5060,#2240,.T.);
#6307=EDGE_CURVE('',#5059,#5060,#2241,.T.);
#6308=EDGE_CURVE('',#5060,#5058,#2242,.T.);
#6309=EDGE_CURVE('',#4560,#5061,#2243,.T.);
#6310=EDGE_CURVE('',#5062,#5061,#2244,.T.);
#6311=EDGE_CURVE('',#4559,#5062,#2245,.T.);
#6312=EDGE_CURVE('',#4602,#5063,#2246,.T.);
#6313=EDGE_CURVE('',#5061,#5063,#2247,.T.);
#6314=EDGE_CURVE('',#4601,#5064,#2248,.T.);
#6315=EDGE_CURVE('',#5063,#5064,#2249,.T.);
#6316=EDGE_CURVE('',#4600,#5065,#2250,.T.);
#6317=EDGE_CURVE('',#5064,#5065,#2251,.T.);
#6318=EDGE_CURVE('',#4599,#5066,#2252,.T.);
#6319=EDGE_CURVE('',#5065,#5066,#2253,.T.);
#6320=EDGE_CURVE('',#4598,#5067,#2254,.T.);
#6321=EDGE_CURVE('',#5066,#5067,#2255,.T.);
#6322=EDGE_CURVE('',#4597,#5068,#2256,.T.);
#6323=EDGE_CURVE('',#5067,#5068,#2257,.T.);
#6324=EDGE_CURVE('',#4596,#5069,#2258,.T.);
#6325=EDGE_CURVE('',#5068,#5069,#2259,.T.);
#6326=EDGE_CURVE('',#4595,#5070,#2260,.T.);
#6327=EDGE_CURVE('',#5069,#5070,#2261,.T.);
#6328=EDGE_CURVE('',#4594,#5071,#2262,.T.);
#6329=EDGE_CURVE('',#5070,#5071,#2263,.T.);
#6330=EDGE_CURVE('',#4593,#5072,#2264,.T.);
#6331=EDGE_CURVE('',#5071,#5072,#2265,.T.);
#6332=EDGE_CURVE('',#4592,#5073,#2266,.T.);
#6333=EDGE_CURVE('',#5072,#5073,#2267,.T.);
#6334=EDGE_CURVE('',#4591,#5074,#2268,.T.);
#6335=EDGE_CURVE('',#5073,#5074,#2269,.T.);
#6336=EDGE_CURVE('',#4590,#5075,#2270,.T.);
#6337=EDGE_CURVE('',#5074,#5075,#2271,.T.);
#6338=EDGE_CURVE('',#4589,#5076,#2272,.T.);
#6339=EDGE_CURVE('',#5075,#5076,#2273,.T.);
#6340=EDGE_CURVE('',#4588,#5077,#2274,.T.);
#6341=EDGE_CURVE('',#5076,#5077,#2275,.T.);
#6342=EDGE_CURVE('',#4587,#5078,#2276,.T.);
#6343=EDGE_CURVE('',#5077,#5078,#2277,.T.);
#6344=EDGE_CURVE('',#4586,#5079,#2278,.T.);
#6345=EDGE_CURVE('',#5078,#5079,#2279,.T.);
#6346=EDGE_CURVE('',#4585,#5080,#2280,.T.);
#6347=EDGE_CURVE('',#5079,#5080,#2281,.T.);
#6348=EDGE_CURVE('',#4584,#5081,#2282,.T.);
#6349=EDGE_CURVE('',#5080,#5081,#2283,.T.);
#6350=EDGE_CURVE('',#4583,#5082,#2284,.T.);
#6351=EDGE_CURVE('',#5081,#5082,#2285,.T.);
#6352=EDGE_CURVE('',#4582,#5083,#2286,.T.);
#6353=EDGE_CURVE('',#5082,#5083,#2287,.T.);
#6354=EDGE_CURVE('',#4581,#5084,#2288,.T.);
#6355=EDGE_CURVE('',#5083,#5084,#2289,.T.);
#6356=EDGE_CURVE('',#4580,#5085,#2290,.T.);
#6357=EDGE_CURVE('',#5084,#5085,#2291,.T.);
#6358=EDGE_CURVE('',#4579,#5086,#2292,.T.);
#6359=EDGE_CURVE('',#5085,#5086,#2293,.T.);
#6360=EDGE_CURVE('',#4578,#5087,#2294,.T.);
#6361=EDGE_CURVE('',#5086,#5087,#2295,.T.);
#6362=EDGE_CURVE('',#4577,#5088,#2296,.T.);
#6363=EDGE_CURVE('',#5087,#5088,#2297,.T.);
#6364=EDGE_CURVE('',#4576,#5089,#2298,.T.);
#6365=EDGE_CURVE('',#5088,#5089,#2299,.T.);
#6366=EDGE_CURVE('',#4575,#5090,#2300,.T.);
#6367=EDGE_CURVE('',#5089,#5090,#2301,.T.);
#6368=EDGE_CURVE('',#4574,#5091,#2302,.T.);
#6369=EDGE_CURVE('',#5090,#5091,#2303,.T.);
#6370=EDGE_CURVE('',#4573,#5092,#2304,.T.);
#6371=EDGE_CURVE('',#5091,#5092,#2305,.T.);
#6372=EDGE_CURVE('',#4572,#5093,#2306,.T.);
#6373=EDGE_CURVE('',#5092,#5093,#2307,.T.);
#6374=EDGE_CURVE('',#4571,#5094,#2308,.T.);
#6375=EDGE_CURVE('',#5093,#5094,#2309,.T.);
#6376=EDGE_CURVE('',#4570,#5095,#2310,.T.);
#6377=EDGE_CURVE('',#5094,#5095,#2311,.T.);
#6378=EDGE_CURVE('',#4569,#5096,#2312,.T.);
#6379=EDGE_CURVE('',#5095,#5096,#2313,.T.);
#6380=EDGE_CURVE('',#4568,#5097,#2314,.T.);
#6381=EDGE_CURVE('',#5096,#5097,#2315,.T.);
#6382=EDGE_CURVE('',#4567,#5098,#2316,.T.);
#6383=EDGE_CURVE('',#5097,#5098,#2317,.T.);
#6384=EDGE_CURVE('',#4566,#5099,#2318,.T.);
#6385=EDGE_CURVE('',#5098,#5099,#2319,.T.);
#6386=EDGE_CURVE('',#4565,#5100,#2320,.T.);
#6387=EDGE_CURVE('',#5099,#5100,#2321,.T.);
#6388=EDGE_CURVE('',#4564,#5101,#2322,.T.);
#6389=EDGE_CURVE('',#5100,#5101,#2323,.T.);
#6390=EDGE_CURVE('',#4563,#5102,#2324,.T.);
#6391=EDGE_CURVE('',#5101,#5102,#2325,.T.);
#6392=EDGE_CURVE('',#4562,#5103,#2326,.T.);
#6393=EDGE_CURVE('',#5102,#5103,#2327,.T.);
#6394=EDGE_CURVE('',#4561,#5104,#2328,.T.);
#6395=EDGE_CURVE('',#5103,#5104,#2329,.T.);
#6396=EDGE_CURVE('',#5104,#5062,#2330,.T.);
#6397=EDGE_CURVE('',#4556,#5105,#2331,.T.);
#6398=EDGE_CURVE('',#5106,#5105,#2332,.T.);
#6399=EDGE_CURVE('',#4555,#5106,#2333,.T.);
#6400=EDGE_CURVE('',#4558,#5107,#2334,.T.);
#6401=EDGE_CURVE('',#5105,#5107,#2335,.T.);
#6402=EDGE_CURVE('',#4557,#5108,#2336,.T.);
#6403=EDGE_CURVE('',#5107,#5108,#2337,.T.);
#6404=EDGE_CURVE('',#5108,#5106,#2338,.T.);
#6405=EDGE_CURVE('',#4552,#5109,#2339,.T.);
#6406=EDGE_CURVE('',#5110,#5109,#2340,.T.);
#6407=EDGE_CURVE('',#4551,#5110,#2341,.T.);
#6408=EDGE_CURVE('',#4554,#5111,#2342,.T.);
#6409=EDGE_CURVE('',#5109,#5111,#2343,.T.);
#6410=EDGE_CURVE('',#4553,#5112,#2344,.T.);
#6411=EDGE_CURVE('',#5111,#5112,#2345,.T.);
#6412=EDGE_CURVE('',#5112,#5110,#2346,.T.);
#6413=EDGE_CURVE('',#4548,#5113,#2347,.T.);
#6414=EDGE_CURVE('',#5114,#5113,#2348,.T.);
#6415=EDGE_CURVE('',#4547,#5114,#2349,.T.);
#6416=EDGE_CURVE('',#4550,#5115,#2350,.T.);
#6417=EDGE_CURVE('',#5113,#5115,#2351,.T.);
#6418=EDGE_CURVE('',#4549,#5116,#2352,.T.);
#6419=EDGE_CURVE('',#5115,#5116,#2353,.T.);
#6420=EDGE_CURVE('',#5116,#5114,#2354,.T.);
#6421=EDGE_CURVE('',#4504,#5117,#2355,.T.);
#6422=EDGE_CURVE('',#5118,#5117,#2356,.T.);
#6423=EDGE_CURVE('',#4503,#5118,#2357,.T.);
#6424=EDGE_CURVE('',#4546,#5119,#2358,.T.);
#6425=EDGE_CURVE('',#5117,#5119,#2359,.T.);
#6426=EDGE_CURVE('',#4545,#5120,#2360,.T.);
#6427=EDGE_CURVE('',#5119,#5120,#2361,.T.);
#6428=EDGE_CURVE('',#4544,#5121,#2362,.T.);
#6429=EDGE_CURVE('',#5120,#5121,#2363,.T.);
#6430=EDGE_CURVE('',#4543,#5122,#2364,.T.);
#6431=EDGE_CURVE('',#5121,#5122,#2365,.T.);
#6432=EDGE_CURVE('',#4542,#5123,#2366,.T.);
#6433=EDGE_CURVE('',#5122,#5123,#2367,.T.);
#6434=EDGE_CURVE('',#4541,#5124,#2368,.T.);
#6435=EDGE_CURVE('',#5123,#5124,#2369,.T.);
#6436=EDGE_CURVE('',#4540,#5125,#2370,.T.);
#6437=EDGE_CURVE('',#5124,#5125,#2371,.T.);
#6438=EDGE_CURVE('',#4539,#5126,#2372,.T.);
#6439=EDGE_CURVE('',#5125,#5126,#2373,.T.);
#6440=EDGE_CURVE('',#4538,#5127,#2374,.T.);
#6441=EDGE_CURVE('',#5126,#5127,#2375,.T.);
#6442=EDGE_CURVE('',#4537,#5128,#2376,.T.);
#6443=EDGE_CURVE('',#5127,#5128,#2377,.T.);
#6444=EDGE_CURVE('',#4536,#5129,#2378,.T.);
#6445=EDGE_CURVE('',#5128,#5129,#2379,.T.);
#6446=EDGE_CURVE('',#4535,#5130,#2380,.T.);
#6447=EDGE_CURVE('',#5129,#5130,#2381,.T.);
#6448=EDGE_CURVE('',#4534,#5131,#2382,.T.);
#6449=EDGE_CURVE('',#5130,#5131,#2383,.T.);
#6450=EDGE_CURVE('',#4533,#5132,#2384,.T.);
#6451=EDGE_CURVE('',#5131,#5132,#2385,.T.);
#6452=EDGE_CURVE('',#4532,#5133,#2386,.T.);
#6453=EDGE_CURVE('',#5132,#5133,#2387,.T.);
#6454=EDGE_CURVE('',#4531,#5134,#2388,.T.);
#6455=EDGE_CURVE('',#5133,#5134,#2389,.T.);
#6456=EDGE_CURVE('',#4530,#5135,#2390,.T.);
#6457=EDGE_CURVE('',#5134,#5135,#2391,.T.);
#6458=EDGE_CURVE('',#4529,#5136,#2392,.T.);
#6459=EDGE_CURVE('',#5135,#5136,#2393,.T.);
#6460=EDGE_CURVE('',#4528,#5137,#2394,.T.);
#6461=EDGE_CURVE('',#5136,#5137,#2395,.T.);
#6462=EDGE_CURVE('',#4527,#5138,#2396,.T.);
#6463=EDGE_CURVE('',#5137,#5138,#2397,.T.);
#6464=EDGE_CURVE('',#4526,#5139,#2398,.T.);
#6465=EDGE_CURVE('',#5138,#5139,#2399,.T.);
#6466=EDGE_CURVE('',#4525,#5140,#2400,.T.);
#6467=EDGE_CURVE('',#5139,#5140,#2401,.T.);
#6468=EDGE_CURVE('',#4524,#5141,#2402,.T.);
#6469=EDGE_CURVE('',#5140,#5141,#2403,.T.);
#6470=EDGE_CURVE('',#4523,#5142,#2404,.T.);
#6471=EDGE_CURVE('',#5141,#5142,#2405,.T.);
#6472=EDGE_CURVE('',#4522,#5143,#2406,.T.);
#6473=EDGE_CURVE('',#5142,#5143,#2407,.T.);
#6474=EDGE_CURVE('',#4521,#5144,#2408,.T.);
#6475=EDGE_CURVE('',#5143,#5144,#2409,.T.);
#6476=EDGE_CURVE('',#4520,#5145,#2410,.T.);
#6477=EDGE_CURVE('',#5144,#5145,#2411,.T.);
#6478=EDGE_CURVE('',#4519,#5146,#2412,.T.);
#6479=EDGE_CURVE('',#5145,#5146,#2413,.T.);
#6480=EDGE_CURVE('',#4518,#5147,#2414,.T.);
#6481=EDGE_CURVE('',#5146,#5147,#2415,.T.);
#6482=EDGE_CURVE('',#4517,#5148,#2416,.T.);
#6483=EDGE_CURVE('',#5147,#5148,#2417,.T.);
#6484=EDGE_CURVE('',#4516,#5149,#2418,.T.);
#6485=EDGE_CURVE('',#5148,#5149,#2419,.T.);
#6486=EDGE_CURVE('',#4515,#5150,#2420,.T.);
#6487=EDGE_CURVE('',#5149,#5150,#2421,.T.);
#6488=EDGE_CURVE('',#4514,#5151,#2422,.T.);
#6489=EDGE_CURVE('',#5150,#5151,#2423,.T.);
#6490=EDGE_CURVE('',#4513,#5152,#2424,.T.);
#6491=EDGE_CURVE('',#5151,#5152,#2425,.T.);
#6492=EDGE_CURVE('',#4512,#5153,#2426,.T.);
#6493=EDGE_CURVE('',#5152,#5153,#2427,.T.);
#6494=EDGE_CURVE('',#4511,#5154,#2428,.T.);
#6495=EDGE_CURVE('',#5153,#5154,#2429,.T.);
#6496=EDGE_CURVE('',#4510,#5155,#2430,.T.);
#6497=EDGE_CURVE('',#5154,#5155,#2431,.T.);
#6498=EDGE_CURVE('',#4509,#5156,#2432,.T.);
#6499=EDGE_CURVE('',#5155,#5156,#2433,.T.);
#6500=EDGE_CURVE('',#4508,#5157,#2434,.T.);
#6501=EDGE_CURVE('',#5156,#5157,#2435,.T.);
#6502=EDGE_CURVE('',#4507,#5158,#2436,.T.);
#6503=EDGE_CURVE('',#5157,#5158,#2437,.T.);
#6504=EDGE_CURVE('',#4506,#5159,#2438,.T.);
#6505=EDGE_CURVE('',#5158,#5159,#2439,.T.);
#6506=EDGE_CURVE('',#4505,#5160,#2440,.T.);
#6507=EDGE_CURVE('',#5159,#5160,#2441,.T.);
#6508=EDGE_CURVE('',#5160,#5118,#2442,.T.);
#6509=EDGE_CURVE('',#4500,#5161,#2443,.T.);
#6510=EDGE_CURVE('',#5162,#5161,#2444,.T.);
#6511=EDGE_CURVE('',#4499,#5162,#2445,.T.);
#6512=EDGE_CURVE('',#4502,#5163,#2446,.T.);
#6513=EDGE_CURVE('',#5161,#5163,#2447,.T.);
#6514=EDGE_CURVE('',#4501,#5164,#2448,.T.);
#6515=EDGE_CURVE('',#5163,#5164,#2449,.T.);
#6516=EDGE_CURVE('',#5164,#5162,#2450,.T.);
#6517=EDGE_CURVE('',#4456,#5165,#2451,.T.);
#6518=EDGE_CURVE('',#5166,#5165,#2452,.T.);
#6519=EDGE_CURVE('',#4455,#5166,#2453,.T.);
#6520=EDGE_CURVE('',#4498,#5167,#2454,.T.);
#6521=EDGE_CURVE('',#5165,#5167,#2455,.T.);
#6522=EDGE_CURVE('',#4497,#5168,#2456,.T.);
#6523=EDGE_CURVE('',#5167,#5168,#2457,.T.);
#6524=EDGE_CURVE('',#4496,#5169,#2458,.T.);
#6525=EDGE_CURVE('',#5168,#5169,#2459,.T.);
#6526=EDGE_CURVE('',#4495,#5170,#2460,.T.);
#6527=EDGE_CURVE('',#5169,#5170,#2461,.T.);
#6528=EDGE_CURVE('',#4494,#5171,#2462,.T.);
#6529=EDGE_CURVE('',#5170,#5171,#2463,.T.);
#6530=EDGE_CURVE('',#4493,#5172,#2464,.T.);
#6531=EDGE_CURVE('',#5171,#5172,#2465,.T.);
#6532=EDGE_CURVE('',#4492,#5173,#2466,.T.);
#6533=EDGE_CURVE('',#5172,#5173,#2467,.T.);
#6534=EDGE_CURVE('',#4491,#5174,#2468,.T.);
#6535=EDGE_CURVE('',#5173,#5174,#2469,.T.);
#6536=EDGE_CURVE('',#4490,#5175,#2470,.T.);
#6537=EDGE_CURVE('',#5174,#5175,#2471,.T.);
#6538=EDGE_CURVE('',#4489,#5176,#2472,.T.);
#6539=EDGE_CURVE('',#5175,#5176,#2473,.T.);
#6540=EDGE_CURVE('',#4488,#5177,#2474,.T.);
#6541=EDGE_CURVE('',#5176,#5177,#2475,.T.);
#6542=EDGE_CURVE('',#4487,#5178,#2476,.T.);
#6543=EDGE_CURVE('',#5177,#5178,#2477,.T.);
#6544=EDGE_CURVE('',#4486,#5179,#2478,.T.);
#6545=EDGE_CURVE('',#5178,#5179,#2479,.T.);
#6546=EDGE_CURVE('',#4485,#5180,#2480,.T.);
#6547=EDGE_CURVE('',#5179,#5180,#2481,.T.);
#6548=EDGE_CURVE('',#4484,#5181,#2482,.T.);
#6549=EDGE_CURVE('',#5180,#5181,#2483,.T.);
#6550=EDGE_CURVE('',#4483,#5182,#2484,.T.);
#6551=EDGE_CURVE('',#5181,#5182,#2485,.T.);
#6552=EDGE_CURVE('',#4482,#5183,#2486,.T.);
#6553=EDGE_CURVE('',#5182,#5183,#2487,.T.);
#6554=EDGE_CURVE('',#4481,#5184,#2488,.T.);
#6555=EDGE_CURVE('',#5183,#5184,#2489,.T.);
#6556=EDGE_CURVE('',#4480,#5185,#2490,.T.);
#6557=EDGE_CURVE('',#5184,#5185,#2491,.T.);
#6558=EDGE_CURVE('',#4479,#5186,#2492,.T.);
#6559=EDGE_CURVE('',#5185,#5186,#2493,.T.);
#6560=EDGE_CURVE('',#4478,#5187,#2494,.T.);
#6561=EDGE_CURVE('',#5186,#5187,#2495,.T.);
#6562=EDGE_CURVE('',#4477,#5188,#2496,.T.);
#6563=EDGE_CURVE('',#5187,#5188,#2497,.T.);
#6564=EDGE_CURVE('',#4476,#5189,#2498,.T.);
#6565=EDGE_CURVE('',#5188,#5189,#2499,.T.);
#6566=EDGE_CURVE('',#4475,#5190,#2500,.T.);
#6567=EDGE_CURVE('',#5189,#5190,#2501,.T.);
#6568=EDGE_CURVE('',#4474,#5191,#2502,.T.);
#6569=EDGE_CURVE('',#5190,#5191,#2503,.T.);
#6570=EDGE_CURVE('',#4473,#5192,#2504,.T.);
#6571=EDGE_CURVE('',#5191,#5192,#2505,.T.);
#6572=EDGE_CURVE('',#4472,#5193,#2506,.T.);
#6573=EDGE_CURVE('',#5192,#5193,#2507,.T.);
#6574=EDGE_CURVE('',#4471,#5194,#2508,.T.);
#6575=EDGE_CURVE('',#5193,#5194,#2509,.T.);
#6576=EDGE_CURVE('',#4470,#5195,#2510,.T.);
#6577=EDGE_CURVE('',#5194,#5195,#2511,.T.);
#6578=EDGE_CURVE('',#4469,#5196,#2512,.T.);
#6579=EDGE_CURVE('',#5195,#5196,#2513,.T.);
#6580=EDGE_CURVE('',#4468,#5197,#2514,.T.);
#6581=EDGE_CURVE('',#5196,#5197,#2515,.T.);
#6582=EDGE_CURVE('',#4467,#5198,#2516,.T.);
#6583=EDGE_CURVE('',#5197,#5198,#2517,.T.);
#6584=EDGE_CURVE('',#4466,#5199,#2518,.T.);
#6585=EDGE_CURVE('',#5198,#5199,#2519,.T.);
#6586=EDGE_CURVE('',#4465,#5200,#2520,.T.);
#6587=EDGE_CURVE('',#5199,#5200,#2521,.T.);
#6588=EDGE_CURVE('',#4464,#5201,#2522,.T.);
#6589=EDGE_CURVE('',#5200,#5201,#2523,.T.);
#6590=EDGE_CURVE('',#4463,#5202,#2524,.T.);
#6591=EDGE_CURVE('',#5201,#5202,#2525,.T.);
#6592=EDGE_CURVE('',#4462,#5203,#2526,.T.);
#6593=EDGE_CURVE('',#5202,#5203,#2527,.T.);
#6594=EDGE_CURVE('',#4461,#5204,#2528,.T.);
#6595=EDGE_CURVE('',#5203,#5204,#2529,.T.);
#6596=EDGE_CURVE('',#4460,#5205,#2530,.T.);
#6597=EDGE_CURVE('',#5204,#5205,#2531,.T.);
#6598=EDGE_CURVE('',#4459,#5206,#2532,.T.);
#6599=EDGE_CURVE('',#5205,#5206,#2533,.T.);
#6600=EDGE_CURVE('',#4458,#5207,#2534,.T.);
#6601=EDGE_CURVE('',#5206,#5207,#2535,.T.);
#6602=EDGE_CURVE('',#4457,#5208,#2536,.T.);
#6603=EDGE_CURVE('',#5207,#5208,#2537,.T.);
#6604=EDGE_CURVE('',#5208,#5166,#2538,.T.);
#6605=EDGE_CURVE('',#4452,#5209,#2539,.T.);
#6606=EDGE_CURVE('',#5210,#5209,#2540,.T.);
#6607=EDGE_CURVE('',#4451,#5210,#2541,.T.);
#6608=EDGE_CURVE('',#4454,#5211,#2542,.T.);
#6609=EDGE_CURVE('',#5209,#5211,#2543,.T.);
#6610=EDGE_CURVE('',#4453,#5212,#2544,.T.);
#6611=EDGE_CURVE('',#5211,#5212,#2545,.T.);
#6612=EDGE_CURVE('',#5212,#5210,#2546,.T.);
#6613=EDGE_CURVE('',#4448,#5213,#2547,.T.);
#6614=EDGE_CURVE('',#5214,#5213,#2548,.T.);
#6615=EDGE_CURVE('',#4447,#5214,#2549,.T.);
#6616=EDGE_CURVE('',#4450,#5215,#2550,.T.);
#6617=EDGE_CURVE('',#5213,#5215,#2551,.T.);
#6618=EDGE_CURVE('',#4449,#5216,#2552,.T.);
#6619=EDGE_CURVE('',#5215,#5216,#2553,.T.);
#6620=EDGE_CURVE('',#5216,#5214,#2554,.T.);
#6621=EDGE_CURVE('',#4444,#5217,#2555,.T.);
#6622=EDGE_CURVE('',#5218,#5217,#2556,.T.);
#6623=EDGE_CURVE('',#4443,#5218,#2557,.T.);
#6624=EDGE_CURVE('',#4446,#5219,#2558,.T.);
#6625=EDGE_CURVE('',#5217,#5219,#2559,.T.);
#6626=EDGE_CURVE('',#4445,#5220,#2560,.T.);
#6627=EDGE_CURVE('',#5219,#5220,#2561,.T.);
#6628=EDGE_CURVE('',#5220,#5218,#2562,.T.);
#6629=EDGE_CURVE('',#4440,#5221,#2563,.T.);
#6630=EDGE_CURVE('',#5222,#5221,#2564,.T.);
#6631=EDGE_CURVE('',#4439,#5222,#2565,.T.);
#6632=EDGE_CURVE('',#4442,#5223,#2566,.T.);
#6633=EDGE_CURVE('',#5221,#5223,#2567,.T.);
#6634=EDGE_CURVE('',#4441,#5224,#2568,.T.);
#6635=EDGE_CURVE('',#5223,#5224,#2569,.T.);
#6636=EDGE_CURVE('',#5224,#5222,#2570,.T.);
#6637=EDGE_CURVE('',#4436,#5225,#2571,.T.);
#6638=EDGE_CURVE('',#5226,#5225,#2572,.T.);
#6639=EDGE_CURVE('',#4435,#5226,#2573,.T.);
#6640=EDGE_CURVE('',#4438,#5227,#2574,.T.);
#6641=EDGE_CURVE('',#5225,#5227,#2575,.T.);
#6642=EDGE_CURVE('',#4437,#5228,#2576,.T.);
#6643=EDGE_CURVE('',#5227,#5228,#2577,.T.);
#6644=EDGE_CURVE('',#5228,#5226,#2578,.T.);
#6645=EDGE_CURVE('',#4432,#5229,#2579,.T.);
#6646=EDGE_CURVE('',#5230,#5229,#2580,.T.);
#6647=EDGE_CURVE('',#4431,#5230,#2581,.T.);
#6648=EDGE_CURVE('',#4434,#5231,#2582,.T.);
#6649=EDGE_CURVE('',#5229,#5231,#2583,.T.);
#6650=EDGE_CURVE('',#4433,#5232,#2584,.T.);
#6651=EDGE_CURVE('',#5231,#5232,#2585,.T.);
#6652=EDGE_CURVE('',#5232,#5230,#2586,.T.);
#6653=EDGE_CURVE('',#4428,#5233,#2587,.T.);
#6654=EDGE_CURVE('',#5234,#5233,#2588,.T.);
#6655=EDGE_CURVE('',#4427,#5234,#2589,.T.);
#6656=EDGE_CURVE('',#4430,#5235,#2590,.T.);
#6657=EDGE_CURVE('',#5233,#5235,#2591,.T.);
#6658=EDGE_CURVE('',#4429,#5236,#2592,.T.);
#6659=EDGE_CURVE('',#5235,#5236,#2593,.T.);
#6660=EDGE_CURVE('',#5236,#5234,#2594,.T.);
#6661=EDGE_CURVE('',#4424,#5237,#2595,.T.);
#6662=EDGE_CURVE('',#5238,#5237,#2596,.T.);
#6663=EDGE_CURVE('',#4423,#5238,#2597,.T.);
#6664=EDGE_CURVE('',#4426,#5239,#2598,.T.);
#6665=EDGE_CURVE('',#5237,#5239,#2599,.T.);
#6666=EDGE_CURVE('',#4425,#5240,#2600,.T.);
#6667=EDGE_CURVE('',#5239,#5240,#2601,.T.);
#6668=EDGE_CURVE('',#5240,#5238,#2602,.T.);
#6669=EDGE_CURVE('',#4420,#5241,#2603,.T.);
#6670=EDGE_CURVE('',#5242,#5241,#2604,.T.);
#6671=EDGE_CURVE('',#4419,#5242,#2605,.T.);
#6672=EDGE_CURVE('',#4422,#5243,#2606,.T.);
#6673=EDGE_CURVE('',#5241,#5243,#2607,.T.);
#6674=EDGE_CURVE('',#4421,#5244,#2608,.T.);
#6675=EDGE_CURVE('',#5243,#5244,#2609,.T.);
#6676=EDGE_CURVE('',#5244,#5242,#2610,.T.);
#6677=EDGE_CURVE('',#4829,#5245,#2611,.T.);
#6678=EDGE_CURVE('',#5245,#5246,#2612,.T.);
#6679=EDGE_CURVE('',#5246,#4832,#2613,.T.);
#6680=EDGE_CURVE('',#5247,#4831,#2614,.T.);
#6681=EDGE_CURVE('',#4835,#5247,#2615,.T.);
#6682=EDGE_CURVE('',#4830,#4409,#2616,.T.);
#6683=EDGE_CURVE('',#5246,#5248,#2617,.T.);
#6684=EDGE_CURVE('',#5249,#5245,#2618,.T.);
#6685=EDGE_CURVE('',#5248,#5249,#2619,.T.);
#6686=EDGE_CURVE('',#4833,#5248,#2620,.T.);
#6687=EDGE_CURVE('',#5249,#4828,#2621,.T.);
#6688=EDGE_CURVE('',#5250,#5251,#2622,.T.);
#6689=EDGE_CURVE('',#5251,#5252,#2623,.T.);
#6690=EDGE_CURVE('',#5253,#5252,#2624,.T.);
#6691=EDGE_CURVE('',#5253,#5254,#2625,.T.);
#6692=EDGE_CURVE('',#4834,#5254,#2626,.F.);
#6693=EDGE_CURVE('',#4827,#5250,#2627,.T.);
#6694=EDGE_CURVE('',#4836,#4418,#2628,.T.);
#6695=EDGE_CURVE('',#5255,#4407,#2629,.T.);
#6696=EDGE_CURVE('',#5255,#5250,#2630,.T.);
#6697=EDGE_CURVE('',#5256,#5255,#2631,.T.);
#6698=EDGE_CURVE('',#5256,#5251,#2632,.T.);
#6699=EDGE_CURVE('',#4416,#5257,#2633,.T.);
#6700=EDGE_CURVE('',#4836,#5257,#2634,.T.);
#6701=EDGE_CURVE('',#5257,#5258,#2635,.T.);
#6702=EDGE_CURVE('',#5258,#5247,#2636,.T.);
#6703=EDGE_CURVE('',#5258,#5259,#2637,.T.);
#6704=EDGE_CURVE('',#5254,#5259,#2638,.T.);
#6705=EDGE_CURVE('',#5259,#5260,#2639,.T.);
#6706=EDGE_CURVE('',#5260,#5253,#2640,.T.);
#6707=EDGE_CURVE('',#5260,#5261,#2641,.T.);
#6708=EDGE_CURVE('',#5261,#5252,#2642,.T.);
#6709=EDGE_CURVE('',#5261,#5256,#2643,.T.);
#6710=EDGE_CURVE('',#5262,#5262,#25,.T.);
#6711=EDGE_CURVE('',#5262,#5263,#2644,.T.);
#6712=EDGE_CURVE('',#5263,#5263,#26,.T.);
#6713=EDGE_CURVE('',#5264,#5265,#2645,.T.);
#6714=EDGE_CURVE('',#5265,#5266,#2646,.T.);
#6715=EDGE_CURVE('',#5267,#5266,#2647,.T.);
#6716=EDGE_CURVE('',#5264,#5267,#2648,.T.);
#6717=EDGE_CURVE('',#5268,#5264,#2649,.T.);
#6718=EDGE_CURVE('',#5269,#5267,#2650,.T.);
#6719=EDGE_CURVE('',#5268,#5269,#2651,.T.);
#6720=EDGE_CURVE('',#5270,#5268,#2652,.T.);
#6721=EDGE_CURVE('',#5271,#5269,#2653,.T.);
#6722=EDGE_CURVE('',#5270,#5271,#2654,.T.);
#6723=EDGE_CURVE('',#5265,#5270,#2655,.T.);
#6724=EDGE_CURVE('',#5266,#5271,#2656,.T.);
#6725=EDGE_CURVE('',#5272,#5273,#2657,.T.);
#6726=EDGE_CURVE('',#5274,#5272,#2658,.T.);
#6727=EDGE_CURVE('',#5275,#5274,#2659,.T.);
#6728=EDGE_CURVE('',#5276,#5275,#2660,.T.);
#6729=EDGE_CURVE('',#5277,#5276,#2661,.T.);
#6730=EDGE_CURVE('',#5278,#5277,#2662,.T.);
#6731=EDGE_CURVE('',#5279,#5278,#2663,.T.);
#6732=EDGE_CURVE('',#5280,#5279,#2664,.T.);
#6733=EDGE_CURVE('',#5281,#5280,#2665,.T.);
#6734=EDGE_CURVE('',#5282,#5281,#2666,.T.);
#6735=EDGE_CURVE('',#5283,#5282,#2667,.T.);
#6736=EDGE_CURVE('',#5273,#5283,#2668,.T.);
#6737=EDGE_CURVE('',#5284,#5278,#2669,.T.);
#6738=EDGE_CURVE('',#5285,#5284,#2670,.T.);
#6739=EDGE_CURVE('',#5285,#5279,#2671,.T.);
#6740=EDGE_CURVE('',#5286,#5277,#2672,.T.);
#6741=EDGE_CURVE('',#5284,#5286,#2673,.T.);
#6742=EDGE_CURVE('',#5276,#5287,#2674,.T.);
#6743=EDGE_CURVE('',#5287,#5288,#2675,.T.);
#6744=EDGE_CURVE('',#5288,#5289,#2676,.T.);
#6745=EDGE_CURVE('',#5289,#5290,#2677,.T.);
#6746=EDGE_CURVE('',#5290,#5291,#2678,.T.);
#6747=EDGE_CURVE('',#5286,#5291,#2679,.T.);
#6748=EDGE_CURVE('',#5292,#5275,#2680,.T.);
#6749=EDGE_CURVE('',#5292,#5293,#2681,.T.);
#6750=EDGE_CURVE('',#5293,#5287,#2682,.T.);
#6751=EDGE_CURVE('',#5274,#5294,#2683,.T.);
#6752=EDGE_CURVE('',#5294,#5292,#2684,.T.);
#6753=EDGE_CURVE('',#5272,#5295,#2685,.T.);
#6754=EDGE_CURVE('',#5295,#5296,#2686,.T.);
#6755=EDGE_CURVE('',#5297,#5296,#2687,.T.);
#6756=EDGE_CURVE('',#5297,#5298,#2688,.T.);
#6757=EDGE_CURVE('',#5298,#5299,#2689,.T.);
#6758=EDGE_CURVE('',#5294,#5299,#2690,.T.);
#6759=EDGE_CURVE('',#5300,#5301,#2691,.T.);
#6760=EDGE_CURVE('',#5302,#5300,#2692,.T.);
#6761=EDGE_CURVE('',#5303,#5302,#2693,.T.);
#6762=EDGE_CURVE('',#5301,#5303,#2694,.T.);
#6763=EDGE_CURVE('',#5304,#5305,#2695,.T.);
#6764=EDGE_CURVE('',#5306,#5304,#2696,.T.);
#6765=EDGE_CURVE('',#5307,#5306,#2697,.T.);
#6766=EDGE_CURVE('',#5305,#5307,#2698,.T.);
#6767=EDGE_CURVE('',#5308,#5309,#2699,.T.);
#6768=EDGE_CURVE('',#5310,#5308,#2700,.T.);
#6769=EDGE_CURVE('',#5311,#5310,#2701,.T.);
#6770=EDGE_CURVE('',#5309,#5311,#2702,.T.);
#6771=EDGE_CURVE('',#5312,#5313,#2703,.T.);
#6772=EDGE_CURVE('',#5314,#5312,#2704,.T.);
#6773=EDGE_CURVE('',#5315,#5314,#2705,.T.);
#6774=EDGE_CURVE('',#5313,#5315,#2706,.T.);
#6775=EDGE_CURVE('',#5316,#5317,#2707,.T.);
#6776=EDGE_CURVE('',#5318,#5316,#2708,.T.);
#6777=EDGE_CURVE('',#5319,#5318,#2709,.T.);
#6778=EDGE_CURVE('',#5317,#5319,#2710,.T.);
#6779=EDGE_CURVE('',#5320,#5321,#2711,.T.);
#6780=EDGE_CURVE('',#5322,#5320,#2712,.T.);
#6781=EDGE_CURVE('',#5323,#5322,#2713,.T.);
#6782=EDGE_CURVE('',#5321,#5323,#2714,.T.);
#6783=EDGE_CURVE('',#5324,#5325,#2715,.T.);
#6784=EDGE_CURVE('',#5326,#5324,#2716,.T.);
#6785=EDGE_CURVE('',#5327,#5326,#2717,.T.);
#6786=EDGE_CURVE('',#5325,#5327,#2718,.T.);
#6787=EDGE_CURVE('',#5328,#5329,#2719,.T.);
#6788=EDGE_CURVE('',#5330,#5328,#2720,.T.);
#6789=EDGE_CURVE('',#5331,#5330,#2721,.T.);
#6790=EDGE_CURVE('',#5329,#5331,#2722,.T.);
#6791=EDGE_CURVE('',#5332,#5333,#2723,.T.);
#6792=EDGE_CURVE('',#5334,#5332,#2724,.T.);
#6793=EDGE_CURVE('',#5335,#5334,#2725,.T.);
#6794=EDGE_CURVE('',#5333,#5335,#2726,.T.);
#6795=EDGE_CURVE('',#5299,#5336,#2727,.T.);
#6796=EDGE_CURVE('',#5336,#5337,#2728,.T.);
#6797=EDGE_CURVE('',#5338,#5337,#2729,.T.);
#6798=EDGE_CURVE('',#5339,#5338,#2730,.T.);
#6799=EDGE_CURVE('',#5339,#5340,#2731,.T.);
#6800=EDGE_CURVE('',#5340,#5341,#2732,.T.);
#6801=EDGE_CURVE('',#5296,#5341,#2733,.T.);
#6802=EDGE_CURVE('',#5342,#5295,#2734,.T.);
#6803=EDGE_CURVE('',#5292,#5342,#2735,.T.);
#6804=EDGE_CURVE('',#5343,#5344,#27,.T.);
#6805=EDGE_CURVE('',#5344,#5345,#2736,.T.);
#6806=EDGE_CURVE('',#5345,#5346,#28,.T.);
#6807=EDGE_CURVE('',#5343,#5346,#2737,.T.);
#6808=EDGE_CURVE('',#5347,#5345,#2738,.T.);
#6809=EDGE_CURVE('',#5290,#5347,#29,.T.);
#6810=EDGE_CURVE('',#5348,#5289,#2739,.T.);
#6811=EDGE_CURVE('',#5348,#5293,#2740,.T.);
#6812=EDGE_CURVE('',#5293,#5349,#2741,.T.);
#6813=EDGE_CURVE('',#5349,#5350,#2742,.T.);
#6814=EDGE_CURVE('',#5351,#5350,#2743,.T.);
#6815=EDGE_CURVE('',#5346,#5351,#30,.T.);
#6816=EDGE_CURVE('',#5352,#5353,#2744,.T.);
#6817=EDGE_CURVE('',#5353,#5354,#2745,.T.);
#6818=EDGE_CURVE('',#5355,#5354,#2746,.T.);
#6819=EDGE_CURVE('',#5355,#5352,#2747,.T.);
#6820=EDGE_CURVE('',#5344,#5356,#2748,.T.);
#6821=EDGE_CURVE('',#5356,#5357,#2749,.T.);
#6822=EDGE_CURVE('',#5358,#5357,#2750,.T.);
#6823=EDGE_CURVE('',#5358,#5359,#2751,.T.);
#6824=EDGE_CURVE('',#5359,#5360,#2752,.T.);
#6825=EDGE_CURVE('',#5347,#5360,#2753,.T.);
#6826=EDGE_CURVE('',#5361,#5362,#2754,.T.);
#6827=EDGE_CURVE('',#5361,#5357,#2755,.T.);
#6828=EDGE_CURVE('',#5362,#5356,#2756,.T.);
#6829=EDGE_CURVE('',#5362,#5363,#2757,.T.);
#6830=EDGE_CURVE('',#5364,#5363,#2758,.T.);
#6831=EDGE_CURVE('',#5365,#5364,#2759,.T.);
#6832=EDGE_CURVE('',#5366,#5365,#2760,.T.);
#6833=EDGE_CURVE('',#5366,#5367,#2761,.T.);
#6834=EDGE_CURVE('',#5362,#5367,#2762,.T.);
#6835=EDGE_CURVE('',#5368,#5353,#2763,.T.);
#6836=EDGE_CURVE('',#5352,#5369,#2764,.T.);
#6837=EDGE_CURVE('',#5368,#5369,#2765,.T.);
#6838=EDGE_CURVE('',#5370,#5369,#2766,.T.);
#6839=EDGE_CURVE('',#5370,#5371,#2767,.T.);
#6840=EDGE_CURVE('',#5368,#5371,#2768,.T.);
#6841=EDGE_CURVE('',#5360,#5291,#31,.T.);
#6842=EDGE_CURVE('',#5298,#5372,#2769,.T.);
#6843=EDGE_CURVE('',#5297,#5373,#2770,.T.);
#6844=EDGE_CURVE('',#5373,#5372,#2771,.T.);
#6845=EDGE_CURVE('',#5332,#5374,#2772,.T.);
#6846=EDGE_CURVE('',#5375,#5374,#2773,.T.);
#6847=EDGE_CURVE('',#5334,#5375,#2774,.T.);
#6848=EDGE_CURVE('',#5376,#5375,#2775,.T.);
#6849=EDGE_CURVE('',#5335,#5376,#2776,.T.);
#6850=EDGE_CURVE('',#5377,#5376,#2777,.T.);
#6851=EDGE_CURVE('',#5333,#5377,#2778,.T.);
#6852=EDGE_CURVE('',#5374,#5377,#2779,.T.);
#6853=EDGE_CURVE('',#5328,#5378,#2780,.T.);
#6854=EDGE_CURVE('',#5379,#5378,#2781,.T.);
#6855=EDGE_CURVE('',#5330,#5379,#2782,.T.);
#6856=EDGE_CURVE('',#5380,#5379,#2783,.T.);
#6857=EDGE_CURVE('',#5331,#5380,#2784,.T.);
#6858=EDGE_CURVE('',#5381,#5380,#2785,.T.);
#6859=EDGE_CURVE('',#5329,#5381,#2786,.T.);
#6860=EDGE_CURVE('',#5378,#5381,#2787,.T.);
#6861=EDGE_CURVE('',#5324,#5382,#2788,.T.);
#6862=EDGE_CURVE('',#5383,#5382,#2789,.T.);
#6863=EDGE_CURVE('',#5326,#5383,#2790,.T.);
#6864=EDGE_CURVE('',#5384,#5383,#2791,.T.);
#6865=EDGE_CURVE('',#5327,#5384,#2792,.T.);
#6866=EDGE_CURVE('',#5385,#5384,#2793,.T.);
#6867=EDGE_CURVE('',#5325,#5385,#2794,.T.);
#6868=EDGE_CURVE('',#5382,#5385,#2795,.T.);
#6869=EDGE_CURVE('',#5320,#5386,#2796,.T.);
#6870=EDGE_CURVE('',#5387,#5386,#2797,.T.);
#6871=EDGE_CURVE('',#5322,#5387,#2798,.T.);
#6872=EDGE_CURVE('',#5388,#5387,#2799,.T.);
#6873=EDGE_CURVE('',#5323,#5388,#2800,.T.);
#6874=EDGE_CURVE('',#5389,#5388,#2801,.T.);
#6875=EDGE_CURVE('',#5321,#5389,#2802,.T.);
#6876=EDGE_CURVE('',#5386,#5389,#2803,.T.);
#6877=EDGE_CURVE('',#5316,#5390,#2804,.T.);
#6878=EDGE_CURVE('',#5391,#5390,#2805,.T.);
#6879=EDGE_CURVE('',#5318,#5391,#2806,.T.);
#6880=EDGE_CURVE('',#5392,#5391,#2807,.T.);
#6881=EDGE_CURVE('',#5319,#5392,#2808,.T.);
#6882=EDGE_CURVE('',#5393,#5392,#2809,.T.);
#6883=EDGE_CURVE('',#5317,#5393,#2810,.T.);
#6884=EDGE_CURVE('',#5390,#5393,#2811,.T.);
#6885=EDGE_CURVE('',#5312,#5394,#2812,.T.);
#6886=EDGE_CURVE('',#5395,#5394,#2813,.T.);
#6887=EDGE_CURVE('',#5314,#5395,#2814,.T.);
#6888=EDGE_CURVE('',#5396,#5395,#2815,.T.);
#6889=EDGE_CURVE('',#5315,#5396,#2816,.T.);
#6890=EDGE_CURVE('',#5397,#5396,#2817,.T.);
#6891=EDGE_CURVE('',#5313,#5397,#2818,.T.);
#6892=EDGE_CURVE('',#5394,#5397,#2819,.T.);
#6893=EDGE_CURVE('',#5308,#5398,#2820,.T.);
#6894=EDGE_CURVE('',#5399,#5398,#2821,.T.);
#6895=EDGE_CURVE('',#5310,#5399,#2822,.T.);
#6896=EDGE_CURVE('',#5400,#5399,#2823,.T.);
#6897=EDGE_CURVE('',#5311,#5400,#2824,.T.);
#6898=EDGE_CURVE('',#5401,#5400,#2825,.T.);
#6899=EDGE_CURVE('',#5309,#5401,#2826,.T.);
#6900=EDGE_CURVE('',#5398,#5401,#2827,.T.);
#6901=EDGE_CURVE('',#5304,#5402,#2828,.T.);
#6902=EDGE_CURVE('',#5403,#5402,#2829,.T.);
#6903=EDGE_CURVE('',#5306,#5403,#2830,.T.);
#6904=EDGE_CURVE('',#5404,#5403,#2831,.T.);
#6905=EDGE_CURVE('',#5307,#5404,#2832,.T.);
#6906=EDGE_CURVE('',#5405,#5404,#2833,.T.);
#6907=EDGE_CURVE('',#5305,#5405,#2834,.T.);
#6908=EDGE_CURVE('',#5402,#5405,#2835,.T.);
#6909=EDGE_CURVE('',#5300,#5406,#2836,.T.);
#6910=EDGE_CURVE('',#5407,#5406,#2837,.T.);
#6911=EDGE_CURVE('',#5302,#5407,#2838,.T.);
#6912=EDGE_CURVE('',#5408,#5407,#2839,.T.);
#6913=EDGE_CURVE('',#5303,#5408,#2840,.T.);
#6914=EDGE_CURVE('',#5409,#5408,#2841,.T.);
#6915=EDGE_CURVE('',#5301,#5409,#2842,.T.);
#6916=EDGE_CURVE('',#5406,#5409,#2843,.T.);
#6917=EDGE_CURVE('',#5410,#5280,#2844,.T.);
#6918=EDGE_CURVE('',#5410,#5411,#2845,.T.);
#6919=EDGE_CURVE('',#5411,#5281,#2846,.T.);
#6920=EDGE_CURVE('',#5363,#5412,#2847,.T.);
#6921=EDGE_CURVE('',#5365,#5412,#2848,.T.);
#6922=EDGE_CURVE('',#5413,#5366,#2849,.T.);
#6923=EDGE_CURVE('',#5413,#5414,#2850,.T.);
#6924=EDGE_CURVE('',#5415,#5414,#2851,.T.);
#6925=EDGE_CURVE('',#5415,#5416,#2852,.T.);
#6926=EDGE_CURVE('',#5367,#5416,#2853,.T.);
#6927=EDGE_CURVE('',#5416,#5417,#2854,.T.);
#6928=EDGE_CURVE('',#5417,#5361,#2855,.T.);
#6929=EDGE_CURVE('',#5337,#5340,#2856,.T.);
#6930=EDGE_CURVE('',#5340,#5418,#2857,.T.);
#6931=EDGE_CURVE('',#5418,#5419,#2858,.T.);
#6932=EDGE_CURVE('',#5337,#5419,#2859,.T.);
#6933=EDGE_CURVE('',#5419,#5370,#2860,.T.);
#6934=EDGE_CURVE('',#5371,#5418,#2861,.T.);
#6935=EDGE_CURVE('',#5420,#5343,#32,.T.);
#6936=EDGE_CURVE('',#5421,#5420,#2862,.T.);
#6937=EDGE_CURVE('',#5411,#5421,#2863,.T.);
#6938=EDGE_CURVE('',#5412,#5410,#2864,.T.);
#6939=EDGE_CURVE('',#5282,#5421,#2865,.T.);
#6940=EDGE_CURVE('',#5273,#5342,#2866,.T.);
#6941=EDGE_CURVE('',#5341,#5373,#2867,.T.);
#6942=EDGE_CURVE('',#5372,#5336,#2868,.T.);
#6943=EDGE_CURVE('',#5285,#5422,#2869,.T.);
#6944=EDGE_CURVE('',#5422,#5413,#2870,.T.);
#6945=EDGE_CURVE('',#5422,#5423,#2871,.T.);
#6946=EDGE_CURVE('',#5414,#5423,#2872,.T.);
#6947=EDGE_CURVE('',#5423,#5424,#2873,.T.);
#6948=EDGE_CURVE('',#5424,#5415,#2874,.T.);
#6949=EDGE_CURVE('',#5424,#5425,#2875,.T.);
#6950=EDGE_CURVE('',#5425,#5426,#2876,.T.);
#6951=EDGE_CURVE('',#5426,#5417,#2877,.T.);
#6952=EDGE_CURVE('',#5425,#5359,#2878,.T.);
#6953=EDGE_CURVE('',#5426,#5358,#2879,.T.);
#6954=EDGE_CURVE('',#5355,#5338,#2880,.T.);
#6955=EDGE_CURVE('',#5339,#5354,#2881,.T.);
#6956=EDGE_CURVE('',#5420,#5351,#2882,.T.);
#6957=EDGE_CURVE('',#5350,#5283,#2883,.T.);
#6958=EDGE_CURVE('',#5342,#5349,#2884,.T.);
#6959=EDGE_CURVE('',#5348,#5288,#2885,.T.);
#6960=ORIENTED_EDGE('',*,*,#5427,.F.);
#6961=ORIENTED_EDGE('',*,*,#5428,.T.);
#6962=ORIENTED_EDGE('',*,*,#5429,.T.);
#6963=ORIENTED_EDGE('',*,*,#5430,.T.);
#6964=ORIENTED_EDGE('',*,*,#5431,.T.);
#6965=ORIENTED_EDGE('',*,*,#5432,.F.);
#6966=ORIENTED_EDGE('',*,*,#5431,.F.);
#6967=ORIENTED_EDGE('',*,*,#5430,.F.);
#6968=ORIENTED_EDGE('',*,*,#5433,.F.);
#6969=ORIENTED_EDGE('',*,*,#5434,.T.);
#6970=ORIENTED_EDGE('',*,*,#5435,.F.);
#6971=ORIENTED_EDGE('',*,*,#5436,.F.);
#6972=ORIENTED_EDGE('',*,*,#5437,.F.);
#6973=ORIENTED_EDGE('',*,*,#5438,.F.);
#6974=ORIENTED_EDGE('',*,*,#5439,.T.);
#6975=ORIENTED_EDGE('',*,*,#5440,.F.);
#6976=ORIENTED_EDGE('',*,*,#5441,.F.);
#6977=ORIENTED_EDGE('',*,*,#5442,.F.);
#6978=ORIENTED_EDGE('',*,*,#5443,.F.);
#6979=ORIENTED_EDGE('',*,*,#5444,.F.);
#6980=ORIENTED_EDGE('',*,*,#5445,.F.);
#6981=ORIENTED_EDGE('',*,*,#5446,.F.);
#6982=ORIENTED_EDGE('',*,*,#5447,.F.);
#6983=ORIENTED_EDGE('',*,*,#5448,.F.);
#6984=ORIENTED_EDGE('',*,*,#5449,.F.);
#6985=ORIENTED_EDGE('',*,*,#5450,.F.);
#6986=ORIENTED_EDGE('',*,*,#5451,.F.);
#6987=ORIENTED_EDGE('',*,*,#5452,.F.);
#6988=ORIENTED_EDGE('',*,*,#5453,.F.);
#6989=ORIENTED_EDGE('',*,*,#5454,.F.);
#6990=ORIENTED_EDGE('',*,*,#5455,.F.);
#6991=ORIENTED_EDGE('',*,*,#5456,.F.);
#6992=ORIENTED_EDGE('',*,*,#5457,.F.);
#6993=ORIENTED_EDGE('',*,*,#5458,.F.);
#6994=ORIENTED_EDGE('',*,*,#5459,.F.);
#6995=ORIENTED_EDGE('',*,*,#5460,.F.);
#6996=ORIENTED_EDGE('',*,*,#5461,.F.);
#6997=ORIENTED_EDGE('',*,*,#5462,.F.);
#6998=ORIENTED_EDGE('',*,*,#5463,.F.);
#6999=ORIENTED_EDGE('',*,*,#5464,.F.);
#7000=ORIENTED_EDGE('',*,*,#5465,.F.);
#7001=ORIENTED_EDGE('',*,*,#5466,.F.);
#7002=ORIENTED_EDGE('',*,*,#5467,.F.);
#7003=ORIENTED_EDGE('',*,*,#5468,.F.);
#7004=ORIENTED_EDGE('',*,*,#5469,.F.);
#7005=ORIENTED_EDGE('',*,*,#5470,.F.);
#7006=ORIENTED_EDGE('',*,*,#5471,.F.);
#7007=ORIENTED_EDGE('',*,*,#5472,.F.);
#7008=ORIENTED_EDGE('',*,*,#5473,.F.);
#7009=ORIENTED_EDGE('',*,*,#5474,.F.);
#7010=ORIENTED_EDGE('',*,*,#5475,.F.);
#7011=ORIENTED_EDGE('',*,*,#5476,.F.);
#7012=ORIENTED_EDGE('',*,*,#5477,.F.);
#7013=ORIENTED_EDGE('',*,*,#5478,.F.);
#7014=ORIENTED_EDGE('',*,*,#5479,.F.);
#7015=ORIENTED_EDGE('',*,*,#5480,.F.);
#7016=ORIENTED_EDGE('',*,*,#5481,.F.);
#7017=ORIENTED_EDGE('',*,*,#5482,.F.);
#7018=ORIENTED_EDGE('',*,*,#5483,.F.);
#7019=ORIENTED_EDGE('',*,*,#5484,.F.);
#7020=ORIENTED_EDGE('',*,*,#5485,.F.);
#7021=ORIENTED_EDGE('',*,*,#5486,.F.);
#7022=ORIENTED_EDGE('',*,*,#5487,.F.);
#7023=ORIENTED_EDGE('',*,*,#5488,.F.);
#7024=ORIENTED_EDGE('',*,*,#5489,.F.);
#7025=ORIENTED_EDGE('',*,*,#5490,.F.);
#7026=ORIENTED_EDGE('',*,*,#5491,.F.);
#7027=ORIENTED_EDGE('',*,*,#5492,.F.);
#7028=ORIENTED_EDGE('',*,*,#5493,.F.);
#7029=ORIENTED_EDGE('',*,*,#5494,.F.);
#7030=ORIENTED_EDGE('',*,*,#5495,.F.);
#7031=ORIENTED_EDGE('',*,*,#5496,.F.);
#7032=ORIENTED_EDGE('',*,*,#5497,.F.);
#7033=ORIENTED_EDGE('',*,*,#5498,.F.);
#7034=ORIENTED_EDGE('',*,*,#5499,.F.);
#7035=ORIENTED_EDGE('',*,*,#5500,.F.);
#7036=ORIENTED_EDGE('',*,*,#5501,.F.);
#7037=ORIENTED_EDGE('',*,*,#5502,.F.);
#7038=ORIENTED_EDGE('',*,*,#5503,.F.);
#7039=ORIENTED_EDGE('',*,*,#5504,.F.);
#7040=ORIENTED_EDGE('',*,*,#5505,.F.);
#7041=ORIENTED_EDGE('',*,*,#5506,.F.);
#7042=ORIENTED_EDGE('',*,*,#5507,.F.);
#7043=ORIENTED_EDGE('',*,*,#5508,.F.);
#7044=ORIENTED_EDGE('',*,*,#5509,.F.);
#7045=ORIENTED_EDGE('',*,*,#5510,.F.);
#7046=ORIENTED_EDGE('',*,*,#5511,.F.);
#7047=ORIENTED_EDGE('',*,*,#5512,.F.);
#7048=ORIENTED_EDGE('',*,*,#5513,.F.);
#7049=ORIENTED_EDGE('',*,*,#5514,.F.);
#7050=ORIENTED_EDGE('',*,*,#5515,.F.);
#7051=ORIENTED_EDGE('',*,*,#5516,.F.);
#7052=ORIENTED_EDGE('',*,*,#5517,.F.);
#7053=ORIENTED_EDGE('',*,*,#5518,.F.);
#7054=ORIENTED_EDGE('',*,*,#5519,.F.);
#7055=ORIENTED_EDGE('',*,*,#5520,.F.);
#7056=ORIENTED_EDGE('',*,*,#5521,.F.);
#7057=ORIENTED_EDGE('',*,*,#5522,.F.);
#7058=ORIENTED_EDGE('',*,*,#5523,.F.);
#7059=ORIENTED_EDGE('',*,*,#5524,.F.);
#7060=ORIENTED_EDGE('',*,*,#5525,.F.);
#7061=ORIENTED_EDGE('',*,*,#5526,.F.);
#7062=ORIENTED_EDGE('',*,*,#5527,.F.);
#7063=ORIENTED_EDGE('',*,*,#5528,.F.);
#7064=ORIENTED_EDGE('',*,*,#5529,.F.);
#7065=ORIENTED_EDGE('',*,*,#5530,.F.);
#7066=ORIENTED_EDGE('',*,*,#5531,.F.);
#7067=ORIENTED_EDGE('',*,*,#5532,.F.);
#7068=ORIENTED_EDGE('',*,*,#5533,.F.);
#7069=ORIENTED_EDGE('',*,*,#5534,.F.);
#7070=ORIENTED_EDGE('',*,*,#5535,.F.);
#7071=ORIENTED_EDGE('',*,*,#5536,.F.);
#7072=ORIENTED_EDGE('',*,*,#5537,.F.);
#7073=ORIENTED_EDGE('',*,*,#5538,.F.);
#7074=ORIENTED_EDGE('',*,*,#5539,.F.);
#7075=ORIENTED_EDGE('',*,*,#5540,.F.);
#7076=ORIENTED_EDGE('',*,*,#5541,.F.);
#7077=ORIENTED_EDGE('',*,*,#5542,.F.);
#7078=ORIENTED_EDGE('',*,*,#5543,.F.);
#7079=ORIENTED_EDGE('',*,*,#5544,.F.);
#7080=ORIENTED_EDGE('',*,*,#5545,.F.);
#7081=ORIENTED_EDGE('',*,*,#5546,.F.);
#7082=ORIENTED_EDGE('',*,*,#5547,.F.);
#7083=ORIENTED_EDGE('',*,*,#5548,.F.);
#7084=ORIENTED_EDGE('',*,*,#5549,.F.);
#7085=ORIENTED_EDGE('',*,*,#5550,.F.);
#7086=ORIENTED_EDGE('',*,*,#5551,.F.);
#7087=ORIENTED_EDGE('',*,*,#5552,.F.);
#7088=ORIENTED_EDGE('',*,*,#5553,.F.);
#7089=ORIENTED_EDGE('',*,*,#5554,.F.);
#7090=ORIENTED_EDGE('',*,*,#5555,.F.);
#7091=ORIENTED_EDGE('',*,*,#5556,.F.);
#7092=ORIENTED_EDGE('',*,*,#5557,.F.);
#7093=ORIENTED_EDGE('',*,*,#5558,.F.);
#7094=ORIENTED_EDGE('',*,*,#5559,.F.);
#7095=ORIENTED_EDGE('',*,*,#5560,.F.);
#7096=ORIENTED_EDGE('',*,*,#5561,.F.);
#7097=ORIENTED_EDGE('',*,*,#5562,.F.);
#7098=ORIENTED_EDGE('',*,*,#5563,.F.);
#7099=ORIENTED_EDGE('',*,*,#5564,.F.);
#7100=ORIENTED_EDGE('',*,*,#5565,.F.);
#7101=ORIENTED_EDGE('',*,*,#5566,.F.);
#7102=ORIENTED_EDGE('',*,*,#5567,.F.);
#7103=ORIENTED_EDGE('',*,*,#5568,.F.);
#7104=ORIENTED_EDGE('',*,*,#5569,.F.);
#7105=ORIENTED_EDGE('',*,*,#5570,.F.);
#7106=ORIENTED_EDGE('',*,*,#5571,.F.);
#7107=ORIENTED_EDGE('',*,*,#5572,.F.);
#7108=ORIENTED_EDGE('',*,*,#5573,.F.);
#7109=ORIENTED_EDGE('',*,*,#5574,.F.);
#7110=ORIENTED_EDGE('',*,*,#5575,.F.);
#7111=ORIENTED_EDGE('',*,*,#5576,.F.);
#7112=ORIENTED_EDGE('',*,*,#5577,.F.);
#7113=ORIENTED_EDGE('',*,*,#5578,.F.);
#7114=ORIENTED_EDGE('',*,*,#5579,.F.);
#7115=ORIENTED_EDGE('',*,*,#5580,.F.);
#7116=ORIENTED_EDGE('',*,*,#5581,.F.);
#7117=ORIENTED_EDGE('',*,*,#5582,.F.);
#7118=ORIENTED_EDGE('',*,*,#5583,.F.);
#7119=ORIENTED_EDGE('',*,*,#5584,.F.);
#7120=ORIENTED_EDGE('',*,*,#5585,.F.);
#7121=ORIENTED_EDGE('',*,*,#5586,.F.);
#7122=ORIENTED_EDGE('',*,*,#5587,.F.);
#7123=ORIENTED_EDGE('',*,*,#5588,.F.);
#7124=ORIENTED_EDGE('',*,*,#5589,.F.);
#7125=ORIENTED_EDGE('',*,*,#5590,.F.);
#7126=ORIENTED_EDGE('',*,*,#5591,.F.);
#7127=ORIENTED_EDGE('',*,*,#5592,.F.);
#7128=ORIENTED_EDGE('',*,*,#5593,.F.);
#7129=ORIENTED_EDGE('',*,*,#5594,.F.);
#7130=ORIENTED_EDGE('',*,*,#5595,.F.);
#7131=ORIENTED_EDGE('',*,*,#5596,.F.);
#7132=ORIENTED_EDGE('',*,*,#5597,.F.);
#7133=ORIENTED_EDGE('',*,*,#5598,.F.);
#7134=ORIENTED_EDGE('',*,*,#5599,.F.);
#7135=ORIENTED_EDGE('',*,*,#5600,.F.);
#7136=ORIENTED_EDGE('',*,*,#5601,.F.);
#7137=ORIENTED_EDGE('',*,*,#5602,.F.);
#7138=ORIENTED_EDGE('',*,*,#5603,.F.);
#7139=ORIENTED_EDGE('',*,*,#5604,.F.);
#7140=ORIENTED_EDGE('',*,*,#5605,.F.);
#7141=ORIENTED_EDGE('',*,*,#5606,.F.);
#7142=ORIENTED_EDGE('',*,*,#5607,.F.);
#7143=ORIENTED_EDGE('',*,*,#5608,.F.);
#7144=ORIENTED_EDGE('',*,*,#5609,.F.);
#7145=ORIENTED_EDGE('',*,*,#5610,.F.);
#7146=ORIENTED_EDGE('',*,*,#5611,.F.);
#7147=ORIENTED_EDGE('',*,*,#5612,.F.);
#7148=ORIENTED_EDGE('',*,*,#5613,.F.);
#7149=ORIENTED_EDGE('',*,*,#5614,.F.);
#7150=ORIENTED_EDGE('',*,*,#5615,.F.);
#7151=ORIENTED_EDGE('',*,*,#5616,.F.);
#7152=ORIENTED_EDGE('',*,*,#5617,.F.);
#7153=ORIENTED_EDGE('',*,*,#5618,.F.);
#7154=ORIENTED_EDGE('',*,*,#5619,.F.);
#7155=ORIENTED_EDGE('',*,*,#5620,.F.);
#7156=ORIENTED_EDGE('',*,*,#5621,.F.);
#7157=ORIENTED_EDGE('',*,*,#5622,.F.);
#7158=ORIENTED_EDGE('',*,*,#5623,.F.);
#7159=ORIENTED_EDGE('',*,*,#5624,.F.);
#7160=ORIENTED_EDGE('',*,*,#5625,.F.);
#7161=ORIENTED_EDGE('',*,*,#5626,.F.);
#7162=ORIENTED_EDGE('',*,*,#5627,.F.);
#7163=ORIENTED_EDGE('',*,*,#5628,.F.);
#7164=ORIENTED_EDGE('',*,*,#5629,.F.);
#7165=ORIENTED_EDGE('',*,*,#5630,.F.);
#7166=ORIENTED_EDGE('',*,*,#5631,.F.);
#7167=ORIENTED_EDGE('',*,*,#5632,.F.);
#7168=ORIENTED_EDGE('',*,*,#5633,.F.);
#7169=ORIENTED_EDGE('',*,*,#5634,.F.);
#7170=ORIENTED_EDGE('',*,*,#5635,.F.);
#7171=ORIENTED_EDGE('',*,*,#5636,.F.);
#7172=ORIENTED_EDGE('',*,*,#5637,.F.);
#7173=ORIENTED_EDGE('',*,*,#5638,.F.);
#7174=ORIENTED_EDGE('',*,*,#5639,.F.);
#7175=ORIENTED_EDGE('',*,*,#5640,.F.);
#7176=ORIENTED_EDGE('',*,*,#5641,.F.);
#7177=ORIENTED_EDGE('',*,*,#5642,.F.);
#7178=ORIENTED_EDGE('',*,*,#5643,.F.);
#7179=ORIENTED_EDGE('',*,*,#5644,.F.);
#7180=ORIENTED_EDGE('',*,*,#5645,.F.);
#7181=ORIENTED_EDGE('',*,*,#5646,.F.);
#7182=ORIENTED_EDGE('',*,*,#5647,.F.);
#7183=ORIENTED_EDGE('',*,*,#5648,.F.);
#7184=ORIENTED_EDGE('',*,*,#5649,.F.);
#7185=ORIENTED_EDGE('',*,*,#5650,.F.);
#7186=ORIENTED_EDGE('',*,*,#5651,.F.);
#7187=ORIENTED_EDGE('',*,*,#5652,.F.);
#7188=ORIENTED_EDGE('',*,*,#5653,.F.);
#7189=ORIENTED_EDGE('',*,*,#5654,.F.);
#7190=ORIENTED_EDGE('',*,*,#5655,.F.);
#7191=ORIENTED_EDGE('',*,*,#5656,.F.);
#7192=ORIENTED_EDGE('',*,*,#5657,.F.);
#7193=ORIENTED_EDGE('',*,*,#5658,.F.);
#7194=ORIENTED_EDGE('',*,*,#5659,.F.);
#7195=ORIENTED_EDGE('',*,*,#5660,.F.);
#7196=ORIENTED_EDGE('',*,*,#5661,.F.);
#7197=ORIENTED_EDGE('',*,*,#5662,.F.);
#7198=ORIENTED_EDGE('',*,*,#5663,.F.);
#7199=ORIENTED_EDGE('',*,*,#5664,.F.);
#7200=ORIENTED_EDGE('',*,*,#5665,.F.);
#7201=ORIENTED_EDGE('',*,*,#5666,.F.);
#7202=ORIENTED_EDGE('',*,*,#5667,.F.);
#7203=ORIENTED_EDGE('',*,*,#5668,.F.);
#7204=ORIENTED_EDGE('',*,*,#5669,.F.);
#7205=ORIENTED_EDGE('',*,*,#5670,.F.);
#7206=ORIENTED_EDGE('',*,*,#5671,.F.);
#7207=ORIENTED_EDGE('',*,*,#5672,.F.);
#7208=ORIENTED_EDGE('',*,*,#5673,.F.);
#7209=ORIENTED_EDGE('',*,*,#5674,.F.);
#7210=ORIENTED_EDGE('',*,*,#5675,.F.);
#7211=ORIENTED_EDGE('',*,*,#5676,.F.);
#7212=ORIENTED_EDGE('',*,*,#5677,.F.);
#7213=ORIENTED_EDGE('',*,*,#5678,.F.);
#7214=ORIENTED_EDGE('',*,*,#5679,.F.);
#7215=ORIENTED_EDGE('',*,*,#5680,.F.);
#7216=ORIENTED_EDGE('',*,*,#5681,.F.);
#7217=ORIENTED_EDGE('',*,*,#5682,.F.);
#7218=ORIENTED_EDGE('',*,*,#5683,.F.);
#7219=ORIENTED_EDGE('',*,*,#5684,.F.);
#7220=ORIENTED_EDGE('',*,*,#5685,.F.);
#7221=ORIENTED_EDGE('',*,*,#5686,.F.);
#7222=ORIENTED_EDGE('',*,*,#5687,.F.);
#7223=ORIENTED_EDGE('',*,*,#5688,.F.);
#7224=ORIENTED_EDGE('',*,*,#5689,.F.);
#7225=ORIENTED_EDGE('',*,*,#5690,.F.);
#7226=ORIENTED_EDGE('',*,*,#5691,.F.);
#7227=ORIENTED_EDGE('',*,*,#5692,.F.);
#7228=ORIENTED_EDGE('',*,*,#5693,.F.);
#7229=ORIENTED_EDGE('',*,*,#5694,.F.);
#7230=ORIENTED_EDGE('',*,*,#5695,.F.);
#7231=ORIENTED_EDGE('',*,*,#5696,.F.);
#7232=ORIENTED_EDGE('',*,*,#5697,.F.);
#7233=ORIENTED_EDGE('',*,*,#5698,.F.);
#7234=ORIENTED_EDGE('',*,*,#5699,.F.);
#7235=ORIENTED_EDGE('',*,*,#5700,.F.);
#7236=ORIENTED_EDGE('',*,*,#5701,.F.);
#7237=ORIENTED_EDGE('',*,*,#5702,.F.);
#7238=ORIENTED_EDGE('',*,*,#5703,.F.);
#7239=ORIENTED_EDGE('',*,*,#5704,.F.);
#7240=ORIENTED_EDGE('',*,*,#5705,.F.);
#7241=ORIENTED_EDGE('',*,*,#5706,.F.);
#7242=ORIENTED_EDGE('',*,*,#5707,.F.);
#7243=ORIENTED_EDGE('',*,*,#5708,.F.);
#7244=ORIENTED_EDGE('',*,*,#5709,.F.);
#7245=ORIENTED_EDGE('',*,*,#5710,.F.);
#7246=ORIENTED_EDGE('',*,*,#5711,.F.);
#7247=ORIENTED_EDGE('',*,*,#5712,.F.);
#7248=ORIENTED_EDGE('',*,*,#5713,.F.);
#7249=ORIENTED_EDGE('',*,*,#5714,.F.);
#7250=ORIENTED_EDGE('',*,*,#5715,.F.);
#7251=ORIENTED_EDGE('',*,*,#5716,.F.);
#7252=ORIENTED_EDGE('',*,*,#5717,.F.);
#7253=ORIENTED_EDGE('',*,*,#5718,.F.);
#7254=ORIENTED_EDGE('',*,*,#5719,.F.);
#7255=ORIENTED_EDGE('',*,*,#5720,.F.);
#7256=ORIENTED_EDGE('',*,*,#5721,.F.);
#7257=ORIENTED_EDGE('',*,*,#5722,.F.);
#7258=ORIENTED_EDGE('',*,*,#5723,.F.);
#7259=ORIENTED_EDGE('',*,*,#5724,.F.);
#7260=ORIENTED_EDGE('',*,*,#5725,.F.);
#7261=ORIENTED_EDGE('',*,*,#5726,.F.);
#7262=ORIENTED_EDGE('',*,*,#5727,.F.);
#7263=ORIENTED_EDGE('',*,*,#5728,.F.);
#7264=ORIENTED_EDGE('',*,*,#5729,.F.);
#7265=ORIENTED_EDGE('',*,*,#5730,.F.);
#7266=ORIENTED_EDGE('',*,*,#5731,.F.);
#7267=ORIENTED_EDGE('',*,*,#5732,.F.);
#7268=ORIENTED_EDGE('',*,*,#5733,.F.);
#7269=ORIENTED_EDGE('',*,*,#5734,.F.);
#7270=ORIENTED_EDGE('',*,*,#5735,.F.);
#7271=ORIENTED_EDGE('',*,*,#5736,.F.);
#7272=ORIENTED_EDGE('',*,*,#5737,.F.);
#7273=ORIENTED_EDGE('',*,*,#5738,.F.);
#7274=ORIENTED_EDGE('',*,*,#5739,.F.);
#7275=ORIENTED_EDGE('',*,*,#5740,.F.);
#7276=ORIENTED_EDGE('',*,*,#5741,.F.);
#7277=ORIENTED_EDGE('',*,*,#5742,.F.);
#7278=ORIENTED_EDGE('',*,*,#5743,.F.);
#7279=ORIENTED_EDGE('',*,*,#5744,.F.);
#7280=ORIENTED_EDGE('',*,*,#5745,.F.);
#7281=ORIENTED_EDGE('',*,*,#5746,.F.);
#7282=ORIENTED_EDGE('',*,*,#5747,.F.);
#7283=ORIENTED_EDGE('',*,*,#5748,.F.);
#7284=ORIENTED_EDGE('',*,*,#5749,.F.);
#7285=ORIENTED_EDGE('',*,*,#5750,.F.);
#7286=ORIENTED_EDGE('',*,*,#5751,.F.);
#7287=ORIENTED_EDGE('',*,*,#5752,.F.);
#7288=ORIENTED_EDGE('',*,*,#5753,.F.);
#7289=ORIENTED_EDGE('',*,*,#5754,.F.);
#7290=ORIENTED_EDGE('',*,*,#5755,.F.);
#7291=ORIENTED_EDGE('',*,*,#5756,.F.);
#7292=ORIENTED_EDGE('',*,*,#5757,.F.);
#7293=ORIENTED_EDGE('',*,*,#5758,.F.);
#7294=ORIENTED_EDGE('',*,*,#5759,.F.);
#7295=ORIENTED_EDGE('',*,*,#5760,.F.);
#7296=ORIENTED_EDGE('',*,*,#5761,.F.);
#7297=ORIENTED_EDGE('',*,*,#5762,.F.);
#7298=ORIENTED_EDGE('',*,*,#5763,.F.);
#7299=ORIENTED_EDGE('',*,*,#5764,.F.);
#7300=ORIENTED_EDGE('',*,*,#5765,.F.);
#7301=ORIENTED_EDGE('',*,*,#5766,.F.);
#7302=ORIENTED_EDGE('',*,*,#5767,.F.);
#7303=ORIENTED_EDGE('',*,*,#5768,.F.);
#7304=ORIENTED_EDGE('',*,*,#5769,.F.);
#7305=ORIENTED_EDGE('',*,*,#5770,.F.);
#7306=ORIENTED_EDGE('',*,*,#5771,.F.);
#7307=ORIENTED_EDGE('',*,*,#5772,.F.);
#7308=ORIENTED_EDGE('',*,*,#5773,.F.);
#7309=ORIENTED_EDGE('',*,*,#5774,.F.);
#7310=ORIENTED_EDGE('',*,*,#5775,.F.);
#7311=ORIENTED_EDGE('',*,*,#5776,.F.);
#7312=ORIENTED_EDGE('',*,*,#5777,.F.);
#7313=ORIENTED_EDGE('',*,*,#5778,.F.);
#7314=ORIENTED_EDGE('',*,*,#5779,.F.);
#7315=ORIENTED_EDGE('',*,*,#5780,.F.);
#7316=ORIENTED_EDGE('',*,*,#5781,.F.);
#7317=ORIENTED_EDGE('',*,*,#5782,.F.);
#7318=ORIENTED_EDGE('',*,*,#5783,.F.);
#7319=ORIENTED_EDGE('',*,*,#5784,.F.);
#7320=ORIENTED_EDGE('',*,*,#5785,.F.);
#7321=ORIENTED_EDGE('',*,*,#5786,.F.);
#7322=ORIENTED_EDGE('',*,*,#5787,.F.);
#7323=ORIENTED_EDGE('',*,*,#5788,.F.);
#7324=ORIENTED_EDGE('',*,*,#5789,.F.);
#7325=ORIENTED_EDGE('',*,*,#5790,.F.);
#7326=ORIENTED_EDGE('',*,*,#5791,.F.);
#7327=ORIENTED_EDGE('',*,*,#5792,.F.);
#7328=ORIENTED_EDGE('',*,*,#5793,.F.);
#7329=ORIENTED_EDGE('',*,*,#5794,.F.);
#7330=ORIENTED_EDGE('',*,*,#5795,.F.);
#7331=ORIENTED_EDGE('',*,*,#5796,.F.);
#7332=ORIENTED_EDGE('',*,*,#5797,.F.);
#7333=ORIENTED_EDGE('',*,*,#5798,.F.);
#7334=ORIENTED_EDGE('',*,*,#5799,.F.);
#7335=ORIENTED_EDGE('',*,*,#5800,.F.);
#7336=ORIENTED_EDGE('',*,*,#5801,.F.);
#7337=ORIENTED_EDGE('',*,*,#5802,.F.);
#7338=ORIENTED_EDGE('',*,*,#5803,.F.);
#7339=ORIENTED_EDGE('',*,*,#5804,.F.);
#7340=ORIENTED_EDGE('',*,*,#5805,.F.);
#7341=ORIENTED_EDGE('',*,*,#5806,.F.);
#7342=ORIENTED_EDGE('',*,*,#5807,.F.);
#7343=ORIENTED_EDGE('',*,*,#5808,.F.);
#7344=ORIENTED_EDGE('',*,*,#5809,.F.);
#7345=ORIENTED_EDGE('',*,*,#5810,.F.);
#7346=ORIENTED_EDGE('',*,*,#5811,.F.);
#7347=ORIENTED_EDGE('',*,*,#5812,.F.);
#7348=ORIENTED_EDGE('',*,*,#5813,.F.);
#7349=ORIENTED_EDGE('',*,*,#5814,.F.);
#7350=ORIENTED_EDGE('',*,*,#5815,.F.);
#7351=ORIENTED_EDGE('',*,*,#5816,.F.);
#7352=ORIENTED_EDGE('',*,*,#5817,.F.);
#7353=ORIENTED_EDGE('',*,*,#5818,.F.);
#7354=ORIENTED_EDGE('',*,*,#5819,.F.);
#7355=ORIENTED_EDGE('',*,*,#5820,.F.);
#7356=ORIENTED_EDGE('',*,*,#5821,.F.);
#7357=ORIENTED_EDGE('',*,*,#5822,.F.);
#7358=ORIENTED_EDGE('',*,*,#5823,.F.);
#7359=ORIENTED_EDGE('',*,*,#5824,.F.);
#7360=ORIENTED_EDGE('',*,*,#5825,.F.);
#7361=ORIENTED_EDGE('',*,*,#5826,.F.);
#7362=ORIENTED_EDGE('',*,*,#5827,.F.);
#7363=ORIENTED_EDGE('',*,*,#5828,.F.);
#7364=ORIENTED_EDGE('',*,*,#5829,.F.);
#7365=ORIENTED_EDGE('',*,*,#5830,.F.);
#7366=ORIENTED_EDGE('',*,*,#5831,.F.);
#7367=ORIENTED_EDGE('',*,*,#5832,.F.);
#7368=ORIENTED_EDGE('',*,*,#5833,.F.);
#7369=ORIENTED_EDGE('',*,*,#5834,.F.);
#7370=ORIENTED_EDGE('',*,*,#5835,.F.);
#7371=ORIENTED_EDGE('',*,*,#5836,.F.);
#7372=ORIENTED_EDGE('',*,*,#5837,.F.);
#7373=ORIENTED_EDGE('',*,*,#5838,.F.);
#7374=ORIENTED_EDGE('',*,*,#5839,.F.);
#7375=ORIENTED_EDGE('',*,*,#5840,.F.);
#7376=ORIENTED_EDGE('',*,*,#5841,.F.);
#7377=ORIENTED_EDGE('',*,*,#5842,.F.);
#7378=ORIENTED_EDGE('',*,*,#5843,.F.);
#7379=ORIENTED_EDGE('',*,*,#5844,.F.);
#7380=ORIENTED_EDGE('',*,*,#5845,.F.);
#7381=ORIENTED_EDGE('',*,*,#5846,.F.);
#7382=ORIENTED_EDGE('',*,*,#5847,.F.);
#7383=ORIENTED_EDGE('',*,*,#5848,.F.);
#7384=ORIENTED_EDGE('',*,*,#5435,.T.);
#7385=ORIENTED_EDGE('',*,*,#5849,.F.);
#7386=ORIENTED_EDGE('',*,*,#5437,.T.);
#7387=ORIENTED_EDGE('',*,*,#5850,.T.);
#7388=ORIENTED_EDGE('',*,*,#5851,.T.);
#7389=ORIENTED_EDGE('',*,*,#5852,.T.);
#7390=ORIENTED_EDGE('',*,*,#5853,.T.);
#7391=ORIENTED_EDGE('',*,*,#5854,.T.);
#7392=ORIENTED_EDGE('',*,*,#5855,.T.);
#7393=ORIENTED_EDGE('',*,*,#5856,.T.);
#7394=ORIENTED_EDGE('',*,*,#5857,.F.);
#7395=ORIENTED_EDGE('',*,*,#5858,.T.);
#7396=ORIENTED_EDGE('',*,*,#5859,.T.);
#7397=ORIENTED_EDGE('',*,*,#5860,.F.);
#7398=ORIENTED_EDGE('',*,*,#5434,.F.);
#7399=ORIENTED_EDGE('',*,*,#5844,.T.);
#7400=ORIENTED_EDGE('',*,*,#5861,.T.);
#7401=ORIENTED_EDGE('',*,*,#5862,.F.);
#7402=ORIENTED_EDGE('',*,*,#5863,.F.);
#7403=ORIENTED_EDGE('',*,*,#5847,.T.);
#7404=ORIENTED_EDGE('',*,*,#5864,.T.);
#7405=ORIENTED_EDGE('',*,*,#5865,.F.);
#7406=ORIENTED_EDGE('',*,*,#5861,.F.);
#7407=ORIENTED_EDGE('',*,*,#5846,.T.);
#7408=ORIENTED_EDGE('',*,*,#5866,.T.);
#7409=ORIENTED_EDGE('',*,*,#5867,.F.);
#7410=ORIENTED_EDGE('',*,*,#5864,.F.);
#7411=ORIENTED_EDGE('',*,*,#5845,.T.);
#7412=ORIENTED_EDGE('',*,*,#5863,.T.);
#7413=ORIENTED_EDGE('',*,*,#5868,.F.);
#7414=ORIENTED_EDGE('',*,*,#5866,.F.);
#7415=ORIENTED_EDGE('',*,*,#5840,.T.);
#7416=ORIENTED_EDGE('',*,*,#5869,.T.);
#7417=ORIENTED_EDGE('',*,*,#5870,.F.);
#7418=ORIENTED_EDGE('',*,*,#5871,.F.);
#7419=ORIENTED_EDGE('',*,*,#5843,.T.);
#7420=ORIENTED_EDGE('',*,*,#5872,.T.);
#7421=ORIENTED_EDGE('',*,*,#5873,.F.);
#7422=ORIENTED_EDGE('',*,*,#5869,.F.);
#7423=ORIENTED_EDGE('',*,*,#5842,.T.);
#7424=ORIENTED_EDGE('',*,*,#5874,.T.);
#7425=ORIENTED_EDGE('',*,*,#5875,.F.);
#7426=ORIENTED_EDGE('',*,*,#5872,.F.);
#7427=ORIENTED_EDGE('',*,*,#5841,.T.);
#7428=ORIENTED_EDGE('',*,*,#5871,.T.);
#7429=ORIENTED_EDGE('',*,*,#5876,.F.);
#7430=ORIENTED_EDGE('',*,*,#5874,.F.);
#7431=ORIENTED_EDGE('',*,*,#5836,.T.);
#7432=ORIENTED_EDGE('',*,*,#5877,.T.);
#7433=ORIENTED_EDGE('',*,*,#5878,.F.);
#7434=ORIENTED_EDGE('',*,*,#5879,.F.);
#7435=ORIENTED_EDGE('',*,*,#5839,.T.);
#7436=ORIENTED_EDGE('',*,*,#5880,.T.);
#7437=ORIENTED_EDGE('',*,*,#5881,.F.);
#7438=ORIENTED_EDGE('',*,*,#5877,.F.);
#7439=ORIENTED_EDGE('',*,*,#5838,.T.);
#7440=ORIENTED_EDGE('',*,*,#5882,.T.);
#7441=ORIENTED_EDGE('',*,*,#5883,.F.);
#7442=ORIENTED_EDGE('',*,*,#5880,.F.);
#7443=ORIENTED_EDGE('',*,*,#5837,.T.);
#7444=ORIENTED_EDGE('',*,*,#5879,.T.);
#7445=ORIENTED_EDGE('',*,*,#5884,.F.);
#7446=ORIENTED_EDGE('',*,*,#5882,.F.);
#7447=ORIENTED_EDGE('',*,*,#5832,.T.);
#7448=ORIENTED_EDGE('',*,*,#5885,.T.);
#7449=ORIENTED_EDGE('',*,*,#5886,.F.);
#7450=ORIENTED_EDGE('',*,*,#5887,.F.);
#7451=ORIENTED_EDGE('',*,*,#5835,.T.);
#7452=ORIENTED_EDGE('',*,*,#5888,.T.);
#7453=ORIENTED_EDGE('',*,*,#5889,.F.);
#7454=ORIENTED_EDGE('',*,*,#5885,.F.);
#7455=ORIENTED_EDGE('',*,*,#5834,.T.);
#7456=ORIENTED_EDGE('',*,*,#5890,.T.);
#7457=ORIENTED_EDGE('',*,*,#5891,.F.);
#7458=ORIENTED_EDGE('',*,*,#5888,.F.);
#7459=ORIENTED_EDGE('',*,*,#5833,.T.);
#7460=ORIENTED_EDGE('',*,*,#5887,.T.);
#7461=ORIENTED_EDGE('',*,*,#5892,.F.);
#7462=ORIENTED_EDGE('',*,*,#5890,.F.);
#7463=ORIENTED_EDGE('',*,*,#5828,.T.);
#7464=ORIENTED_EDGE('',*,*,#5893,.T.);
#7465=ORIENTED_EDGE('',*,*,#5894,.F.);
#7466=ORIENTED_EDGE('',*,*,#5895,.F.);
#7467=ORIENTED_EDGE('',*,*,#5831,.T.);
#7468=ORIENTED_EDGE('',*,*,#5896,.T.);
#7469=ORIENTED_EDGE('',*,*,#5897,.F.);
#7470=ORIENTED_EDGE('',*,*,#5893,.F.);
#7471=ORIENTED_EDGE('',*,*,#5830,.T.);
#7472=ORIENTED_EDGE('',*,*,#5898,.T.);
#7473=ORIENTED_EDGE('',*,*,#5899,.F.);
#7474=ORIENTED_EDGE('',*,*,#5896,.F.);
#7475=ORIENTED_EDGE('',*,*,#5829,.T.);
#7476=ORIENTED_EDGE('',*,*,#5895,.T.);
#7477=ORIENTED_EDGE('',*,*,#5900,.F.);
#7478=ORIENTED_EDGE('',*,*,#5898,.F.);
#7479=ORIENTED_EDGE('',*,*,#5824,.T.);
#7480=ORIENTED_EDGE('',*,*,#5901,.T.);
#7481=ORIENTED_EDGE('',*,*,#5902,.F.);
#7482=ORIENTED_EDGE('',*,*,#5903,.F.);
#7483=ORIENTED_EDGE('',*,*,#5827,.T.);
#7484=ORIENTED_EDGE('',*,*,#5904,.T.);
#7485=ORIENTED_EDGE('',*,*,#5905,.F.);
#7486=ORIENTED_EDGE('',*,*,#5901,.F.);
#7487=ORIENTED_EDGE('',*,*,#5826,.T.);
#7488=ORIENTED_EDGE('',*,*,#5906,.T.);
#7489=ORIENTED_EDGE('',*,*,#5907,.F.);
#7490=ORIENTED_EDGE('',*,*,#5904,.F.);
#7491=ORIENTED_EDGE('',*,*,#5825,.T.);
#7492=ORIENTED_EDGE('',*,*,#5903,.T.);
#7493=ORIENTED_EDGE('',*,*,#5908,.F.);
#7494=ORIENTED_EDGE('',*,*,#5906,.F.);
#7495=ORIENTED_EDGE('',*,*,#5780,.T.);
#7496=ORIENTED_EDGE('',*,*,#5909,.T.);
#7497=ORIENTED_EDGE('',*,*,#5910,.F.);
#7498=ORIENTED_EDGE('',*,*,#5911,.F.);
#7499=ORIENTED_EDGE('',*,*,#5823,.T.);
#7500=ORIENTED_EDGE('',*,*,#5912,.T.);
#7501=ORIENTED_EDGE('',*,*,#5913,.F.);
#7502=ORIENTED_EDGE('',*,*,#5909,.F.);
#7503=ORIENTED_EDGE('',*,*,#5822,.T.);
#7504=ORIENTED_EDGE('',*,*,#5914,.T.);
#7505=ORIENTED_EDGE('',*,*,#5915,.F.);
#7506=ORIENTED_EDGE('',*,*,#5912,.F.);
#7507=ORIENTED_EDGE('',*,*,#5821,.T.);
#7508=ORIENTED_EDGE('',*,*,#5916,.T.);
#7509=ORIENTED_EDGE('',*,*,#5917,.F.);
#7510=ORIENTED_EDGE('',*,*,#5914,.F.);
#7511=ORIENTED_EDGE('',*,*,#5820,.T.);
#7512=ORIENTED_EDGE('',*,*,#5918,.T.);
#7513=ORIENTED_EDGE('',*,*,#5919,.F.);
#7514=ORIENTED_EDGE('',*,*,#5916,.F.);
#7515=ORIENTED_EDGE('',*,*,#5819,.T.);
#7516=ORIENTED_EDGE('',*,*,#5920,.T.);
#7517=ORIENTED_EDGE('',*,*,#5921,.F.);
#7518=ORIENTED_EDGE('',*,*,#5918,.F.);
#7519=ORIENTED_EDGE('',*,*,#5818,.T.);
#7520=ORIENTED_EDGE('',*,*,#5922,.T.);
#7521=ORIENTED_EDGE('',*,*,#5923,.F.);
#7522=ORIENTED_EDGE('',*,*,#5920,.F.);
#7523=ORIENTED_EDGE('',*,*,#5817,.T.);
#7524=ORIENTED_EDGE('',*,*,#5924,.T.);
#7525=ORIENTED_EDGE('',*,*,#5925,.F.);
#7526=ORIENTED_EDGE('',*,*,#5922,.F.);
#7527=ORIENTED_EDGE('',*,*,#5816,.T.);
#7528=ORIENTED_EDGE('',*,*,#5926,.T.);
#7529=ORIENTED_EDGE('',*,*,#5927,.F.);
#7530=ORIENTED_EDGE('',*,*,#5924,.F.);
#7531=ORIENTED_EDGE('',*,*,#5815,.T.);
#7532=ORIENTED_EDGE('',*,*,#5928,.T.);
#7533=ORIENTED_EDGE('',*,*,#5929,.F.);
#7534=ORIENTED_EDGE('',*,*,#5926,.F.);
#7535=ORIENTED_EDGE('',*,*,#5814,.T.);
#7536=ORIENTED_EDGE('',*,*,#5930,.T.);
#7537=ORIENTED_EDGE('',*,*,#5931,.F.);
#7538=ORIENTED_EDGE('',*,*,#5928,.F.);
#7539=ORIENTED_EDGE('',*,*,#5813,.T.);
#7540=ORIENTED_EDGE('',*,*,#5932,.T.);
#7541=ORIENTED_EDGE('',*,*,#5933,.F.);
#7542=ORIENTED_EDGE('',*,*,#5930,.F.);
#7543=ORIENTED_EDGE('',*,*,#5812,.T.);
#7544=ORIENTED_EDGE('',*,*,#5934,.T.);
#7545=ORIENTED_EDGE('',*,*,#5935,.F.);
#7546=ORIENTED_EDGE('',*,*,#5932,.F.);
#7547=ORIENTED_EDGE('',*,*,#5811,.T.);
#7548=ORIENTED_EDGE('',*,*,#5936,.T.);
#7549=ORIENTED_EDGE('',*,*,#5937,.F.);
#7550=ORIENTED_EDGE('',*,*,#5934,.F.);
#7551=ORIENTED_EDGE('',*,*,#5810,.T.);
#7552=ORIENTED_EDGE('',*,*,#5938,.T.);
#7553=ORIENTED_EDGE('',*,*,#5939,.F.);
#7554=ORIENTED_EDGE('',*,*,#5936,.F.);
#7555=ORIENTED_EDGE('',*,*,#5809,.T.);
#7556=ORIENTED_EDGE('',*,*,#5940,.T.);
#7557=ORIENTED_EDGE('',*,*,#5941,.F.);
#7558=ORIENTED_EDGE('',*,*,#5938,.F.);
#7559=ORIENTED_EDGE('',*,*,#5808,.T.);
#7560=ORIENTED_EDGE('',*,*,#5942,.T.);
#7561=ORIENTED_EDGE('',*,*,#5943,.F.);
#7562=ORIENTED_EDGE('',*,*,#5940,.F.);
#7563=ORIENTED_EDGE('',*,*,#5807,.T.);
#7564=ORIENTED_EDGE('',*,*,#5944,.T.);
#7565=ORIENTED_EDGE('',*,*,#5945,.F.);
#7566=ORIENTED_EDGE('',*,*,#5942,.F.);
#7567=ORIENTED_EDGE('',*,*,#5806,.T.);
#7568=ORIENTED_EDGE('',*,*,#5946,.T.);
#7569=ORIENTED_EDGE('',*,*,#5947,.F.);
#7570=ORIENTED_EDGE('',*,*,#5944,.F.);
#7571=ORIENTED_EDGE('',*,*,#5805,.T.);
#7572=ORIENTED_EDGE('',*,*,#5948,.T.);
#7573=ORIENTED_EDGE('',*,*,#5949,.F.);
#7574=ORIENTED_EDGE('',*,*,#5946,.F.);
#7575=ORIENTED_EDGE('',*,*,#5804,.T.);
#7576=ORIENTED_EDGE('',*,*,#5950,.T.);
#7577=ORIENTED_EDGE('',*,*,#5951,.F.);
#7578=ORIENTED_EDGE('',*,*,#5948,.F.);
#7579=ORIENTED_EDGE('',*,*,#5803,.T.);
#7580=ORIENTED_EDGE('',*,*,#5952,.T.);
#7581=ORIENTED_EDGE('',*,*,#5953,.F.);
#7582=ORIENTED_EDGE('',*,*,#5950,.F.);
#7583=ORIENTED_EDGE('',*,*,#5802,.T.);
#7584=ORIENTED_EDGE('',*,*,#5954,.T.);
#7585=ORIENTED_EDGE('',*,*,#5955,.F.);
#7586=ORIENTED_EDGE('',*,*,#5952,.F.);
#7587=ORIENTED_EDGE('',*,*,#5801,.T.);
#7588=ORIENTED_EDGE('',*,*,#5956,.T.);
#7589=ORIENTED_EDGE('',*,*,#5957,.F.);
#7590=ORIENTED_EDGE('',*,*,#5954,.F.);
#7591=ORIENTED_EDGE('',*,*,#5800,.T.);
#7592=ORIENTED_EDGE('',*,*,#5958,.T.);
#7593=ORIENTED_EDGE('',*,*,#5959,.F.);
#7594=ORIENTED_EDGE('',*,*,#5956,.F.);
#7595=ORIENTED_EDGE('',*,*,#5799,.T.);
#7596=ORIENTED_EDGE('',*,*,#5960,.T.);
#7597=ORIENTED_EDGE('',*,*,#5961,.F.);
#7598=ORIENTED_EDGE('',*,*,#5958,.F.);
#7599=ORIENTED_EDGE('',*,*,#5798,.T.);
#7600=ORIENTED_EDGE('',*,*,#5962,.T.);
#7601=ORIENTED_EDGE('',*,*,#5963,.F.);
#7602=ORIENTED_EDGE('',*,*,#5960,.F.);
#7603=ORIENTED_EDGE('',*,*,#5797,.T.);
#7604=ORIENTED_EDGE('',*,*,#5964,.T.);
#7605=ORIENTED_EDGE('',*,*,#5965,.F.);
#7606=ORIENTED_EDGE('',*,*,#5962,.F.);
#7607=ORIENTED_EDGE('',*,*,#5796,.T.);
#7608=ORIENTED_EDGE('',*,*,#5966,.T.);
#7609=ORIENTED_EDGE('',*,*,#5967,.F.);
#7610=ORIENTED_EDGE('',*,*,#5964,.F.);
#7611=ORIENTED_EDGE('',*,*,#5795,.T.);
#7612=ORIENTED_EDGE('',*,*,#5968,.T.);
#7613=ORIENTED_EDGE('',*,*,#5969,.F.);
#7614=ORIENTED_EDGE('',*,*,#5966,.F.);
#7615=ORIENTED_EDGE('',*,*,#5794,.T.);
#7616=ORIENTED_EDGE('',*,*,#5970,.T.);
#7617=ORIENTED_EDGE('',*,*,#5971,.F.);
#7618=ORIENTED_EDGE('',*,*,#5968,.F.);
#7619=ORIENTED_EDGE('',*,*,#5793,.T.);
#7620=ORIENTED_EDGE('',*,*,#5972,.T.);
#7621=ORIENTED_EDGE('',*,*,#5973,.F.);
#7622=ORIENTED_EDGE('',*,*,#5970,.F.);
#7623=ORIENTED_EDGE('',*,*,#5792,.T.);
#7624=ORIENTED_EDGE('',*,*,#5974,.T.);
#7625=ORIENTED_EDGE('',*,*,#5975,.F.);
#7626=ORIENTED_EDGE('',*,*,#5972,.F.);
#7627=ORIENTED_EDGE('',*,*,#5791,.T.);
#7628=ORIENTED_EDGE('',*,*,#5976,.T.);
#7629=ORIENTED_EDGE('',*,*,#5977,.F.);
#7630=ORIENTED_EDGE('',*,*,#5974,.F.);
#7631=ORIENTED_EDGE('',*,*,#5790,.T.);
#7632=ORIENTED_EDGE('',*,*,#5978,.T.);
#7633=ORIENTED_EDGE('',*,*,#5979,.F.);
#7634=ORIENTED_EDGE('',*,*,#5976,.F.);
#7635=ORIENTED_EDGE('',*,*,#5789,.T.);
#7636=ORIENTED_EDGE('',*,*,#5980,.T.);
#7637=ORIENTED_EDGE('',*,*,#5981,.F.);
#7638=ORIENTED_EDGE('',*,*,#5978,.F.);
#7639=ORIENTED_EDGE('',*,*,#5788,.T.);
#7640=ORIENTED_EDGE('',*,*,#5982,.T.);
#7641=ORIENTED_EDGE('',*,*,#5983,.F.);
#7642=ORIENTED_EDGE('',*,*,#5980,.F.);
#7643=ORIENTED_EDGE('',*,*,#5787,.T.);
#7644=ORIENTED_EDGE('',*,*,#5984,.T.);
#7645=ORIENTED_EDGE('',*,*,#5985,.F.);
#7646=ORIENTED_EDGE('',*,*,#5982,.F.);
#7647=ORIENTED_EDGE('',*,*,#5786,.T.);
#7648=ORIENTED_EDGE('',*,*,#5986,.T.);
#7649=ORIENTED_EDGE('',*,*,#5987,.F.);
#7650=ORIENTED_EDGE('',*,*,#5984,.F.);
#7651=ORIENTED_EDGE('',*,*,#5785,.T.);
#7652=ORIENTED_EDGE('',*,*,#5988,.T.);
#7653=ORIENTED_EDGE('',*,*,#5989,.F.);
#7654=ORIENTED_EDGE('',*,*,#5986,.F.);
#7655=ORIENTED_EDGE('',*,*,#5784,.T.);
#7656=ORIENTED_EDGE('',*,*,#5990,.T.);
#7657=ORIENTED_EDGE('',*,*,#5991,.F.);
#7658=ORIENTED_EDGE('',*,*,#5988,.F.);
#7659=ORIENTED_EDGE('',*,*,#5783,.T.);
#7660=ORIENTED_EDGE('',*,*,#5992,.T.);
#7661=ORIENTED_EDGE('',*,*,#5993,.F.);
#7662=ORIENTED_EDGE('',*,*,#5990,.F.);
#7663=ORIENTED_EDGE('',*,*,#5782,.T.);
#7664=ORIENTED_EDGE('',*,*,#5994,.T.);
#7665=ORIENTED_EDGE('',*,*,#5995,.F.);
#7666=ORIENTED_EDGE('',*,*,#5992,.F.);
#7667=ORIENTED_EDGE('',*,*,#5781,.T.);
#7668=ORIENTED_EDGE('',*,*,#5911,.T.);
#7669=ORIENTED_EDGE('',*,*,#5996,.F.);
#7670=ORIENTED_EDGE('',*,*,#5994,.F.);
#7671=ORIENTED_EDGE('',*,*,#5776,.T.);
#7672=ORIENTED_EDGE('',*,*,#5997,.T.);
#7673=ORIENTED_EDGE('',*,*,#5998,.F.);
#7674=ORIENTED_EDGE('',*,*,#5999,.F.);
#7675=ORIENTED_EDGE('',*,*,#5779,.T.);
#7676=ORIENTED_EDGE('',*,*,#6000,.T.);
#7677=ORIENTED_EDGE('',*,*,#6001,.F.);
#7678=ORIENTED_EDGE('',*,*,#5997,.F.);
#7679=ORIENTED_EDGE('',*,*,#5778,.T.);
#7680=ORIENTED_EDGE('',*,*,#6002,.T.);
#7681=ORIENTED_EDGE('',*,*,#6003,.F.);
#7682=ORIENTED_EDGE('',*,*,#6000,.F.);
#7683=ORIENTED_EDGE('',*,*,#5777,.T.);
#7684=ORIENTED_EDGE('',*,*,#5999,.T.);
#7685=ORIENTED_EDGE('',*,*,#6004,.F.);
#7686=ORIENTED_EDGE('',*,*,#6002,.F.);
#7687=ORIENTED_EDGE('',*,*,#5772,.T.);
#7688=ORIENTED_EDGE('',*,*,#6005,.T.);
#7689=ORIENTED_EDGE('',*,*,#6006,.F.);
#7690=ORIENTED_EDGE('',*,*,#6007,.F.);
#7691=ORIENTED_EDGE('',*,*,#5775,.T.);
#7692=ORIENTED_EDGE('',*,*,#6008,.T.);
#7693=ORIENTED_EDGE('',*,*,#6009,.F.);
#7694=ORIENTED_EDGE('',*,*,#6005,.F.);
#7695=ORIENTED_EDGE('',*,*,#5774,.T.);
#7696=ORIENTED_EDGE('',*,*,#6010,.T.);
#7697=ORIENTED_EDGE('',*,*,#6011,.F.);
#7698=ORIENTED_EDGE('',*,*,#6008,.F.);
#7699=ORIENTED_EDGE('',*,*,#5773,.T.);
#7700=ORIENTED_EDGE('',*,*,#6007,.T.);
#7701=ORIENTED_EDGE('',*,*,#6012,.F.);
#7702=ORIENTED_EDGE('',*,*,#6010,.F.);
#7703=ORIENTED_EDGE('',*,*,#5768,.T.);
#7704=ORIENTED_EDGE('',*,*,#6013,.T.);
#7705=ORIENTED_EDGE('',*,*,#6014,.F.);
#7706=ORIENTED_EDGE('',*,*,#6015,.F.);
#7707=ORIENTED_EDGE('',*,*,#5771,.T.);
#7708=ORIENTED_EDGE('',*,*,#6016,.T.);
#7709=ORIENTED_EDGE('',*,*,#6017,.F.);
#7710=ORIENTED_EDGE('',*,*,#6013,.F.);
#7711=ORIENTED_EDGE('',*,*,#5770,.T.);
#7712=ORIENTED_EDGE('',*,*,#6018,.T.);
#7713=ORIENTED_EDGE('',*,*,#6019,.F.);
#7714=ORIENTED_EDGE('',*,*,#6016,.F.);
#7715=ORIENTED_EDGE('',*,*,#5769,.T.);
#7716=ORIENTED_EDGE('',*,*,#6015,.T.);
#7717=ORIENTED_EDGE('',*,*,#6020,.F.);
#7718=ORIENTED_EDGE('',*,*,#6018,.F.);
#7719=ORIENTED_EDGE('',*,*,#5764,.T.);
#7720=ORIENTED_EDGE('',*,*,#6021,.T.);
#7721=ORIENTED_EDGE('',*,*,#6022,.F.);
#7722=ORIENTED_EDGE('',*,*,#6023,.F.);
#7723=ORIENTED_EDGE('',*,*,#5767,.T.);
#7724=ORIENTED_EDGE('',*,*,#6024,.T.);
#7725=ORIENTED_EDGE('',*,*,#6025,.F.);
#7726=ORIENTED_EDGE('',*,*,#6021,.F.);
#7727=ORIENTED_EDGE('',*,*,#5766,.T.);
#7728=ORIENTED_EDGE('',*,*,#6026,.T.);
#7729=ORIENTED_EDGE('',*,*,#6027,.F.);
#7730=ORIENTED_EDGE('',*,*,#6024,.F.);
#7731=ORIENTED_EDGE('',*,*,#5765,.T.);
#7732=ORIENTED_EDGE('',*,*,#6023,.T.);
#7733=ORIENTED_EDGE('',*,*,#6028,.F.);
#7734=ORIENTED_EDGE('',*,*,#6026,.F.);
#7735=ORIENTED_EDGE('',*,*,#5760,.T.);
#7736=ORIENTED_EDGE('',*,*,#6029,.T.);
#7737=ORIENTED_EDGE('',*,*,#6030,.F.);
#7738=ORIENTED_EDGE('',*,*,#6031,.F.);
#7739=ORIENTED_EDGE('',*,*,#5763,.T.);
#7740=ORIENTED_EDGE('',*,*,#6032,.T.);
#7741=ORIENTED_EDGE('',*,*,#6033,.F.);
#7742=ORIENTED_EDGE('',*,*,#6029,.F.);
#7743=ORIENTED_EDGE('',*,*,#5762,.T.);
#7744=ORIENTED_EDGE('',*,*,#6034,.T.);
#7745=ORIENTED_EDGE('',*,*,#6035,.F.);
#7746=ORIENTED_EDGE('',*,*,#6032,.F.);
#7747=ORIENTED_EDGE('',*,*,#5761,.T.);
#7748=ORIENTED_EDGE('',*,*,#6031,.T.);
#7749=ORIENTED_EDGE('',*,*,#6036,.F.);
#7750=ORIENTED_EDGE('',*,*,#6034,.F.);
#7751=ORIENTED_EDGE('',*,*,#5756,.T.);
#7752=ORIENTED_EDGE('',*,*,#6037,.T.);
#7753=ORIENTED_EDGE('',*,*,#6038,.F.);
#7754=ORIENTED_EDGE('',*,*,#6039,.F.);
#7755=ORIENTED_EDGE('',*,*,#5759,.T.);
#7756=ORIENTED_EDGE('',*,*,#6040,.T.);
#7757=ORIENTED_EDGE('',*,*,#6041,.F.);
#7758=ORIENTED_EDGE('',*,*,#6037,.F.);
#7759=ORIENTED_EDGE('',*,*,#5758,.T.);
#7760=ORIENTED_EDGE('',*,*,#6042,.T.);
#7761=ORIENTED_EDGE('',*,*,#6043,.F.);
#7762=ORIENTED_EDGE('',*,*,#6040,.F.);
#7763=ORIENTED_EDGE('',*,*,#5757,.T.);
#7764=ORIENTED_EDGE('',*,*,#6039,.T.);
#7765=ORIENTED_EDGE('',*,*,#6044,.F.);
#7766=ORIENTED_EDGE('',*,*,#6042,.F.);
#7767=ORIENTED_EDGE('',*,*,#5752,.T.);
#7768=ORIENTED_EDGE('',*,*,#6045,.T.);
#7769=ORIENTED_EDGE('',*,*,#6046,.F.);
#7770=ORIENTED_EDGE('',*,*,#6047,.F.);
#7771=ORIENTED_EDGE('',*,*,#5755,.T.);
#7772=ORIENTED_EDGE('',*,*,#6048,.T.);
#7773=ORIENTED_EDGE('',*,*,#6049,.F.);
#7774=ORIENTED_EDGE('',*,*,#6045,.F.);
#7775=ORIENTED_EDGE('',*,*,#5754,.T.);
#7776=ORIENTED_EDGE('',*,*,#6050,.T.);
#7777=ORIENTED_EDGE('',*,*,#6051,.F.);
#7778=ORIENTED_EDGE('',*,*,#6048,.F.);
#7779=ORIENTED_EDGE('',*,*,#5753,.T.);
#7780=ORIENTED_EDGE('',*,*,#6047,.T.);
#7781=ORIENTED_EDGE('',*,*,#6052,.F.);
#7782=ORIENTED_EDGE('',*,*,#6050,.F.);
#7783=ORIENTED_EDGE('',*,*,#5748,.T.);
#7784=ORIENTED_EDGE('',*,*,#6053,.T.);
#7785=ORIENTED_EDGE('',*,*,#6054,.F.);
#7786=ORIENTED_EDGE('',*,*,#6055,.F.);
#7787=ORIENTED_EDGE('',*,*,#5751,.T.);
#7788=ORIENTED_EDGE('',*,*,#6056,.T.);
#7789=ORIENTED_EDGE('',*,*,#6057,.F.);
#7790=ORIENTED_EDGE('',*,*,#6053,.F.);
#7791=ORIENTED_EDGE('',*,*,#5750,.T.);
#7792=ORIENTED_EDGE('',*,*,#6058,.T.);
#7793=ORIENTED_EDGE('',*,*,#6059,.F.);
#7794=ORIENTED_EDGE('',*,*,#6056,.F.);
#7795=ORIENTED_EDGE('',*,*,#5749,.T.);
#7796=ORIENTED_EDGE('',*,*,#6055,.T.);
#7797=ORIENTED_EDGE('',*,*,#6060,.F.);
#7798=ORIENTED_EDGE('',*,*,#6058,.F.);
#7799=ORIENTED_EDGE('',*,*,#5744,.T.);
#7800=ORIENTED_EDGE('',*,*,#6061,.T.);
#7801=ORIENTED_EDGE('',*,*,#6062,.F.);
#7802=ORIENTED_EDGE('',*,*,#6063,.F.);
#7803=ORIENTED_EDGE('',*,*,#5747,.T.);
#7804=ORIENTED_EDGE('',*,*,#6064,.T.);
#7805=ORIENTED_EDGE('',*,*,#6065,.F.);
#7806=ORIENTED_EDGE('',*,*,#6061,.F.);
#7807=ORIENTED_EDGE('',*,*,#5746,.T.);
#7808=ORIENTED_EDGE('',*,*,#6066,.T.);
#7809=ORIENTED_EDGE('',*,*,#6067,.F.);
#7810=ORIENTED_EDGE('',*,*,#6064,.F.);
#7811=ORIENTED_EDGE('',*,*,#5745,.T.);
#7812=ORIENTED_EDGE('',*,*,#6063,.T.);
#7813=ORIENTED_EDGE('',*,*,#6068,.F.);
#7814=ORIENTED_EDGE('',*,*,#6066,.F.);
#7815=ORIENTED_EDGE('',*,*,#5740,.T.);
#7816=ORIENTED_EDGE('',*,*,#6069,.T.);
#7817=ORIENTED_EDGE('',*,*,#6070,.F.);
#7818=ORIENTED_EDGE('',*,*,#6071,.F.);
#7819=ORIENTED_EDGE('',*,*,#5743,.T.);
#7820=ORIENTED_EDGE('',*,*,#6072,.T.);
#7821=ORIENTED_EDGE('',*,*,#6073,.F.);
#7822=ORIENTED_EDGE('',*,*,#6069,.F.);
#7823=ORIENTED_EDGE('',*,*,#5742,.T.);
#7824=ORIENTED_EDGE('',*,*,#6074,.T.);
#7825=ORIENTED_EDGE('',*,*,#6075,.F.);
#7826=ORIENTED_EDGE('',*,*,#6072,.F.);
#7827=ORIENTED_EDGE('',*,*,#5741,.T.);
#7828=ORIENTED_EDGE('',*,*,#6071,.T.);
#7829=ORIENTED_EDGE('',*,*,#6076,.F.);
#7830=ORIENTED_EDGE('',*,*,#6074,.F.);
#7831=ORIENTED_EDGE('',*,*,#5736,.T.);
#7832=ORIENTED_EDGE('',*,*,#6077,.T.);
#7833=ORIENTED_EDGE('',*,*,#6078,.F.);
#7834=ORIENTED_EDGE('',*,*,#6079,.F.);
#7835=ORIENTED_EDGE('',*,*,#5739,.T.);
#7836=ORIENTED_EDGE('',*,*,#6080,.T.);
#7837=ORIENTED_EDGE('',*,*,#6081,.F.);
#7838=ORIENTED_EDGE('',*,*,#6077,.F.);
#7839=ORIENTED_EDGE('',*,*,#5738,.T.);
#7840=ORIENTED_EDGE('',*,*,#6082,.T.);
#7841=ORIENTED_EDGE('',*,*,#6083,.F.);
#7842=ORIENTED_EDGE('',*,*,#6080,.F.);
#7843=ORIENTED_EDGE('',*,*,#5737,.T.);
#7844=ORIENTED_EDGE('',*,*,#6079,.T.);
#7845=ORIENTED_EDGE('',*,*,#6084,.F.);
#7846=ORIENTED_EDGE('',*,*,#6082,.F.);
#7847=ORIENTED_EDGE('',*,*,#5732,.T.);
#7848=ORIENTED_EDGE('',*,*,#6085,.T.);
#7849=ORIENTED_EDGE('',*,*,#6086,.F.);
#7850=ORIENTED_EDGE('',*,*,#6087,.F.);
#7851=ORIENTED_EDGE('',*,*,#5735,.T.);
#7852=ORIENTED_EDGE('',*,*,#6088,.T.);
#7853=ORIENTED_EDGE('',*,*,#6089,.F.);
#7854=ORIENTED_EDGE('',*,*,#6085,.F.);
#7855=ORIENTED_EDGE('',*,*,#5734,.T.);
#7856=ORIENTED_EDGE('',*,*,#6090,.T.);
#7857=ORIENTED_EDGE('',*,*,#6091,.F.);
#7858=ORIENTED_EDGE('',*,*,#6088,.F.);
#7859=ORIENTED_EDGE('',*,*,#5733,.T.);
#7860=ORIENTED_EDGE('',*,*,#6087,.T.);
#7861=ORIENTED_EDGE('',*,*,#6092,.F.);
#7862=ORIENTED_EDGE('',*,*,#6090,.F.);
#7863=ORIENTED_EDGE('',*,*,#5728,.T.);
#7864=ORIENTED_EDGE('',*,*,#6093,.T.);
#7865=ORIENTED_EDGE('',*,*,#6094,.F.);
#7866=ORIENTED_EDGE('',*,*,#6095,.F.);
#7867=ORIENTED_EDGE('',*,*,#5731,.T.);
#7868=ORIENTED_EDGE('',*,*,#6096,.T.);
#7869=ORIENTED_EDGE('',*,*,#6097,.F.);
#7870=ORIENTED_EDGE('',*,*,#6093,.F.);
#7871=ORIENTED_EDGE('',*,*,#5730,.T.);
#7872=ORIENTED_EDGE('',*,*,#6098,.T.);
#7873=ORIENTED_EDGE('',*,*,#6099,.F.);
#7874=ORIENTED_EDGE('',*,*,#6096,.F.);
#7875=ORIENTED_EDGE('',*,*,#5729,.T.);
#7876=ORIENTED_EDGE('',*,*,#6095,.T.);
#7877=ORIENTED_EDGE('',*,*,#6100,.F.);
#7878=ORIENTED_EDGE('',*,*,#6098,.F.);
#7879=ORIENTED_EDGE('',*,*,#5724,.T.);
#7880=ORIENTED_EDGE('',*,*,#6101,.T.);
#7881=ORIENTED_EDGE('',*,*,#6102,.F.);
#7882=ORIENTED_EDGE('',*,*,#6103,.F.);
#7883=ORIENTED_EDGE('',*,*,#5727,.T.);
#7884=ORIENTED_EDGE('',*,*,#6104,.T.);
#7885=ORIENTED_EDGE('',*,*,#6105,.F.);
#7886=ORIENTED_EDGE('',*,*,#6101,.F.);
#7887=ORIENTED_EDGE('',*,*,#5726,.T.);
#7888=ORIENTED_EDGE('',*,*,#6106,.T.);
#7889=ORIENTED_EDGE('',*,*,#6107,.F.);
#7890=ORIENTED_EDGE('',*,*,#6104,.F.);
#7891=ORIENTED_EDGE('',*,*,#5725,.T.);
#7892=ORIENTED_EDGE('',*,*,#6103,.T.);
#7893=ORIENTED_EDGE('',*,*,#6108,.F.);
#7894=ORIENTED_EDGE('',*,*,#6106,.F.);
#7895=ORIENTED_EDGE('',*,*,#5720,.T.);
#7896=ORIENTED_EDGE('',*,*,#6109,.T.);
#7897=ORIENTED_EDGE('',*,*,#6110,.F.);
#7898=ORIENTED_EDGE('',*,*,#6111,.F.);
#7899=ORIENTED_EDGE('',*,*,#5723,.T.);
#7900=ORIENTED_EDGE('',*,*,#6112,.T.);
#7901=ORIENTED_EDGE('',*,*,#6113,.F.);
#7902=ORIENTED_EDGE('',*,*,#6109,.F.);
#7903=ORIENTED_EDGE('',*,*,#5722,.T.);
#7904=ORIENTED_EDGE('',*,*,#6114,.T.);
#7905=ORIENTED_EDGE('',*,*,#6115,.F.);
#7906=ORIENTED_EDGE('',*,*,#6112,.F.);
#7907=ORIENTED_EDGE('',*,*,#5721,.T.);
#7908=ORIENTED_EDGE('',*,*,#6111,.T.);
#7909=ORIENTED_EDGE('',*,*,#6116,.F.);
#7910=ORIENTED_EDGE('',*,*,#6114,.F.);
#7911=ORIENTED_EDGE('',*,*,#5716,.T.);
#7912=ORIENTED_EDGE('',*,*,#6117,.T.);
#7913=ORIENTED_EDGE('',*,*,#6118,.F.);
#7914=ORIENTED_EDGE('',*,*,#6119,.F.);
#7915=ORIENTED_EDGE('',*,*,#5719,.T.);
#7916=ORIENTED_EDGE('',*,*,#6120,.T.);
#7917=ORIENTED_EDGE('',*,*,#6121,.F.);
#7918=ORIENTED_EDGE('',*,*,#6117,.F.);
#7919=ORIENTED_EDGE('',*,*,#5718,.T.);
#7920=ORIENTED_EDGE('',*,*,#6122,.T.);
#7921=ORIENTED_EDGE('',*,*,#6123,.F.);
#7922=ORIENTED_EDGE('',*,*,#6120,.F.);
#7923=ORIENTED_EDGE('',*,*,#5717,.T.);
#7924=ORIENTED_EDGE('',*,*,#6119,.T.);
#7925=ORIENTED_EDGE('',*,*,#6124,.F.);
#7926=ORIENTED_EDGE('',*,*,#6122,.F.);
#7927=ORIENTED_EDGE('',*,*,#5712,.T.);
#7928=ORIENTED_EDGE('',*,*,#6125,.T.);
#7929=ORIENTED_EDGE('',*,*,#6126,.F.);
#7930=ORIENTED_EDGE('',*,*,#6127,.F.);
#7931=ORIENTED_EDGE('',*,*,#5715,.T.);
#7932=ORIENTED_EDGE('',*,*,#6128,.T.);
#7933=ORIENTED_EDGE('',*,*,#6129,.F.);
#7934=ORIENTED_EDGE('',*,*,#6125,.F.);
#7935=ORIENTED_EDGE('',*,*,#5714,.T.);
#7936=ORIENTED_EDGE('',*,*,#6130,.T.);
#7937=ORIENTED_EDGE('',*,*,#6131,.F.);
#7938=ORIENTED_EDGE('',*,*,#6128,.F.);
#7939=ORIENTED_EDGE('',*,*,#5713,.T.);
#7940=ORIENTED_EDGE('',*,*,#6127,.T.);
#7941=ORIENTED_EDGE('',*,*,#6132,.F.);
#7942=ORIENTED_EDGE('',*,*,#6130,.F.);
#7943=ORIENTED_EDGE('',*,*,#5708,.T.);
#7944=ORIENTED_EDGE('',*,*,#6133,.T.);
#7945=ORIENTED_EDGE('',*,*,#6134,.F.);
#7946=ORIENTED_EDGE('',*,*,#6135,.F.);
#7947=ORIENTED_EDGE('',*,*,#5711,.T.);
#7948=ORIENTED_EDGE('',*,*,#6136,.T.);
#7949=ORIENTED_EDGE('',*,*,#6137,.F.);
#7950=ORIENTED_EDGE('',*,*,#6133,.F.);
#7951=ORIENTED_EDGE('',*,*,#5710,.T.);
#7952=ORIENTED_EDGE('',*,*,#6138,.T.);
#7953=ORIENTED_EDGE('',*,*,#6139,.F.);
#7954=ORIENTED_EDGE('',*,*,#6136,.F.);
#7955=ORIENTED_EDGE('',*,*,#5709,.T.);
#7956=ORIENTED_EDGE('',*,*,#6135,.T.);
#7957=ORIENTED_EDGE('',*,*,#6140,.F.);
#7958=ORIENTED_EDGE('',*,*,#6138,.F.);
#7959=ORIENTED_EDGE('',*,*,#5704,.T.);
#7960=ORIENTED_EDGE('',*,*,#6141,.T.);
#7961=ORIENTED_EDGE('',*,*,#6142,.F.);
#7962=ORIENTED_EDGE('',*,*,#6143,.F.);
#7963=ORIENTED_EDGE('',*,*,#5707,.T.);
#7964=ORIENTED_EDGE('',*,*,#6144,.T.);
#7965=ORIENTED_EDGE('',*,*,#6145,.F.);
#7966=ORIENTED_EDGE('',*,*,#6141,.F.);
#7967=ORIENTED_EDGE('',*,*,#5706,.T.);
#7968=ORIENTED_EDGE('',*,*,#6146,.T.);
#7969=ORIENTED_EDGE('',*,*,#6147,.F.);
#7970=ORIENTED_EDGE('',*,*,#6144,.F.);
#7971=ORIENTED_EDGE('',*,*,#5705,.T.);
#7972=ORIENTED_EDGE('',*,*,#6143,.T.);
#7973=ORIENTED_EDGE('',*,*,#6148,.F.);
#7974=ORIENTED_EDGE('',*,*,#6146,.F.);
#7975=ORIENTED_EDGE('',*,*,#5700,.T.);
#7976=ORIENTED_EDGE('',*,*,#6149,.T.);
#7977=ORIENTED_EDGE('',*,*,#6150,.F.);
#7978=ORIENTED_EDGE('',*,*,#6151,.F.);
#7979=ORIENTED_EDGE('',*,*,#5703,.T.);
#7980=ORIENTED_EDGE('',*,*,#6152,.T.);
#7981=ORIENTED_EDGE('',*,*,#6153,.F.);
#7982=ORIENTED_EDGE('',*,*,#6149,.F.);
#7983=ORIENTED_EDGE('',*,*,#5702,.T.);
#7984=ORIENTED_EDGE('',*,*,#6154,.T.);
#7985=ORIENTED_EDGE('',*,*,#6155,.F.);
#7986=ORIENTED_EDGE('',*,*,#6152,.F.);
#7987=ORIENTED_EDGE('',*,*,#5701,.T.);
#7988=ORIENTED_EDGE('',*,*,#6151,.T.);
#7989=ORIENTED_EDGE('',*,*,#6156,.F.);
#7990=ORIENTED_EDGE('',*,*,#6154,.F.);
#7991=ORIENTED_EDGE('',*,*,#5696,.T.);
#7992=ORIENTED_EDGE('',*,*,#6157,.T.);
#7993=ORIENTED_EDGE('',*,*,#6158,.F.);
#7994=ORIENTED_EDGE('',*,*,#6159,.F.);
#7995=ORIENTED_EDGE('',*,*,#5699,.T.);
#7996=ORIENTED_EDGE('',*,*,#6160,.T.);
#7997=ORIENTED_EDGE('',*,*,#6161,.F.);
#7998=ORIENTED_EDGE('',*,*,#6157,.F.);
#7999=ORIENTED_EDGE('',*,*,#5698,.T.);
#8000=ORIENTED_EDGE('',*,*,#6162,.T.);
#8001=ORIENTED_EDGE('',*,*,#6163,.F.);
#8002=ORIENTED_EDGE('',*,*,#6160,.F.);
#8003=ORIENTED_EDGE('',*,*,#5697,.T.);
#8004=ORIENTED_EDGE('',*,*,#6159,.T.);
#8005=ORIENTED_EDGE('',*,*,#6164,.F.);
#8006=ORIENTED_EDGE('',*,*,#6162,.F.);
#8007=ORIENTED_EDGE('',*,*,#5692,.T.);
#8008=ORIENTED_EDGE('',*,*,#6165,.T.);
#8009=ORIENTED_EDGE('',*,*,#6166,.F.);
#8010=ORIENTED_EDGE('',*,*,#6167,.F.);
#8011=ORIENTED_EDGE('',*,*,#5695,.T.);
#8012=ORIENTED_EDGE('',*,*,#6168,.T.);
#8013=ORIENTED_EDGE('',*,*,#6169,.F.);
#8014=ORIENTED_EDGE('',*,*,#6165,.F.);
#8015=ORIENTED_EDGE('',*,*,#5694,.T.);
#8016=ORIENTED_EDGE('',*,*,#6170,.T.);
#8017=ORIENTED_EDGE('',*,*,#6171,.F.);
#8018=ORIENTED_EDGE('',*,*,#6168,.F.);
#8019=ORIENTED_EDGE('',*,*,#5693,.T.);
#8020=ORIENTED_EDGE('',*,*,#6167,.T.);
#8021=ORIENTED_EDGE('',*,*,#6172,.F.);
#8022=ORIENTED_EDGE('',*,*,#6170,.F.);
#8023=ORIENTED_EDGE('',*,*,#5688,.T.);
#8024=ORIENTED_EDGE('',*,*,#6173,.T.);
#8025=ORIENTED_EDGE('',*,*,#6174,.F.);
#8026=ORIENTED_EDGE('',*,*,#6175,.F.);
#8027=ORIENTED_EDGE('',*,*,#5691,.T.);
#8028=ORIENTED_EDGE('',*,*,#6176,.T.);
#8029=ORIENTED_EDGE('',*,*,#6177,.F.);
#8030=ORIENTED_EDGE('',*,*,#6173,.F.);
#8031=ORIENTED_EDGE('',*,*,#5690,.T.);
#8032=ORIENTED_EDGE('',*,*,#6178,.T.);
#8033=ORIENTED_EDGE('',*,*,#6179,.F.);
#8034=ORIENTED_EDGE('',*,*,#6176,.F.);
#8035=ORIENTED_EDGE('',*,*,#5689,.T.);
#8036=ORIENTED_EDGE('',*,*,#6175,.T.);
#8037=ORIENTED_EDGE('',*,*,#6180,.F.);
#8038=ORIENTED_EDGE('',*,*,#6178,.F.);
#8039=ORIENTED_EDGE('',*,*,#5684,.T.);
#8040=ORIENTED_EDGE('',*,*,#6181,.T.);
#8041=ORIENTED_EDGE('',*,*,#6182,.F.);
#8042=ORIENTED_EDGE('',*,*,#6183,.F.);
#8043=ORIENTED_EDGE('',*,*,#5687,.T.);
#8044=ORIENTED_EDGE('',*,*,#6184,.T.);
#8045=ORIENTED_EDGE('',*,*,#6185,.F.);
#8046=ORIENTED_EDGE('',*,*,#6181,.F.);
#8047=ORIENTED_EDGE('',*,*,#5686,.T.);
#8048=ORIENTED_EDGE('',*,*,#6186,.T.);
#8049=ORIENTED_EDGE('',*,*,#6187,.F.);
#8050=ORIENTED_EDGE('',*,*,#6184,.F.);
#8051=ORIENTED_EDGE('',*,*,#5685,.T.);
#8052=ORIENTED_EDGE('',*,*,#6183,.T.);
#8053=ORIENTED_EDGE('',*,*,#6188,.F.);
#8054=ORIENTED_EDGE('',*,*,#6186,.F.);
#8055=ORIENTED_EDGE('',*,*,#5680,.T.);
#8056=ORIENTED_EDGE('',*,*,#6189,.T.);
#8057=ORIENTED_EDGE('',*,*,#6190,.F.);
#8058=ORIENTED_EDGE('',*,*,#6191,.F.);
#8059=ORIENTED_EDGE('',*,*,#5683,.T.);
#8060=ORIENTED_EDGE('',*,*,#6192,.T.);
#8061=ORIENTED_EDGE('',*,*,#6193,.F.);
#8062=ORIENTED_EDGE('',*,*,#6189,.F.);
#8063=ORIENTED_EDGE('',*,*,#5682,.T.);
#8064=ORIENTED_EDGE('',*,*,#6194,.T.);
#8065=ORIENTED_EDGE('',*,*,#6195,.F.);
#8066=ORIENTED_EDGE('',*,*,#6192,.F.);
#8067=ORIENTED_EDGE('',*,*,#5681,.T.);
#8068=ORIENTED_EDGE('',*,*,#6191,.T.);
#8069=ORIENTED_EDGE('',*,*,#6196,.F.);
#8070=ORIENTED_EDGE('',*,*,#6194,.F.);
#8071=ORIENTED_EDGE('',*,*,#5676,.T.);
#8072=ORIENTED_EDGE('',*,*,#6197,.T.);
#8073=ORIENTED_EDGE('',*,*,#6198,.F.);
#8074=ORIENTED_EDGE('',*,*,#6199,.F.);
#8075=ORIENTED_EDGE('',*,*,#5679,.T.);
#8076=ORIENTED_EDGE('',*,*,#6200,.T.);
#8077=ORIENTED_EDGE('',*,*,#6201,.F.);
#8078=ORIENTED_EDGE('',*,*,#6197,.F.);
#8079=ORIENTED_EDGE('',*,*,#5678,.T.);
#8080=ORIENTED_EDGE('',*,*,#6202,.T.);
#8081=ORIENTED_EDGE('',*,*,#6203,.F.);
#8082=ORIENTED_EDGE('',*,*,#6200,.F.);
#8083=ORIENTED_EDGE('',*,*,#5677,.T.);
#8084=ORIENTED_EDGE('',*,*,#6199,.T.);
#8085=ORIENTED_EDGE('',*,*,#6204,.F.);
#8086=ORIENTED_EDGE('',*,*,#6202,.F.);
#8087=ORIENTED_EDGE('',*,*,#5672,.T.);
#8088=ORIENTED_EDGE('',*,*,#6205,.T.);
#8089=ORIENTED_EDGE('',*,*,#6206,.F.);
#8090=ORIENTED_EDGE('',*,*,#6207,.F.);
#8091=ORIENTED_EDGE('',*,*,#5675,.T.);
#8092=ORIENTED_EDGE('',*,*,#6208,.T.);
#8093=ORIENTED_EDGE('',*,*,#6209,.F.);
#8094=ORIENTED_EDGE('',*,*,#6205,.F.);
#8095=ORIENTED_EDGE('',*,*,#5674,.T.);
#8096=ORIENTED_EDGE('',*,*,#6210,.T.);
#8097=ORIENTED_EDGE('',*,*,#6211,.F.);
#8098=ORIENTED_EDGE('',*,*,#6208,.F.);
#8099=ORIENTED_EDGE('',*,*,#5673,.T.);
#8100=ORIENTED_EDGE('',*,*,#6207,.T.);
#8101=ORIENTED_EDGE('',*,*,#6212,.F.);
#8102=ORIENTED_EDGE('',*,*,#6210,.F.);
#8103=ORIENTED_EDGE('',*,*,#5668,.T.);
#8104=ORIENTED_EDGE('',*,*,#6213,.T.);
#8105=ORIENTED_EDGE('',*,*,#6214,.F.);
#8106=ORIENTED_EDGE('',*,*,#6215,.F.);
#8107=ORIENTED_EDGE('',*,*,#5671,.T.);
#8108=ORIENTED_EDGE('',*,*,#6216,.T.);
#8109=ORIENTED_EDGE('',*,*,#6217,.F.);
#8110=ORIENTED_EDGE('',*,*,#6213,.F.);
#8111=ORIENTED_EDGE('',*,*,#5670,.T.);
#8112=ORIENTED_EDGE('',*,*,#6218,.T.);
#8113=ORIENTED_EDGE('',*,*,#6219,.F.);
#8114=ORIENTED_EDGE('',*,*,#6216,.F.);
#8115=ORIENTED_EDGE('',*,*,#5669,.T.);
#8116=ORIENTED_EDGE('',*,*,#6215,.T.);
#8117=ORIENTED_EDGE('',*,*,#6220,.F.);
#8118=ORIENTED_EDGE('',*,*,#6218,.F.);
#8119=ORIENTED_EDGE('',*,*,#5664,.T.);
#8120=ORIENTED_EDGE('',*,*,#6221,.T.);
#8121=ORIENTED_EDGE('',*,*,#6222,.F.);
#8122=ORIENTED_EDGE('',*,*,#6223,.F.);
#8123=ORIENTED_EDGE('',*,*,#5667,.T.);
#8124=ORIENTED_EDGE('',*,*,#6224,.T.);
#8125=ORIENTED_EDGE('',*,*,#6225,.F.);
#8126=ORIENTED_EDGE('',*,*,#6221,.F.);
#8127=ORIENTED_EDGE('',*,*,#5666,.T.);
#8128=ORIENTED_EDGE('',*,*,#6226,.T.);
#8129=ORIENTED_EDGE('',*,*,#6227,.F.);
#8130=ORIENTED_EDGE('',*,*,#6224,.F.);
#8131=ORIENTED_EDGE('',*,*,#5665,.T.);
#8132=ORIENTED_EDGE('',*,*,#6223,.T.);
#8133=ORIENTED_EDGE('',*,*,#6228,.F.);
#8134=ORIENTED_EDGE('',*,*,#6226,.F.);
#8135=ORIENTED_EDGE('',*,*,#5660,.T.);
#8136=ORIENTED_EDGE('',*,*,#6229,.T.);
#8137=ORIENTED_EDGE('',*,*,#6230,.F.);
#8138=ORIENTED_EDGE('',*,*,#6231,.F.);
#8139=ORIENTED_EDGE('',*,*,#5663,.T.);
#8140=ORIENTED_EDGE('',*,*,#6232,.T.);
#8141=ORIENTED_EDGE('',*,*,#6233,.F.);
#8142=ORIENTED_EDGE('',*,*,#6229,.F.);
#8143=ORIENTED_EDGE('',*,*,#5662,.T.);
#8144=ORIENTED_EDGE('',*,*,#6234,.T.);
#8145=ORIENTED_EDGE('',*,*,#6235,.F.);
#8146=ORIENTED_EDGE('',*,*,#6232,.F.);
#8147=ORIENTED_EDGE('',*,*,#5661,.T.);
#8148=ORIENTED_EDGE('',*,*,#6231,.T.);
#8149=ORIENTED_EDGE('',*,*,#6236,.F.);
#8150=ORIENTED_EDGE('',*,*,#6234,.F.);
#8151=ORIENTED_EDGE('',*,*,#5656,.T.);
#8152=ORIENTED_EDGE('',*,*,#6237,.T.);
#8153=ORIENTED_EDGE('',*,*,#6238,.F.);
#8154=ORIENTED_EDGE('',*,*,#6239,.F.);
#8155=ORIENTED_EDGE('',*,*,#5659,.T.);
#8156=ORIENTED_EDGE('',*,*,#6240,.T.);
#8157=ORIENTED_EDGE('',*,*,#6241,.F.);
#8158=ORIENTED_EDGE('',*,*,#6237,.F.);
#8159=ORIENTED_EDGE('',*,*,#5658,.T.);
#8160=ORIENTED_EDGE('',*,*,#6242,.T.);
#8161=ORIENTED_EDGE('',*,*,#6243,.F.);
#8162=ORIENTED_EDGE('',*,*,#6240,.F.);
#8163=ORIENTED_EDGE('',*,*,#5657,.T.);
#8164=ORIENTED_EDGE('',*,*,#6239,.T.);
#8165=ORIENTED_EDGE('',*,*,#6244,.F.);
#8166=ORIENTED_EDGE('',*,*,#6242,.F.);
#8167=ORIENTED_EDGE('',*,*,#5652,.T.);
#8168=ORIENTED_EDGE('',*,*,#6245,.T.);
#8169=ORIENTED_EDGE('',*,*,#6246,.F.);
#8170=ORIENTED_EDGE('',*,*,#6247,.F.);
#8171=ORIENTED_EDGE('',*,*,#5655,.T.);
#8172=ORIENTED_EDGE('',*,*,#6248,.T.);
#8173=ORIENTED_EDGE('',*,*,#6249,.F.);
#8174=ORIENTED_EDGE('',*,*,#6245,.F.);
#8175=ORIENTED_EDGE('',*,*,#5654,.T.);
#8176=ORIENTED_EDGE('',*,*,#6250,.T.);
#8177=ORIENTED_EDGE('',*,*,#6251,.F.);
#8178=ORIENTED_EDGE('',*,*,#6248,.F.);
#8179=ORIENTED_EDGE('',*,*,#5653,.T.);
#8180=ORIENTED_EDGE('',*,*,#6247,.T.);
#8181=ORIENTED_EDGE('',*,*,#6252,.F.);
#8182=ORIENTED_EDGE('',*,*,#6250,.F.);
#8183=ORIENTED_EDGE('',*,*,#5648,.T.);
#8184=ORIENTED_EDGE('',*,*,#6253,.T.);
#8185=ORIENTED_EDGE('',*,*,#6254,.F.);
#8186=ORIENTED_EDGE('',*,*,#6255,.F.);
#8187=ORIENTED_EDGE('',*,*,#5651,.T.);
#8188=ORIENTED_EDGE('',*,*,#6256,.T.);
#8189=ORIENTED_EDGE('',*,*,#6257,.F.);
#8190=ORIENTED_EDGE('',*,*,#6253,.F.);
#8191=ORIENTED_EDGE('',*,*,#5650,.T.);
#8192=ORIENTED_EDGE('',*,*,#6258,.T.);
#8193=ORIENTED_EDGE('',*,*,#6259,.F.);
#8194=ORIENTED_EDGE('',*,*,#6256,.F.);
#8195=ORIENTED_EDGE('',*,*,#5649,.T.);
#8196=ORIENTED_EDGE('',*,*,#6255,.T.);
#8197=ORIENTED_EDGE('',*,*,#6260,.F.);
#8198=ORIENTED_EDGE('',*,*,#6258,.F.);
#8199=ORIENTED_EDGE('',*,*,#5644,.T.);
#8200=ORIENTED_EDGE('',*,*,#6261,.T.);
#8201=ORIENTED_EDGE('',*,*,#6262,.F.);
#8202=ORIENTED_EDGE('',*,*,#6263,.F.);
#8203=ORIENTED_EDGE('',*,*,#5647,.T.);
#8204=ORIENTED_EDGE('',*,*,#6264,.T.);
#8205=ORIENTED_EDGE('',*,*,#6265,.F.);
#8206=ORIENTED_EDGE('',*,*,#6261,.F.);
#8207=ORIENTED_EDGE('',*,*,#5646,.T.);
#8208=ORIENTED_EDGE('',*,*,#6266,.T.);
#8209=ORIENTED_EDGE('',*,*,#6267,.F.);
#8210=ORIENTED_EDGE('',*,*,#6264,.F.);
#8211=ORIENTED_EDGE('',*,*,#5645,.T.);
#8212=ORIENTED_EDGE('',*,*,#6263,.T.);
#8213=ORIENTED_EDGE('',*,*,#6268,.F.);
#8214=ORIENTED_EDGE('',*,*,#6266,.F.);
#8215=ORIENTED_EDGE('',*,*,#5640,.T.);
#8216=ORIENTED_EDGE('',*,*,#6269,.T.);
#8217=ORIENTED_EDGE('',*,*,#6270,.F.);
#8218=ORIENTED_EDGE('',*,*,#6271,.F.);
#8219=ORIENTED_EDGE('',*,*,#5643,.T.);
#8220=ORIENTED_EDGE('',*,*,#6272,.T.);
#8221=ORIENTED_EDGE('',*,*,#6273,.F.);
#8222=ORIENTED_EDGE('',*,*,#6269,.F.);
#8223=ORIENTED_EDGE('',*,*,#5642,.T.);
#8224=ORIENTED_EDGE('',*,*,#6274,.T.);
#8225=ORIENTED_EDGE('',*,*,#6275,.F.);
#8226=ORIENTED_EDGE('',*,*,#6272,.F.);
#8227=ORIENTED_EDGE('',*,*,#5641,.T.);
#8228=ORIENTED_EDGE('',*,*,#6271,.T.);
#8229=ORIENTED_EDGE('',*,*,#6276,.F.);
#8230=ORIENTED_EDGE('',*,*,#6274,.F.);
#8231=ORIENTED_EDGE('',*,*,#5636,.T.);
#8232=ORIENTED_EDGE('',*,*,#6277,.T.);
#8233=ORIENTED_EDGE('',*,*,#6278,.F.);
#8234=ORIENTED_EDGE('',*,*,#6279,.F.);
#8235=ORIENTED_EDGE('',*,*,#5639,.T.);
#8236=ORIENTED_EDGE('',*,*,#6280,.T.);
#8237=ORIENTED_EDGE('',*,*,#6281,.F.);
#8238=ORIENTED_EDGE('',*,*,#6277,.F.);
#8239=ORIENTED_EDGE('',*,*,#5638,.T.);
#8240=ORIENTED_EDGE('',*,*,#6282,.T.);
#8241=ORIENTED_EDGE('',*,*,#6283,.F.);
#8242=ORIENTED_EDGE('',*,*,#6280,.F.);
#8243=ORIENTED_EDGE('',*,*,#5637,.T.);
#8244=ORIENTED_EDGE('',*,*,#6279,.T.);
#8245=ORIENTED_EDGE('',*,*,#6284,.F.);
#8246=ORIENTED_EDGE('',*,*,#6282,.F.);
#8247=ORIENTED_EDGE('',*,*,#5632,.T.);
#8248=ORIENTED_EDGE('',*,*,#6285,.T.);
#8249=ORIENTED_EDGE('',*,*,#6286,.F.);
#8250=ORIENTED_EDGE('',*,*,#6287,.F.);
#8251=ORIENTED_EDGE('',*,*,#5635,.T.);
#8252=ORIENTED_EDGE('',*,*,#6288,.T.);
#8253=ORIENTED_EDGE('',*,*,#6289,.F.);
#8254=ORIENTED_EDGE('',*,*,#6285,.F.);
#8255=ORIENTED_EDGE('',*,*,#5634,.T.);
#8256=ORIENTED_EDGE('',*,*,#6290,.T.);
#8257=ORIENTED_EDGE('',*,*,#6291,.F.);
#8258=ORIENTED_EDGE('',*,*,#6288,.F.);
#8259=ORIENTED_EDGE('',*,*,#5633,.T.);
#8260=ORIENTED_EDGE('',*,*,#6287,.T.);
#8261=ORIENTED_EDGE('',*,*,#6292,.F.);
#8262=ORIENTED_EDGE('',*,*,#6290,.F.);
#8263=ORIENTED_EDGE('',*,*,#5628,.T.);
#8264=ORIENTED_EDGE('',*,*,#6293,.T.);
#8265=ORIENTED_EDGE('',*,*,#6294,.F.);
#8266=ORIENTED_EDGE('',*,*,#6295,.F.);
#8267=ORIENTED_EDGE('',*,*,#5631,.T.);
#8268=ORIENTED_EDGE('',*,*,#6296,.T.);
#8269=ORIENTED_EDGE('',*,*,#6297,.F.);
#8270=ORIENTED_EDGE('',*,*,#6293,.F.);
#8271=ORIENTED_EDGE('',*,*,#5630,.T.);
#8272=ORIENTED_EDGE('',*,*,#6298,.T.);
#8273=ORIENTED_EDGE('',*,*,#6299,.F.);
#8274=ORIENTED_EDGE('',*,*,#6296,.F.);
#8275=ORIENTED_EDGE('',*,*,#5629,.T.);
#8276=ORIENTED_EDGE('',*,*,#6295,.T.);
#8277=ORIENTED_EDGE('',*,*,#6300,.F.);
#8278=ORIENTED_EDGE('',*,*,#6298,.F.);
#8279=ORIENTED_EDGE('',*,*,#5624,.T.);
#8280=ORIENTED_EDGE('',*,*,#6301,.T.);
#8281=ORIENTED_EDGE('',*,*,#6302,.F.);
#8282=ORIENTED_EDGE('',*,*,#6303,.F.);
#8283=ORIENTED_EDGE('',*,*,#5627,.T.);
#8284=ORIENTED_EDGE('',*,*,#6304,.T.);
#8285=ORIENTED_EDGE('',*,*,#6305,.F.);
#8286=ORIENTED_EDGE('',*,*,#6301,.F.);
#8287=ORIENTED_EDGE('',*,*,#5626,.T.);
#8288=ORIENTED_EDGE('',*,*,#6306,.T.);
#8289=ORIENTED_EDGE('',*,*,#6307,.F.);
#8290=ORIENTED_EDGE('',*,*,#6304,.F.);
#8291=ORIENTED_EDGE('',*,*,#5625,.T.);
#8292=ORIENTED_EDGE('',*,*,#6303,.T.);
#8293=ORIENTED_EDGE('',*,*,#6308,.F.);
#8294=ORIENTED_EDGE('',*,*,#6306,.F.);
#8295=ORIENTED_EDGE('',*,*,#5580,.T.);
#8296=ORIENTED_EDGE('',*,*,#6309,.T.);
#8297=ORIENTED_EDGE('',*,*,#6310,.F.);
#8298=ORIENTED_EDGE('',*,*,#6311,.F.);
#8299=ORIENTED_EDGE('',*,*,#5623,.T.);
#8300=ORIENTED_EDGE('',*,*,#6312,.T.);
#8301=ORIENTED_EDGE('',*,*,#6313,.F.);
#8302=ORIENTED_EDGE('',*,*,#6309,.F.);
#8303=ORIENTED_EDGE('',*,*,#5622,.T.);
#8304=ORIENTED_EDGE('',*,*,#6314,.T.);
#8305=ORIENTED_EDGE('',*,*,#6315,.F.);
#8306=ORIENTED_EDGE('',*,*,#6312,.F.);
#8307=ORIENTED_EDGE('',*,*,#5621,.T.);
#8308=ORIENTED_EDGE('',*,*,#6316,.T.);
#8309=ORIENTED_EDGE('',*,*,#6317,.F.);
#8310=ORIENTED_EDGE('',*,*,#6314,.F.);
#8311=ORIENTED_EDGE('',*,*,#5620,.T.);
#8312=ORIENTED_EDGE('',*,*,#6318,.T.);
#8313=ORIENTED_EDGE('',*,*,#6319,.F.);
#8314=ORIENTED_EDGE('',*,*,#6316,.F.);
#8315=ORIENTED_EDGE('',*,*,#5619,.T.);
#8316=ORIENTED_EDGE('',*,*,#6320,.T.);
#8317=ORIENTED_EDGE('',*,*,#6321,.F.);
#8318=ORIENTED_EDGE('',*,*,#6318,.F.);
#8319=ORIENTED_EDGE('',*,*,#5618,.T.);
#8320=ORIENTED_EDGE('',*,*,#6322,.T.);
#8321=ORIENTED_EDGE('',*,*,#6323,.F.);
#8322=ORIENTED_EDGE('',*,*,#6320,.F.);
#8323=ORIENTED_EDGE('',*,*,#5617,.T.);
#8324=ORIENTED_EDGE('',*,*,#6324,.T.);
#8325=ORIENTED_EDGE('',*,*,#6325,.F.);
#8326=ORIENTED_EDGE('',*,*,#6322,.F.);
#8327=ORIENTED_EDGE('',*,*,#5616,.T.);
#8328=ORIENTED_EDGE('',*,*,#6326,.T.);
#8329=ORIENTED_EDGE('',*,*,#6327,.F.);
#8330=ORIENTED_EDGE('',*,*,#6324,.F.);
#8331=ORIENTED_EDGE('',*,*,#5615,.T.);
#8332=ORIENTED_EDGE('',*,*,#6328,.T.);
#8333=ORIENTED_EDGE('',*,*,#6329,.F.);
#8334=ORIENTED_EDGE('',*,*,#6326,.F.);
#8335=ORIENTED_EDGE('',*,*,#5614,.T.);
#8336=ORIENTED_EDGE('',*,*,#6330,.T.);
#8337=ORIENTED_EDGE('',*,*,#6331,.F.);
#8338=ORIENTED_EDGE('',*,*,#6328,.F.);
#8339=ORIENTED_EDGE('',*,*,#5613,.T.);
#8340=ORIENTED_EDGE('',*,*,#6332,.T.);
#8341=ORIENTED_EDGE('',*,*,#6333,.F.);
#8342=ORIENTED_EDGE('',*,*,#6330,.F.);
#8343=ORIENTED_EDGE('',*,*,#5612,.T.);
#8344=ORIENTED_EDGE('',*,*,#6334,.T.);
#8345=ORIENTED_EDGE('',*,*,#6335,.F.);
#8346=ORIENTED_EDGE('',*,*,#6332,.F.);
#8347=ORIENTED_EDGE('',*,*,#5611,.T.);
#8348=ORIENTED_EDGE('',*,*,#6336,.T.);
#8349=ORIENTED_EDGE('',*,*,#6337,.F.);
#8350=ORIENTED_EDGE('',*,*,#6334,.F.);
#8351=ORIENTED_EDGE('',*,*,#5610,.T.);
#8352=ORIENTED_EDGE('',*,*,#6338,.T.);
#8353=ORIENTED_EDGE('',*,*,#6339,.F.);
#8354=ORIENTED_EDGE('',*,*,#6336,.F.);
#8355=ORIENTED_EDGE('',*,*,#5609,.T.);
#8356=ORIENTED_EDGE('',*,*,#6340,.T.);
#8357=ORIENTED_EDGE('',*,*,#6341,.F.);
#8358=ORIENTED_EDGE('',*,*,#6338,.F.);
#8359=ORIENTED_EDGE('',*,*,#5608,.T.);
#8360=ORIENTED_EDGE('',*,*,#6342,.T.);
#8361=ORIENTED_EDGE('',*,*,#6343,.F.);
#8362=ORIENTED_EDGE('',*,*,#6340,.F.);
#8363=ORIENTED_EDGE('',*,*,#5607,.T.);
#8364=ORIENTED_EDGE('',*,*,#6344,.T.);
#8365=ORIENTED_EDGE('',*,*,#6345,.F.);
#8366=ORIENTED_EDGE('',*,*,#6342,.F.);
#8367=ORIENTED_EDGE('',*,*,#5606,.T.);
#8368=ORIENTED_EDGE('',*,*,#6346,.T.);
#8369=ORIENTED_EDGE('',*,*,#6347,.F.);
#8370=ORIENTED_EDGE('',*,*,#6344,.F.);
#8371=ORIENTED_EDGE('',*,*,#5605,.T.);
#8372=ORIENTED_EDGE('',*,*,#6348,.T.);
#8373=ORIENTED_EDGE('',*,*,#6349,.F.);
#8374=ORIENTED_EDGE('',*,*,#6346,.F.);
#8375=ORIENTED_EDGE('',*,*,#5604,.T.);
#8376=ORIENTED_EDGE('',*,*,#6350,.T.);
#8377=ORIENTED_EDGE('',*,*,#6351,.F.);
#8378=ORIENTED_EDGE('',*,*,#6348,.F.);
#8379=ORIENTED_EDGE('',*,*,#5603,.T.);
#8380=ORIENTED_EDGE('',*,*,#6352,.T.);
#8381=ORIENTED_EDGE('',*,*,#6353,.F.);
#8382=ORIENTED_EDGE('',*,*,#6350,.F.);
#8383=ORIENTED_EDGE('',*,*,#5602,.T.);
#8384=ORIENTED_EDGE('',*,*,#6354,.T.);
#8385=ORIENTED_EDGE('',*,*,#6355,.F.);
#8386=ORIENTED_EDGE('',*,*,#6352,.F.);
#8387=ORIENTED_EDGE('',*,*,#5601,.T.);
#8388=ORIENTED_EDGE('',*,*,#6356,.T.);
#8389=ORIENTED_EDGE('',*,*,#6357,.F.);
#8390=ORIENTED_EDGE('',*,*,#6354,.F.);
#8391=ORIENTED_EDGE('',*,*,#5600,.T.);
#8392=ORIENTED_EDGE('',*,*,#6358,.T.);
#8393=ORIENTED_EDGE('',*,*,#6359,.F.);
#8394=ORIENTED_EDGE('',*,*,#6356,.F.);
#8395=ORIENTED_EDGE('',*,*,#5599,.T.);
#8396=ORIENTED_EDGE('',*,*,#6360,.T.);
#8397=ORIENTED_EDGE('',*,*,#6361,.F.);
#8398=ORIENTED_EDGE('',*,*,#6358,.F.);
#8399=ORIENTED_EDGE('',*,*,#5598,.T.);
#8400=ORIENTED_EDGE('',*,*,#6362,.T.);
#8401=ORIENTED_EDGE('',*,*,#6363,.F.);
#8402=ORIENTED_EDGE('',*,*,#6360,.F.);
#8403=ORIENTED_EDGE('',*,*,#5597,.T.);
#8404=ORIENTED_EDGE('',*,*,#6364,.T.);
#8405=ORIENTED_EDGE('',*,*,#6365,.F.);
#8406=ORIENTED_EDGE('',*,*,#6362,.F.);
#8407=ORIENTED_EDGE('',*,*,#5596,.T.);
#8408=ORIENTED_EDGE('',*,*,#6366,.T.);
#8409=ORIENTED_EDGE('',*,*,#6367,.F.);
#8410=ORIENTED_EDGE('',*,*,#6364,.F.);
#8411=ORIENTED_EDGE('',*,*,#5595,.T.);
#8412=ORIENTED_EDGE('',*,*,#6368,.T.);
#8413=ORIENTED_EDGE('',*,*,#6369,.F.);
#8414=ORIENTED_EDGE('',*,*,#6366,.F.);
#8415=ORIENTED_EDGE('',*,*,#5594,.T.);
#8416=ORIENTED_EDGE('',*,*,#6370,.T.);
#8417=ORIENTED_EDGE('',*,*,#6371,.F.);
#8418=ORIENTED_EDGE('',*,*,#6368,.F.);
#8419=ORIENTED_EDGE('',*,*,#5593,.T.);
#8420=ORIENTED_EDGE('',*,*,#6372,.T.);
#8421=ORIENTED_EDGE('',*,*,#6373,.F.);
#8422=ORIENTED_EDGE('',*,*,#6370,.F.);
#8423=ORIENTED_EDGE('',*,*,#5592,.T.);
#8424=ORIENTED_EDGE('',*,*,#6374,.T.);
#8425=ORIENTED_EDGE('',*,*,#6375,.F.);
#8426=ORIENTED_EDGE('',*,*,#6372,.F.);
#8427=ORIENTED_EDGE('',*,*,#5591,.T.);
#8428=ORIENTED_EDGE('',*,*,#6376,.T.);
#8429=ORIENTED_EDGE('',*,*,#6377,.F.);
#8430=ORIENTED_EDGE('',*,*,#6374,.F.);
#8431=ORIENTED_EDGE('',*,*,#5590,.T.);
#8432=ORIENTED_EDGE('',*,*,#6378,.T.);
#8433=ORIENTED_EDGE('',*,*,#6379,.F.);
#8434=ORIENTED_EDGE('',*,*,#6376,.F.);
#8435=ORIENTED_EDGE('',*,*,#5589,.T.);
#8436=ORIENTED_EDGE('',*,*,#6380,.T.);
#8437=ORIENTED_EDGE('',*,*,#6381,.F.);
#8438=ORIENTED_EDGE('',*,*,#6378,.F.);
#8439=ORIENTED_EDGE('',*,*,#5588,.T.);
#8440=ORIENTED_EDGE('',*,*,#6382,.T.);
#8441=ORIENTED_EDGE('',*,*,#6383,.F.);
#8442=ORIENTED_EDGE('',*,*,#6380,.F.);
#8443=ORIENTED_EDGE('',*,*,#5587,.T.);
#8444=ORIENTED_EDGE('',*,*,#6384,.T.);
#8445=ORIENTED_EDGE('',*,*,#6385,.F.);
#8446=ORIENTED_EDGE('',*,*,#6382,.F.);
#8447=ORIENTED_EDGE('',*,*,#5586,.T.);
#8448=ORIENTED_EDGE('',*,*,#6386,.T.);
#8449=ORIENTED_EDGE('',*,*,#6387,.F.);
#8450=ORIENTED_EDGE('',*,*,#6384,.F.);
#8451=ORIENTED_EDGE('',*,*,#5585,.T.);
#8452=ORIENTED_EDGE('',*,*,#6388,.T.);
#8453=ORIENTED_EDGE('',*,*,#6389,.F.);
#8454=ORIENTED_EDGE('',*,*,#6386,.F.);
#8455=ORIENTED_EDGE('',*,*,#5584,.T.);
#8456=ORIENTED_EDGE('',*,*,#6390,.T.);
#8457=ORIENTED_EDGE('',*,*,#6391,.F.);
#8458=ORIENTED_EDGE('',*,*,#6388,.F.);
#8459=ORIENTED_EDGE('',*,*,#5583,.T.);
#8460=ORIENTED_EDGE('',*,*,#6392,.T.);
#8461=ORIENTED_EDGE('',*,*,#6393,.F.);
#8462=ORIENTED_EDGE('',*,*,#6390,.F.);
#8463=ORIENTED_EDGE('',*,*,#5582,.T.);
#8464=ORIENTED_EDGE('',*,*,#6394,.T.);
#8465=ORIENTED_EDGE('',*,*,#6395,.F.);
#8466=ORIENTED_EDGE('',*,*,#6392,.F.);
#8467=ORIENTED_EDGE('',*,*,#5581,.T.);
#8468=ORIENTED_EDGE('',*,*,#6311,.T.);
#8469=ORIENTED_EDGE('',*,*,#6396,.F.);
#8470=ORIENTED_EDGE('',*,*,#6394,.F.);
#8471=ORIENTED_EDGE('',*,*,#5576,.T.);
#8472=ORIENTED_EDGE('',*,*,#6397,.T.);
#8473=ORIENTED_EDGE('',*,*,#6398,.F.);
#8474=ORIENTED_EDGE('',*,*,#6399,.F.);
#8475=ORIENTED_EDGE('',*,*,#5579,.T.);
#8476=ORIENTED_EDGE('',*,*,#6400,.T.);
#8477=ORIENTED_EDGE('',*,*,#6401,.F.);
#8478=ORIENTED_EDGE('',*,*,#6397,.F.);
#8479=ORIENTED_EDGE('',*,*,#5578,.T.);
#8480=ORIENTED_EDGE('',*,*,#6402,.T.);
#8481=ORIENTED_EDGE('',*,*,#6403,.F.);
#8482=ORIENTED_EDGE('',*,*,#6400,.F.);
#8483=ORIENTED_EDGE('',*,*,#5577,.T.);
#8484=ORIENTED_EDGE('',*,*,#6399,.T.);
#8485=ORIENTED_EDGE('',*,*,#6404,.F.);
#8486=ORIENTED_EDGE('',*,*,#6402,.F.);
#8487=ORIENTED_EDGE('',*,*,#5572,.T.);
#8488=ORIENTED_EDGE('',*,*,#6405,.T.);
#8489=ORIENTED_EDGE('',*,*,#6406,.F.);
#8490=ORIENTED_EDGE('',*,*,#6407,.F.);
#8491=ORIENTED_EDGE('',*,*,#5575,.T.);
#8492=ORIENTED_EDGE('',*,*,#6408,.T.);
#8493=ORIENTED_EDGE('',*,*,#6409,.F.);
#8494=ORIENTED_EDGE('',*,*,#6405,.F.);
#8495=ORIENTED_EDGE('',*,*,#5574,.T.);
#8496=ORIENTED_EDGE('',*,*,#6410,.T.);
#8497=ORIENTED_EDGE('',*,*,#6411,.F.);
#8498=ORIENTED_EDGE('',*,*,#6408,.F.);
#8499=ORIENTED_EDGE('',*,*,#5573,.T.);
#8500=ORIENTED_EDGE('',*,*,#6407,.T.);
#8501=ORIENTED_EDGE('',*,*,#6412,.F.);
#8502=ORIENTED_EDGE('',*,*,#6410,.F.);
#8503=ORIENTED_EDGE('',*,*,#5568,.T.);
#8504=ORIENTED_EDGE('',*,*,#6413,.T.);
#8505=ORIENTED_EDGE('',*,*,#6414,.F.);
#8506=ORIENTED_EDGE('',*,*,#6415,.F.);
#8507=ORIENTED_EDGE('',*,*,#5571,.T.);
#8508=ORIENTED_EDGE('',*,*,#6416,.T.);
#8509=ORIENTED_EDGE('',*,*,#6417,.F.);
#8510=ORIENTED_EDGE('',*,*,#6413,.F.);
#8511=ORIENTED_EDGE('',*,*,#5570,.T.);
#8512=ORIENTED_EDGE('',*,*,#6418,.T.);
#8513=ORIENTED_EDGE('',*,*,#6419,.F.);
#8514=ORIENTED_EDGE('',*,*,#6416,.F.);
#8515=ORIENTED_EDGE('',*,*,#5569,.T.);
#8516=ORIENTED_EDGE('',*,*,#6415,.T.);
#8517=ORIENTED_EDGE('',*,*,#6420,.F.);
#8518=ORIENTED_EDGE('',*,*,#6418,.F.);
#8519=ORIENTED_EDGE('',*,*,#5524,.T.);
#8520=ORIENTED_EDGE('',*,*,#6421,.T.);
#8521=ORIENTED_EDGE('',*,*,#6422,.F.);
#8522=ORIENTED_EDGE('',*,*,#6423,.F.);
#8523=ORIENTED_EDGE('',*,*,#5567,.T.);
#8524=ORIENTED_EDGE('',*,*,#6424,.T.);
#8525=ORIENTED_EDGE('',*,*,#6425,.F.);
#8526=ORIENTED_EDGE('',*,*,#6421,.F.);
#8527=ORIENTED_EDGE('',*,*,#5566,.T.);
#8528=ORIENTED_EDGE('',*,*,#6426,.T.);
#8529=ORIENTED_EDGE('',*,*,#6427,.F.);
#8530=ORIENTED_EDGE('',*,*,#6424,.F.);
#8531=ORIENTED_EDGE('',*,*,#5565,.T.);
#8532=ORIENTED_EDGE('',*,*,#6428,.T.);
#8533=ORIENTED_EDGE('',*,*,#6429,.F.);
#8534=ORIENTED_EDGE('',*,*,#6426,.F.);
#8535=ORIENTED_EDGE('',*,*,#5564,.T.);
#8536=ORIENTED_EDGE('',*,*,#6430,.T.);
#8537=ORIENTED_EDGE('',*,*,#6431,.F.);
#8538=ORIENTED_EDGE('',*,*,#6428,.F.);
#8539=ORIENTED_EDGE('',*,*,#5563,.T.);
#8540=ORIENTED_EDGE('',*,*,#6432,.T.);
#8541=ORIENTED_EDGE('',*,*,#6433,.F.);
#8542=ORIENTED_EDGE('',*,*,#6430,.F.);
#8543=ORIENTED_EDGE('',*,*,#5562,.T.);
#8544=ORIENTED_EDGE('',*,*,#6434,.T.);
#8545=ORIENTED_EDGE('',*,*,#6435,.F.);
#8546=ORIENTED_EDGE('',*,*,#6432,.F.);
#8547=ORIENTED_EDGE('',*,*,#5561,.T.);
#8548=ORIENTED_EDGE('',*,*,#6436,.T.);
#8549=ORIENTED_EDGE('',*,*,#6437,.F.);
#8550=ORIENTED_EDGE('',*,*,#6434,.F.);
#8551=ORIENTED_EDGE('',*,*,#5560,.T.);
#8552=ORIENTED_EDGE('',*,*,#6438,.T.);
#8553=ORIENTED_EDGE('',*,*,#6439,.F.);
#8554=ORIENTED_EDGE('',*,*,#6436,.F.);
#8555=ORIENTED_EDGE('',*,*,#5559,.T.);
#8556=ORIENTED_EDGE('',*,*,#6440,.T.);
#8557=ORIENTED_EDGE('',*,*,#6441,.F.);
#8558=ORIENTED_EDGE('',*,*,#6438,.F.);
#8559=ORIENTED_EDGE('',*,*,#5558,.T.);
#8560=ORIENTED_EDGE('',*,*,#6442,.T.);
#8561=ORIENTED_EDGE('',*,*,#6443,.F.);
#8562=ORIENTED_EDGE('',*,*,#6440,.F.);
#8563=ORIENTED_EDGE('',*,*,#5557,.T.);
#8564=ORIENTED_EDGE('',*,*,#6444,.T.);
#8565=ORIENTED_EDGE('',*,*,#6445,.F.);
#8566=ORIENTED_EDGE('',*,*,#6442,.F.);
#8567=ORIENTED_EDGE('',*,*,#5556,.T.);
#8568=ORIENTED_EDGE('',*,*,#6446,.T.);
#8569=ORIENTED_EDGE('',*,*,#6447,.F.);
#8570=ORIENTED_EDGE('',*,*,#6444,.F.);
#8571=ORIENTED_EDGE('',*,*,#5555,.T.);
#8572=ORIENTED_EDGE('',*,*,#6448,.T.);
#8573=ORIENTED_EDGE('',*,*,#6449,.F.);
#8574=ORIENTED_EDGE('',*,*,#6446,.F.);
#8575=ORIENTED_EDGE('',*,*,#5554,.T.);
#8576=ORIENTED_EDGE('',*,*,#6450,.T.);
#8577=ORIENTED_EDGE('',*,*,#6451,.F.);
#8578=ORIENTED_EDGE('',*,*,#6448,.F.);
#8579=ORIENTED_EDGE('',*,*,#5553,.T.);
#8580=ORIENTED_EDGE('',*,*,#6452,.T.);
#8581=ORIENTED_EDGE('',*,*,#6453,.F.);
#8582=ORIENTED_EDGE('',*,*,#6450,.F.);
#8583=ORIENTED_EDGE('',*,*,#5552,.T.);
#8584=ORIENTED_EDGE('',*,*,#6454,.T.);
#8585=ORIENTED_EDGE('',*,*,#6455,.F.);
#8586=ORIENTED_EDGE('',*,*,#6452,.F.);
#8587=ORIENTED_EDGE('',*,*,#5551,.T.);
#8588=ORIENTED_EDGE('',*,*,#6456,.T.);
#8589=ORIENTED_EDGE('',*,*,#6457,.F.);
#8590=ORIENTED_EDGE('',*,*,#6454,.F.);
#8591=ORIENTED_EDGE('',*,*,#5550,.T.);
#8592=ORIENTED_EDGE('',*,*,#6458,.T.);
#8593=ORIENTED_EDGE('',*,*,#6459,.F.);
#8594=ORIENTED_EDGE('',*,*,#6456,.F.);
#8595=ORIENTED_EDGE('',*,*,#5549,.T.);
#8596=ORIENTED_EDGE('',*,*,#6460,.T.);
#8597=ORIENTED_EDGE('',*,*,#6461,.F.);
#8598=ORIENTED_EDGE('',*,*,#6458,.F.);
#8599=ORIENTED_EDGE('',*,*,#5548,.T.);
#8600=ORIENTED_EDGE('',*,*,#6462,.T.);
#8601=ORIENTED_EDGE('',*,*,#6463,.F.);
#8602=ORIENTED_EDGE('',*,*,#6460,.F.);
#8603=ORIENTED_EDGE('',*,*,#5547,.T.);
#8604=ORIENTED_EDGE('',*,*,#6464,.T.);
#8605=ORIENTED_EDGE('',*,*,#6465,.F.);
#8606=ORIENTED_EDGE('',*,*,#6462,.F.);
#8607=ORIENTED_EDGE('',*,*,#5546,.T.);
#8608=ORIENTED_EDGE('',*,*,#6466,.T.);
#8609=ORIENTED_EDGE('',*,*,#6467,.F.);
#8610=ORIENTED_EDGE('',*,*,#6464,.F.);
#8611=ORIENTED_EDGE('',*,*,#5545,.T.);
#8612=ORIENTED_EDGE('',*,*,#6468,.T.);
#8613=ORIENTED_EDGE('',*,*,#6469,.F.);
#8614=ORIENTED_EDGE('',*,*,#6466,.F.);
#8615=ORIENTED_EDGE('',*,*,#5544,.T.);
#8616=ORIENTED_EDGE('',*,*,#6470,.T.);
#8617=ORIENTED_EDGE('',*,*,#6471,.F.);
#8618=ORIENTED_EDGE('',*,*,#6468,.F.);
#8619=ORIENTED_EDGE('',*,*,#5543,.T.);
#8620=ORIENTED_EDGE('',*,*,#6472,.T.);
#8621=ORIENTED_EDGE('',*,*,#6473,.F.);
#8622=ORIENTED_EDGE('',*,*,#6470,.F.);
#8623=ORIENTED_EDGE('',*,*,#5542,.T.);
#8624=ORIENTED_EDGE('',*,*,#6474,.T.);
#8625=ORIENTED_EDGE('',*,*,#6475,.F.);
#8626=ORIENTED_EDGE('',*,*,#6472,.F.);
#8627=ORIENTED_EDGE('',*,*,#5541,.T.);
#8628=ORIENTED_EDGE('',*,*,#6476,.T.);
#8629=ORIENTED_EDGE('',*,*,#6477,.F.);
#8630=ORIENTED_EDGE('',*,*,#6474,.F.);
#8631=ORIENTED_EDGE('',*,*,#5540,.T.);
#8632=ORIENTED_EDGE('',*,*,#6478,.T.);
#8633=ORIENTED_EDGE('',*,*,#6479,.F.);
#8634=ORIENTED_EDGE('',*,*,#6476,.F.);
#8635=ORIENTED_EDGE('',*,*,#5539,.T.);
#8636=ORIENTED_EDGE('',*,*,#6480,.T.);
#8637=ORIENTED_EDGE('',*,*,#6481,.F.);
#8638=ORIENTED_EDGE('',*,*,#6478,.F.);
#8639=ORIENTED_EDGE('',*,*,#5538,.T.);
#8640=ORIENTED_EDGE('',*,*,#6482,.T.);
#8641=ORIENTED_EDGE('',*,*,#6483,.F.);
#8642=ORIENTED_EDGE('',*,*,#6480,.F.);
#8643=ORIENTED_EDGE('',*,*,#5537,.T.);
#8644=ORIENTED_EDGE('',*,*,#6484,.T.);
#8645=ORIENTED_EDGE('',*,*,#6485,.F.);
#8646=ORIENTED_EDGE('',*,*,#6482,.F.);
#8647=ORIENTED_EDGE('',*,*,#5536,.T.);
#8648=ORIENTED_EDGE('',*,*,#6486,.T.);
#8649=ORIENTED_EDGE('',*,*,#6487,.F.);
#8650=ORIENTED_EDGE('',*,*,#6484,.F.);
#8651=ORIENTED_EDGE('',*,*,#5535,.T.);
#8652=ORIENTED_EDGE('',*,*,#6488,.T.);
#8653=ORIENTED_EDGE('',*,*,#6489,.F.);
#8654=ORIENTED_EDGE('',*,*,#6486,.F.);
#8655=ORIENTED_EDGE('',*,*,#5534,.T.);
#8656=ORIENTED_EDGE('',*,*,#6490,.T.);
#8657=ORIENTED_EDGE('',*,*,#6491,.F.);
#8658=ORIENTED_EDGE('',*,*,#6488,.F.);
#8659=ORIENTED_EDGE('',*,*,#5533,.T.);
#8660=ORIENTED_EDGE('',*,*,#6492,.T.);
#8661=ORIENTED_EDGE('',*,*,#6493,.F.);
#8662=ORIENTED_EDGE('',*,*,#6490,.F.);
#8663=ORIENTED_EDGE('',*,*,#5532,.T.);
#8664=ORIENTED_EDGE('',*,*,#6494,.T.);
#8665=ORIENTED_EDGE('',*,*,#6495,.F.);
#8666=ORIENTED_EDGE('',*,*,#6492,.F.);
#8667=ORIENTED_EDGE('',*,*,#5531,.T.);
#8668=ORIENTED_EDGE('',*,*,#6496,.T.);
#8669=ORIENTED_EDGE('',*,*,#6497,.F.);
#8670=ORIENTED_EDGE('',*,*,#6494,.F.);
#8671=ORIENTED_EDGE('',*,*,#5530,.T.);
#8672=ORIENTED_EDGE('',*,*,#6498,.T.);
#8673=ORIENTED_EDGE('',*,*,#6499,.F.);
#8674=ORIENTED_EDGE('',*,*,#6496,.F.);
#8675=ORIENTED_EDGE('',*,*,#5529,.T.);
#8676=ORIENTED_EDGE('',*,*,#6500,.T.);
#8677=ORIENTED_EDGE('',*,*,#6501,.F.);
#8678=ORIENTED_EDGE('',*,*,#6498,.F.);
#8679=ORIENTED_EDGE('',*,*,#5528,.T.);
#8680=ORIENTED_EDGE('',*,*,#6502,.T.);
#8681=ORIENTED_EDGE('',*,*,#6503,.F.);
#8682=ORIENTED_EDGE('',*,*,#6500,.F.);
#8683=ORIENTED_EDGE('',*,*,#5527,.T.);
#8684=ORIENTED_EDGE('',*,*,#6504,.T.);
#8685=ORIENTED_EDGE('',*,*,#6505,.F.);
#8686=ORIENTED_EDGE('',*,*,#6502,.F.);
#8687=ORIENTED_EDGE('',*,*,#5526,.T.);
#8688=ORIENTED_EDGE('',*,*,#6506,.T.);
#8689=ORIENTED_EDGE('',*,*,#6507,.F.);
#8690=ORIENTED_EDGE('',*,*,#6504,.F.);
#8691=ORIENTED_EDGE('',*,*,#5525,.T.);
#8692=ORIENTED_EDGE('',*,*,#6423,.T.);
#8693=ORIENTED_EDGE('',*,*,#6508,.F.);
#8694=ORIENTED_EDGE('',*,*,#6506,.F.);
#8695=ORIENTED_EDGE('',*,*,#5520,.T.);
#8696=ORIENTED_EDGE('',*,*,#6509,.T.);
#8697=ORIENTED_EDGE('',*,*,#6510,.F.);
#8698=ORIENTED_EDGE('',*,*,#6511,.F.);
#8699=ORIENTED_EDGE('',*,*,#5523,.T.);
#8700=ORIENTED_EDGE('',*,*,#6512,.T.);
#8701=ORIENTED_EDGE('',*,*,#6513,.F.);
#8702=ORIENTED_EDGE('',*,*,#6509,.F.);
#8703=ORIENTED_EDGE('',*,*,#5522,.T.);
#8704=ORIENTED_EDGE('',*,*,#6514,.T.);
#8705=ORIENTED_EDGE('',*,*,#6515,.F.);
#8706=ORIENTED_EDGE('',*,*,#6512,.F.);
#8707=ORIENTED_EDGE('',*,*,#5521,.T.);
#8708=ORIENTED_EDGE('',*,*,#6511,.T.);
#8709=ORIENTED_EDGE('',*,*,#6516,.F.);
#8710=ORIENTED_EDGE('',*,*,#6514,.F.);
#8711=ORIENTED_EDGE('',*,*,#5476,.T.);
#8712=ORIENTED_EDGE('',*,*,#6517,.T.);
#8713=ORIENTED_EDGE('',*,*,#6518,.F.);
#8714=ORIENTED_EDGE('',*,*,#6519,.F.);
#8715=ORIENTED_EDGE('',*,*,#5519,.T.);
#8716=ORIENTED_EDGE('',*,*,#6520,.T.);
#8717=ORIENTED_EDGE('',*,*,#6521,.F.);
#8718=ORIENTED_EDGE('',*,*,#6517,.F.);
#8719=ORIENTED_EDGE('',*,*,#5518,.T.);
#8720=ORIENTED_EDGE('',*,*,#6522,.T.);
#8721=ORIENTED_EDGE('',*,*,#6523,.F.);
#8722=ORIENTED_EDGE('',*,*,#6520,.F.);
#8723=ORIENTED_EDGE('',*,*,#5517,.T.);
#8724=ORIENTED_EDGE('',*,*,#6524,.T.);
#8725=ORIENTED_EDGE('',*,*,#6525,.F.);
#8726=ORIENTED_EDGE('',*,*,#6522,.F.);
#8727=ORIENTED_EDGE('',*,*,#5516,.T.);
#8728=ORIENTED_EDGE('',*,*,#6526,.T.);
#8729=ORIENTED_EDGE('',*,*,#6527,.F.);
#8730=ORIENTED_EDGE('',*,*,#6524,.F.);
#8731=ORIENTED_EDGE('',*,*,#5515,.T.);
#8732=ORIENTED_EDGE('',*,*,#6528,.T.);
#8733=ORIENTED_EDGE('',*,*,#6529,.F.);
#8734=ORIENTED_EDGE('',*,*,#6526,.F.);
#8735=ORIENTED_EDGE('',*,*,#5514,.T.);
#8736=ORIENTED_EDGE('',*,*,#6530,.T.);
#8737=ORIENTED_EDGE('',*,*,#6531,.F.);
#8738=ORIENTED_EDGE('',*,*,#6528,.F.);
#8739=ORIENTED_EDGE('',*,*,#5513,.T.);
#8740=ORIENTED_EDGE('',*,*,#6532,.T.);
#8741=ORIENTED_EDGE('',*,*,#6533,.F.);
#8742=ORIENTED_EDGE('',*,*,#6530,.F.);
#8743=ORIENTED_EDGE('',*,*,#5512,.T.);
#8744=ORIENTED_EDGE('',*,*,#6534,.T.);
#8745=ORIENTED_EDGE('',*,*,#6535,.F.);
#8746=ORIENTED_EDGE('',*,*,#6532,.F.);
#8747=ORIENTED_EDGE('',*,*,#5511,.T.);
#8748=ORIENTED_EDGE('',*,*,#6536,.T.);
#8749=ORIENTED_EDGE('',*,*,#6537,.F.);
#8750=ORIENTED_EDGE('',*,*,#6534,.F.);
#8751=ORIENTED_EDGE('',*,*,#5510,.T.);
#8752=ORIENTED_EDGE('',*,*,#6538,.T.);
#8753=ORIENTED_EDGE('',*,*,#6539,.F.);
#8754=ORIENTED_EDGE('',*,*,#6536,.F.);
#8755=ORIENTED_EDGE('',*,*,#5509,.T.);
#8756=ORIENTED_EDGE('',*,*,#6540,.T.);
#8757=ORIENTED_EDGE('',*,*,#6541,.F.);
#8758=ORIENTED_EDGE('',*,*,#6538,.F.);
#8759=ORIENTED_EDGE('',*,*,#5508,.T.);
#8760=ORIENTED_EDGE('',*,*,#6542,.T.);
#8761=ORIENTED_EDGE('',*,*,#6543,.F.);
#8762=ORIENTED_EDGE('',*,*,#6540,.F.);
#8763=ORIENTED_EDGE('',*,*,#5507,.T.);
#8764=ORIENTED_EDGE('',*,*,#6544,.T.);
#8765=ORIENTED_EDGE('',*,*,#6545,.F.);
#8766=ORIENTED_EDGE('',*,*,#6542,.F.);
#8767=ORIENTED_EDGE('',*,*,#5506,.T.);
#8768=ORIENTED_EDGE('',*,*,#6546,.T.);
#8769=ORIENTED_EDGE('',*,*,#6547,.F.);
#8770=ORIENTED_EDGE('',*,*,#6544,.F.);
#8771=ORIENTED_EDGE('',*,*,#5505,.T.);
#8772=ORIENTED_EDGE('',*,*,#6548,.T.);
#8773=ORIENTED_EDGE('',*,*,#6549,.F.);
#8774=ORIENTED_EDGE('',*,*,#6546,.F.);
#8775=ORIENTED_EDGE('',*,*,#5504,.T.);
#8776=ORIENTED_EDGE('',*,*,#6550,.T.);
#8777=ORIENTED_EDGE('',*,*,#6551,.F.);
#8778=ORIENTED_EDGE('',*,*,#6548,.F.);
#8779=ORIENTED_EDGE('',*,*,#5503,.T.);
#8780=ORIENTED_EDGE('',*,*,#6552,.T.);
#8781=ORIENTED_EDGE('',*,*,#6553,.F.);
#8782=ORIENTED_EDGE('',*,*,#6550,.F.);
#8783=ORIENTED_EDGE('',*,*,#5502,.T.);
#8784=ORIENTED_EDGE('',*,*,#6554,.T.);
#8785=ORIENTED_EDGE('',*,*,#6555,.F.);
#8786=ORIENTED_EDGE('',*,*,#6552,.F.);
#8787=ORIENTED_EDGE('',*,*,#5501,.T.);
#8788=ORIENTED_EDGE('',*,*,#6556,.T.);
#8789=ORIENTED_EDGE('',*,*,#6557,.F.);
#8790=ORIENTED_EDGE('',*,*,#6554,.F.);
#8791=ORIENTED_EDGE('',*,*,#5500,.T.);
#8792=ORIENTED_EDGE('',*,*,#6558,.T.);
#8793=ORIENTED_EDGE('',*,*,#6559,.F.);
#8794=ORIENTED_EDGE('',*,*,#6556,.F.);
#8795=ORIENTED_EDGE('',*,*,#5499,.T.);
#8796=ORIENTED_EDGE('',*,*,#6560,.T.);
#8797=ORIENTED_EDGE('',*,*,#6561,.F.);
#8798=ORIENTED_EDGE('',*,*,#6558,.F.);
#8799=ORIENTED_EDGE('',*,*,#5498,.T.);
#8800=ORIENTED_EDGE('',*,*,#6562,.T.);
#8801=ORIENTED_EDGE('',*,*,#6563,.F.);
#8802=ORIENTED_EDGE('',*,*,#6560,.F.);
#8803=ORIENTED_EDGE('',*,*,#5497,.T.);
#8804=ORIENTED_EDGE('',*,*,#6564,.T.);
#8805=ORIENTED_EDGE('',*,*,#6565,.F.);
#8806=ORIENTED_EDGE('',*,*,#6562,.F.);
#8807=ORIENTED_EDGE('',*,*,#5496,.T.);
#8808=ORIENTED_EDGE('',*,*,#6566,.T.);
#8809=ORIENTED_EDGE('',*,*,#6567,.F.);
#8810=ORIENTED_EDGE('',*,*,#6564,.F.);
#8811=ORIENTED_EDGE('',*,*,#5495,.T.);
#8812=ORIENTED_EDGE('',*,*,#6568,.T.);
#8813=ORIENTED_EDGE('',*,*,#6569,.F.);
#8814=ORIENTED_EDGE('',*,*,#6566,.F.);
#8815=ORIENTED_EDGE('',*,*,#5494,.T.);
#8816=ORIENTED_EDGE('',*,*,#6570,.T.);
#8817=ORIENTED_EDGE('',*,*,#6571,.F.);
#8818=ORIENTED_EDGE('',*,*,#6568,.F.);
#8819=ORIENTED_EDGE('',*,*,#5493,.T.);
#8820=ORIENTED_EDGE('',*,*,#6572,.T.);
#8821=ORIENTED_EDGE('',*,*,#6573,.F.);
#8822=ORIENTED_EDGE('',*,*,#6570,.F.);
#8823=ORIENTED_EDGE('',*,*,#5492,.T.);
#8824=ORIENTED_EDGE('',*,*,#6574,.T.);
#8825=ORIENTED_EDGE('',*,*,#6575,.F.);
#8826=ORIENTED_EDGE('',*,*,#6572,.F.);
#8827=ORIENTED_EDGE('',*,*,#5491,.T.);
#8828=ORIENTED_EDGE('',*,*,#6576,.T.);
#8829=ORIENTED_EDGE('',*,*,#6577,.F.);
#8830=ORIENTED_EDGE('',*,*,#6574,.F.);
#8831=ORIENTED_EDGE('',*,*,#5490,.T.);
#8832=ORIENTED_EDGE('',*,*,#6578,.T.);
#8833=ORIENTED_EDGE('',*,*,#6579,.F.);
#8834=ORIENTED_EDGE('',*,*,#6576,.F.);
#8835=ORIENTED_EDGE('',*,*,#5489,.T.);
#8836=ORIENTED_EDGE('',*,*,#6580,.T.);
#8837=ORIENTED_EDGE('',*,*,#6581,.F.);
#8838=ORIENTED_EDGE('',*,*,#6578,.F.);
#8839=ORIENTED_EDGE('',*,*,#5488,.T.);
#8840=ORIENTED_EDGE('',*,*,#6582,.T.);
#8841=ORIENTED_EDGE('',*,*,#6583,.F.);
#8842=ORIENTED_EDGE('',*,*,#6580,.F.);
#8843=ORIENTED_EDGE('',*,*,#5487,.T.);
#8844=ORIENTED_EDGE('',*,*,#6584,.T.);
#8845=ORIENTED_EDGE('',*,*,#6585,.F.);
#8846=ORIENTED_EDGE('',*,*,#6582,.F.);
#8847=ORIENTED_EDGE('',*,*,#5486,.T.);
#8848=ORIENTED_EDGE('',*,*,#6586,.T.);
#8849=ORIENTED_EDGE('',*,*,#6587,.F.);
#8850=ORIENTED_EDGE('',*,*,#6584,.F.);
#8851=ORIENTED_EDGE('',*,*,#5485,.T.);
#8852=ORIENTED_EDGE('',*,*,#6588,.T.);
#8853=ORIENTED_EDGE('',*,*,#6589,.F.);
#8854=ORIENTED_EDGE('',*,*,#6586,.F.);
#8855=ORIENTED_EDGE('',*,*,#5484,.T.);
#8856=ORIENTED_EDGE('',*,*,#6590,.T.);
#8857=ORIENTED_EDGE('',*,*,#6591,.F.);
#8858=ORIENTED_EDGE('',*,*,#6588,.F.);
#8859=ORIENTED_EDGE('',*,*,#5483,.T.);
#8860=ORIENTED_EDGE('',*,*,#6592,.T.);
#8861=ORIENTED_EDGE('',*,*,#6593,.F.);
#8862=ORIENTED_EDGE('',*,*,#6590,.F.);
#8863=ORIENTED_EDGE('',*,*,#5482,.T.);
#8864=ORIENTED_EDGE('',*,*,#6594,.T.);
#8865=ORIENTED_EDGE('',*,*,#6595,.F.);
#8866=ORIENTED_EDGE('',*,*,#6592,.F.);
#8867=ORIENTED_EDGE('',*,*,#5481,.T.);
#8868=ORIENTED_EDGE('',*,*,#6596,.T.);
#8869=ORIENTED_EDGE('',*,*,#6597,.F.);
#8870=ORIENTED_EDGE('',*,*,#6594,.F.);
#8871=ORIENTED_EDGE('',*,*,#5480,.T.);
#8872=ORIENTED_EDGE('',*,*,#6598,.T.);
#8873=ORIENTED_EDGE('',*,*,#6599,.F.);
#8874=ORIENTED_EDGE('',*,*,#6596,.F.);
#8875=ORIENTED_EDGE('',*,*,#5479,.T.);
#8876=ORIENTED_EDGE('',*,*,#6600,.T.);
#8877=ORIENTED_EDGE('',*,*,#6601,.F.);
#8878=ORIENTED_EDGE('',*,*,#6598,.F.);
#8879=ORIENTED_EDGE('',*,*,#5478,.T.);
#8880=ORIENTED_EDGE('',*,*,#6602,.T.);
#8881=ORIENTED_EDGE('',*,*,#6603,.F.);
#8882=ORIENTED_EDGE('',*,*,#6600,.F.);
#8883=ORIENTED_EDGE('',*,*,#5477,.T.);
#8884=ORIENTED_EDGE('',*,*,#6519,.T.);
#8885=ORIENTED_EDGE('',*,*,#6604,.F.);
#8886=ORIENTED_EDGE('',*,*,#6602,.F.);
#8887=ORIENTED_EDGE('',*,*,#5472,.T.);
#8888=ORIENTED_EDGE('',*,*,#6605,.T.);
#8889=ORIENTED_EDGE('',*,*,#6606,.F.);
#8890=ORIENTED_EDGE('',*,*,#6607,.F.);
#8891=ORIENTED_EDGE('',*,*,#5475,.T.);
#8892=ORIENTED_EDGE('',*,*,#6608,.T.);
#8893=ORIENTED_EDGE('',*,*,#6609,.F.);
#8894=ORIENTED_EDGE('',*,*,#6605,.F.);
#8895=ORIENTED_EDGE('',*,*,#5474,.T.);
#8896=ORIENTED_EDGE('',*,*,#6610,.T.);
#8897=ORIENTED_EDGE('',*,*,#6611,.F.);
#8898=ORIENTED_EDGE('',*,*,#6608,.F.);
#8899=ORIENTED_EDGE('',*,*,#5473,.T.);
#8900=ORIENTED_EDGE('',*,*,#6607,.T.);
#8901=ORIENTED_EDGE('',*,*,#6612,.F.);
#8902=ORIENTED_EDGE('',*,*,#6610,.F.);
#8903=ORIENTED_EDGE('',*,*,#5468,.T.);
#8904=ORIENTED_EDGE('',*,*,#6613,.T.);
#8905=ORIENTED_EDGE('',*,*,#6614,.F.);
#8906=ORIENTED_EDGE('',*,*,#6615,.F.);
#8907=ORIENTED_EDGE('',*,*,#5471,.T.);
#8908=ORIENTED_EDGE('',*,*,#6616,.T.);
#8909=ORIENTED_EDGE('',*,*,#6617,.F.);
#8910=ORIENTED_EDGE('',*,*,#6613,.F.);
#8911=ORIENTED_EDGE('',*,*,#5470,.T.);
#8912=ORIENTED_EDGE('',*,*,#6618,.T.);
#8913=ORIENTED_EDGE('',*,*,#6619,.F.);
#8914=ORIENTED_EDGE('',*,*,#6616,.F.);
#8915=ORIENTED_EDGE('',*,*,#5469,.T.);
#8916=ORIENTED_EDGE('',*,*,#6615,.T.);
#8917=ORIENTED_EDGE('',*,*,#6620,.F.);
#8918=ORIENTED_EDGE('',*,*,#6618,.F.);
#8919=ORIENTED_EDGE('',*,*,#5464,.T.);
#8920=ORIENTED_EDGE('',*,*,#6621,.T.);
#8921=ORIENTED_EDGE('',*,*,#6622,.F.);
#8922=ORIENTED_EDGE('',*,*,#6623,.F.);
#8923=ORIENTED_EDGE('',*,*,#5467,.T.);
#8924=ORIENTED_EDGE('',*,*,#6624,.T.);
#8925=ORIENTED_EDGE('',*,*,#6625,.F.);
#8926=ORIENTED_EDGE('',*,*,#6621,.F.);
#8927=ORIENTED_EDGE('',*,*,#5466,.T.);
#8928=ORIENTED_EDGE('',*,*,#6626,.T.);
#8929=ORIENTED_EDGE('',*,*,#6627,.F.);
#8930=ORIENTED_EDGE('',*,*,#6624,.F.);
#8931=ORIENTED_EDGE('',*,*,#5465,.T.);
#8932=ORIENTED_EDGE('',*,*,#6623,.T.);
#8933=ORIENTED_EDGE('',*,*,#6628,.F.);
#8934=ORIENTED_EDGE('',*,*,#6626,.F.);
#8935=ORIENTED_EDGE('',*,*,#5460,.T.);
#8936=ORIENTED_EDGE('',*,*,#6629,.T.);
#8937=ORIENTED_EDGE('',*,*,#6630,.F.);
#8938=ORIENTED_EDGE('',*,*,#6631,.F.);
#8939=ORIENTED_EDGE('',*,*,#5463,.T.);
#8940=ORIENTED_EDGE('',*,*,#6632,.T.);
#8941=ORIENTED_EDGE('',*,*,#6633,.F.);
#8942=ORIENTED_EDGE('',*,*,#6629,.F.);
#8943=ORIENTED_EDGE('',*,*,#5462,.T.);
#8944=ORIENTED_EDGE('',*,*,#6634,.T.);
#8945=ORIENTED_EDGE('',*,*,#6635,.F.);
#8946=ORIENTED_EDGE('',*,*,#6632,.F.);
#8947=ORIENTED_EDGE('',*,*,#5461,.T.);
#8948=ORIENTED_EDGE('',*,*,#6631,.T.);
#8949=ORIENTED_EDGE('',*,*,#6636,.F.);
#8950=ORIENTED_EDGE('',*,*,#6634,.F.);
#8951=ORIENTED_EDGE('',*,*,#5456,.T.);
#8952=ORIENTED_EDGE('',*,*,#6637,.T.);
#8953=ORIENTED_EDGE('',*,*,#6638,.F.);
#8954=ORIENTED_EDGE('',*,*,#6639,.F.);
#8955=ORIENTED_EDGE('',*,*,#5459,.T.);
#8956=ORIENTED_EDGE('',*,*,#6640,.T.);
#8957=ORIENTED_EDGE('',*,*,#6641,.F.);
#8958=ORIENTED_EDGE('',*,*,#6637,.F.);
#8959=ORIENTED_EDGE('',*,*,#5458,.T.);
#8960=ORIENTED_EDGE('',*,*,#6642,.T.);
#8961=ORIENTED_EDGE('',*,*,#6643,.F.);
#8962=ORIENTED_EDGE('',*,*,#6640,.F.);
#8963=ORIENTED_EDGE('',*,*,#5457,.T.);
#8964=ORIENTED_EDGE('',*,*,#6639,.T.);
#8965=ORIENTED_EDGE('',*,*,#6644,.F.);
#8966=ORIENTED_EDGE('',*,*,#6642,.F.);
#8967=ORIENTED_EDGE('',*,*,#5452,.T.);
#8968=ORIENTED_EDGE('',*,*,#6645,.T.);
#8969=ORIENTED_EDGE('',*,*,#6646,.F.);
#8970=ORIENTED_EDGE('',*,*,#6647,.F.);
#8971=ORIENTED_EDGE('',*,*,#5455,.T.);
#8972=ORIENTED_EDGE('',*,*,#6648,.T.);
#8973=ORIENTED_EDGE('',*,*,#6649,.F.);
#8974=ORIENTED_EDGE('',*,*,#6645,.F.);
#8975=ORIENTED_EDGE('',*,*,#5454,.T.);
#8976=ORIENTED_EDGE('',*,*,#6650,.T.);
#8977=ORIENTED_EDGE('',*,*,#6651,.F.);
#8978=ORIENTED_EDGE('',*,*,#6648,.F.);
#8979=ORIENTED_EDGE('',*,*,#5453,.T.);
#8980=ORIENTED_EDGE('',*,*,#6647,.T.);
#8981=ORIENTED_EDGE('',*,*,#6652,.F.);
#8982=ORIENTED_EDGE('',*,*,#6650,.F.);
#8983=ORIENTED_EDGE('',*,*,#5448,.T.);
#8984=ORIENTED_EDGE('',*,*,#6653,.T.);
#8985=ORIENTED_EDGE('',*,*,#6654,.F.);
#8986=ORIENTED_EDGE('',*,*,#6655,.F.);
#8987=ORIENTED_EDGE('',*,*,#5451,.T.);
#8988=ORIENTED_EDGE('',*,*,#6656,.T.);
#8989=ORIENTED_EDGE('',*,*,#6657,.F.);
#8990=ORIENTED_EDGE('',*,*,#6653,.F.);
#8991=ORIENTED_EDGE('',*,*,#5450,.T.);
#8992=ORIENTED_EDGE('',*,*,#6658,.T.);
#8993=ORIENTED_EDGE('',*,*,#6659,.F.);
#8994=ORIENTED_EDGE('',*,*,#6656,.F.);
#8995=ORIENTED_EDGE('',*,*,#5449,.T.);
#8996=ORIENTED_EDGE('',*,*,#6655,.T.);
#8997=ORIENTED_EDGE('',*,*,#6660,.F.);
#8998=ORIENTED_EDGE('',*,*,#6658,.F.);
#8999=ORIENTED_EDGE('',*,*,#5444,.T.);
#9000=ORIENTED_EDGE('',*,*,#6661,.T.);
#9001=ORIENTED_EDGE('',*,*,#6662,.F.);
#9002=ORIENTED_EDGE('',*,*,#6663,.F.);
#9003=ORIENTED_EDGE('',*,*,#5447,.T.);
#9004=ORIENTED_EDGE('',*,*,#6664,.T.);
#9005=ORIENTED_EDGE('',*,*,#6665,.F.);
#9006=ORIENTED_EDGE('',*,*,#6661,.F.);
#9007=ORIENTED_EDGE('',*,*,#5446,.T.);
#9008=ORIENTED_EDGE('',*,*,#6666,.T.);
#9009=ORIENTED_EDGE('',*,*,#6667,.F.);
#9010=ORIENTED_EDGE('',*,*,#6664,.F.);
#9011=ORIENTED_EDGE('',*,*,#5445,.T.);
#9012=ORIENTED_EDGE('',*,*,#6663,.T.);
#9013=ORIENTED_EDGE('',*,*,#6668,.F.);
#9014=ORIENTED_EDGE('',*,*,#6666,.F.);
#9015=ORIENTED_EDGE('',*,*,#5440,.T.);
#9016=ORIENTED_EDGE('',*,*,#6669,.T.);
#9017=ORIENTED_EDGE('',*,*,#6670,.F.);
#9018=ORIENTED_EDGE('',*,*,#6671,.F.);
#9019=ORIENTED_EDGE('',*,*,#5443,.T.);
#9020=ORIENTED_EDGE('',*,*,#6672,.T.);
#9021=ORIENTED_EDGE('',*,*,#6673,.F.);
#9022=ORIENTED_EDGE('',*,*,#6669,.F.);
#9023=ORIENTED_EDGE('',*,*,#5442,.T.);
#9024=ORIENTED_EDGE('',*,*,#6674,.T.);
#9025=ORIENTED_EDGE('',*,*,#6675,.F.);
#9026=ORIENTED_EDGE('',*,*,#6672,.F.);
#9027=ORIENTED_EDGE('',*,*,#5441,.T.);
#9028=ORIENTED_EDGE('',*,*,#6671,.T.);
#9029=ORIENTED_EDGE('',*,*,#6676,.F.);
#9030=ORIENTED_EDGE('',*,*,#6674,.F.);
#9031=ORIENTED_EDGE('',*,*,#6677,.T.);
#9032=ORIENTED_EDGE('',*,*,#6678,.T.);
#9033=ORIENTED_EDGE('',*,*,#6679,.T.);
#9034=ORIENTED_EDGE('',*,*,#5854,.F.);
#9035=ORIENTED_EDGE('',*,*,#6680,.F.);
#9036=ORIENTED_EDGE('',*,*,#6681,.F.);
#9037=ORIENTED_EDGE('',*,*,#5858,.F.);
#9038=ORIENTED_EDGE('',*,*,#5433,.T.);
#9039=ORIENTED_EDGE('',*,*,#5429,.F.);
#9040=ORIENTED_EDGE('',*,*,#6682,.F.);
#9041=ORIENTED_EDGE('',*,*,#5852,.F.);
#9042=ORIENTED_EDGE('',*,*,#6683,.F.);
#9043=ORIENTED_EDGE('',*,*,#6678,.F.);
#9044=ORIENTED_EDGE('',*,*,#6684,.F.);
#9045=ORIENTED_EDGE('',*,*,#6685,.F.);
#9046=ORIENTED_EDGE('',*,*,#5855,.F.);
#9047=ORIENTED_EDGE('',*,*,#6679,.F.);
#9048=ORIENTED_EDGE('',*,*,#6683,.T.);
#9049=ORIENTED_EDGE('',*,*,#6686,.F.);
#9050=ORIENTED_EDGE('',*,*,#5851,.F.);
#9051=ORIENTED_EDGE('',*,*,#6687,.F.);
#9052=ORIENTED_EDGE('',*,*,#6684,.T.);
#9053=ORIENTED_EDGE('',*,*,#6677,.F.);
#9054=ORIENTED_EDGE('',*,*,#6688,.T.);
#9055=ORIENTED_EDGE('',*,*,#6689,.T.);
#9056=ORIENTED_EDGE('',*,*,#6690,.F.);
#9057=ORIENTED_EDGE('',*,*,#6691,.T.);
#9058=ORIENTED_EDGE('',*,*,#6692,.F.);
#9059=ORIENTED_EDGE('',*,*,#5856,.F.);
#9060=ORIENTED_EDGE('',*,*,#6686,.T.);
#9061=ORIENTED_EDGE('',*,*,#6685,.T.);
#9062=ORIENTED_EDGE('',*,*,#6687,.T.);
#9063=ORIENTED_EDGE('',*,*,#5850,.F.);
#9064=ORIENTED_EDGE('',*,*,#6693,.T.);
#9065=ORIENTED_EDGE('',*,*,#5438,.T.);
#9066=ORIENTED_EDGE('',*,*,#5849,.T.);
#9067=ORIENTED_EDGE('',*,*,#5860,.T.);
#9068=ORIENTED_EDGE('',*,*,#6694,.T.);
#9069=ORIENTED_EDGE('',*,*,#6695,.F.);
#9070=ORIENTED_EDGE('',*,*,#6696,.T.);
#9071=ORIENTED_EDGE('',*,*,#6693,.F.);
#9072=ORIENTED_EDGE('',*,*,#5853,.F.);
#9073=ORIENTED_EDGE('',*,*,#6682,.T.);
#9074=ORIENTED_EDGE('',*,*,#5428,.F.);
#9075=ORIENTED_EDGE('',*,*,#6697,.F.);
#9076=ORIENTED_EDGE('',*,*,#6698,.T.);
#9077=ORIENTED_EDGE('',*,*,#6688,.F.);
#9078=ORIENTED_EDGE('',*,*,#6696,.F.);
#9079=ORIENTED_EDGE('',*,*,#6699,.F.);
#9080=ORIENTED_EDGE('',*,*,#5439,.F.);
#9081=ORIENTED_EDGE('',*,*,#6694,.F.);
#9082=ORIENTED_EDGE('',*,*,#6700,.T.);
#9083=ORIENTED_EDGE('',*,*,#6701,.F.);
#9084=ORIENTED_EDGE('',*,*,#6700,.F.);
#9085=ORIENTED_EDGE('',*,*,#5859,.F.);
#9086=ORIENTED_EDGE('',*,*,#6681,.T.);
#9087=ORIENTED_EDGE('',*,*,#6702,.F.);
#9088=ORIENTED_EDGE('',*,*,#6703,.F.);
#9089=ORIENTED_EDGE('',*,*,#6702,.T.);
#9090=ORIENTED_EDGE('',*,*,#6680,.T.);
#9091=ORIENTED_EDGE('',*,*,#5857,.T.);
#9092=ORIENTED_EDGE('',*,*,#6692,.T.);
#9093=ORIENTED_EDGE('',*,*,#6704,.T.);
#9094=ORIENTED_EDGE('',*,*,#6705,.F.);
#9095=ORIENTED_EDGE('',*,*,#6704,.F.);
#9096=ORIENTED_EDGE('',*,*,#6691,.F.);
#9097=ORIENTED_EDGE('',*,*,#6706,.F.);
#9098=ORIENTED_EDGE('',*,*,#6707,.F.);
#9099=ORIENTED_EDGE('',*,*,#6706,.T.);
#9100=ORIENTED_EDGE('',*,*,#6690,.T.);
#9101=ORIENTED_EDGE('',*,*,#6708,.F.);
#9102=ORIENTED_EDGE('',*,*,#6709,.F.);
#9103=ORIENTED_EDGE('',*,*,#6708,.T.);
#9104=ORIENTED_EDGE('',*,*,#6689,.F.);
#9105=ORIENTED_EDGE('',*,*,#6698,.F.);
#9106=ORIENTED_EDGE('',*,*,#6670,.T.);
#9107=ORIENTED_EDGE('',*,*,#6673,.T.);
#9108=ORIENTED_EDGE('',*,*,#6675,.T.);
#9109=ORIENTED_EDGE('',*,*,#6676,.T.);
#9110=ORIENTED_EDGE('',*,*,#6662,.T.);
#9111=ORIENTED_EDGE('',*,*,#6665,.T.);
#9112=ORIENTED_EDGE('',*,*,#6667,.T.);
#9113=ORIENTED_EDGE('',*,*,#6668,.T.);
#9114=ORIENTED_EDGE('',*,*,#6654,.T.);
#9115=ORIENTED_EDGE('',*,*,#6657,.T.);
#9116=ORIENTED_EDGE('',*,*,#6659,.T.);
#9117=ORIENTED_EDGE('',*,*,#6660,.T.);
#9118=ORIENTED_EDGE('',*,*,#6646,.T.);
#9119=ORIENTED_EDGE('',*,*,#6649,.T.);
#9120=ORIENTED_EDGE('',*,*,#6651,.T.);
#9121=ORIENTED_EDGE('',*,*,#6652,.T.);
#9122=ORIENTED_EDGE('',*,*,#6638,.T.);
#9123=ORIENTED_EDGE('',*,*,#6641,.T.);
#9124=ORIENTED_EDGE('',*,*,#6643,.T.);
#9125=ORIENTED_EDGE('',*,*,#6644,.T.);
#9126=ORIENTED_EDGE('',*,*,#6630,.T.);
#9127=ORIENTED_EDGE('',*,*,#6633,.T.);
#9128=ORIENTED_EDGE('',*,*,#6635,.T.);
#9129=ORIENTED_EDGE('',*,*,#6636,.T.);
#9130=ORIENTED_EDGE('',*,*,#6622,.T.);
#9131=ORIENTED_EDGE('',*,*,#6625,.T.);
#9132=ORIENTED_EDGE('',*,*,#6627,.T.);
#9133=ORIENTED_EDGE('',*,*,#6628,.T.);
#9134=ORIENTED_EDGE('',*,*,#6614,.T.);
#9135=ORIENTED_EDGE('',*,*,#6617,.T.);
#9136=ORIENTED_EDGE('',*,*,#6619,.T.);
#9137=ORIENTED_EDGE('',*,*,#6620,.T.);
#9138=ORIENTED_EDGE('',*,*,#6606,.T.);
#9139=ORIENTED_EDGE('',*,*,#6609,.T.);
#9140=ORIENTED_EDGE('',*,*,#6611,.T.);
#9141=ORIENTED_EDGE('',*,*,#6612,.T.);
#9142=ORIENTED_EDGE('',*,*,#6518,.T.);
#9143=ORIENTED_EDGE('',*,*,#6521,.T.);
#9144=ORIENTED_EDGE('',*,*,#6523,.T.);
#9145=ORIENTED_EDGE('',*,*,#6525,.T.);
#9146=ORIENTED_EDGE('',*,*,#6527,.T.);
#9147=ORIENTED_EDGE('',*,*,#6529,.T.);
#9148=ORIENTED_EDGE('',*,*,#6531,.T.);
#9149=ORIENTED_EDGE('',*,*,#6533,.T.);
#9150=ORIENTED_EDGE('',*,*,#6535,.T.);
#9151=ORIENTED_EDGE('',*,*,#6537,.T.);
#9152=ORIENTED_EDGE('',*,*,#6539,.T.);
#9153=ORIENTED_EDGE('',*,*,#6541,.T.);
#9154=ORIENTED_EDGE('',*,*,#6543,.T.);
#9155=ORIENTED_EDGE('',*,*,#6545,.T.);
#9156=ORIENTED_EDGE('',*,*,#6547,.T.);
#9157=ORIENTED_EDGE('',*,*,#6549,.T.);
#9158=ORIENTED_EDGE('',*,*,#6551,.T.);
#9159=ORIENTED_EDGE('',*,*,#6553,.T.);
#9160=ORIENTED_EDGE('',*,*,#6555,.T.);
#9161=ORIENTED_EDGE('',*,*,#6557,.T.);
#9162=ORIENTED_EDGE('',*,*,#6559,.T.);
#9163=ORIENTED_EDGE('',*,*,#6561,.T.);
#9164=ORIENTED_EDGE('',*,*,#6563,.T.);
#9165=ORIENTED_EDGE('',*,*,#6565,.T.);
#9166=ORIENTED_EDGE('',*,*,#6567,.T.);
#9167=ORIENTED_EDGE('',*,*,#6569,.T.);
#9168=ORIENTED_EDGE('',*,*,#6571,.T.);
#9169=ORIENTED_EDGE('',*,*,#6573,.T.);
#9170=ORIENTED_EDGE('',*,*,#6575,.T.);
#9171=ORIENTED_EDGE('',*,*,#6577,.T.);
#9172=ORIENTED_EDGE('',*,*,#6579,.T.);
#9173=ORIENTED_EDGE('',*,*,#6581,.T.);
#9174=ORIENTED_EDGE('',*,*,#6583,.T.);
#9175=ORIENTED_EDGE('',*,*,#6585,.T.);
#9176=ORIENTED_EDGE('',*,*,#6587,.T.);
#9177=ORIENTED_EDGE('',*,*,#6589,.T.);
#9178=ORIENTED_EDGE('',*,*,#6591,.T.);
#9179=ORIENTED_EDGE('',*,*,#6593,.T.);
#9180=ORIENTED_EDGE('',*,*,#6595,.T.);
#9181=ORIENTED_EDGE('',*,*,#6597,.T.);
#9182=ORIENTED_EDGE('',*,*,#6599,.T.);
#9183=ORIENTED_EDGE('',*,*,#6601,.T.);
#9184=ORIENTED_EDGE('',*,*,#6603,.T.);
#9185=ORIENTED_EDGE('',*,*,#6604,.T.);
#9186=ORIENTED_EDGE('',*,*,#6510,.T.);
#9187=ORIENTED_EDGE('',*,*,#6513,.T.);
#9188=ORIENTED_EDGE('',*,*,#6515,.T.);
#9189=ORIENTED_EDGE('',*,*,#6516,.T.);
#9190=ORIENTED_EDGE('',*,*,#6422,.T.);
#9191=ORIENTED_EDGE('',*,*,#6425,.T.);
#9192=ORIENTED_EDGE('',*,*,#6427,.T.);
#9193=ORIENTED_EDGE('',*,*,#6429,.T.);
#9194=ORIENTED_EDGE('',*,*,#6431,.T.);
#9195=ORIENTED_EDGE('',*,*,#6433,.T.);
#9196=ORIENTED_EDGE('',*,*,#6435,.T.);
#9197=ORIENTED_EDGE('',*,*,#6437,.T.);
#9198=ORIENTED_EDGE('',*,*,#6439,.T.);
#9199=ORIENTED_EDGE('',*,*,#6441,.T.);
#9200=ORIENTED_EDGE('',*,*,#6443,.T.);
#9201=ORIENTED_EDGE('',*,*,#6445,.T.);
#9202=ORIENTED_EDGE('',*,*,#6447,.T.);
#9203=ORIENTED_EDGE('',*,*,#6449,.T.);
#9204=ORIENTED_EDGE('',*,*,#6451,.T.);
#9205=ORIENTED_EDGE('',*,*,#6453,.T.);
#9206=ORIENTED_EDGE('',*,*,#6455,.T.);
#9207=ORIENTED_EDGE('',*,*,#6457,.T.);
#9208=ORIENTED_EDGE('',*,*,#6459,.T.);
#9209=ORIENTED_EDGE('',*,*,#6461,.T.);
#9210=ORIENTED_EDGE('',*,*,#6463,.T.);
#9211=ORIENTED_EDGE('',*,*,#6465,.T.);
#9212=ORIENTED_EDGE('',*,*,#6467,.T.);
#9213=ORIENTED_EDGE('',*,*,#6469,.T.);
#9214=ORIENTED_EDGE('',*,*,#6471,.T.);
#9215=ORIENTED_EDGE('',*,*,#6473,.T.);
#9216=ORIENTED_EDGE('',*,*,#6475,.T.);
#9217=ORIENTED_EDGE('',*,*,#6477,.T.);
#9218=ORIENTED_EDGE('',*,*,#6479,.T.);
#9219=ORIENTED_EDGE('',*,*,#6481,.T.);
#9220=ORIENTED_EDGE('',*,*,#6483,.T.);
#9221=ORIENTED_EDGE('',*,*,#6485,.T.);
#9222=ORIENTED_EDGE('',*,*,#6487,.T.);
#9223=ORIENTED_EDGE('',*,*,#6489,.T.);
#9224=ORIENTED_EDGE('',*,*,#6491,.T.);
#9225=ORIENTED_EDGE('',*,*,#6493,.T.);
#9226=ORIENTED_EDGE('',*,*,#6495,.T.);
#9227=ORIENTED_EDGE('',*,*,#6497,.T.);
#9228=ORIENTED_EDGE('',*,*,#6499,.T.);
#9229=ORIENTED_EDGE('',*,*,#6501,.T.);
#9230=ORIENTED_EDGE('',*,*,#6503,.T.);
#9231=ORIENTED_EDGE('',*,*,#6505,.T.);
#9232=ORIENTED_EDGE('',*,*,#6507,.T.);
#9233=ORIENTED_EDGE('',*,*,#6508,.T.);
#9234=ORIENTED_EDGE('',*,*,#6414,.T.);
#9235=ORIENTED_EDGE('',*,*,#6417,.T.);
#9236=ORIENTED_EDGE('',*,*,#6419,.T.);
#9237=ORIENTED_EDGE('',*,*,#6420,.T.);
#9238=ORIENTED_EDGE('',*,*,#6406,.T.);
#9239=ORIENTED_EDGE('',*,*,#6409,.T.);
#9240=ORIENTED_EDGE('',*,*,#6411,.T.);
#9241=ORIENTED_EDGE('',*,*,#6412,.T.);
#9242=ORIENTED_EDGE('',*,*,#6398,.T.);
#9243=ORIENTED_EDGE('',*,*,#6401,.T.);
#9244=ORIENTED_EDGE('',*,*,#6403,.T.);
#9245=ORIENTED_EDGE('',*,*,#6404,.T.);
#9246=ORIENTED_EDGE('',*,*,#6310,.T.);
#9247=ORIENTED_EDGE('',*,*,#6313,.T.);
#9248=ORIENTED_EDGE('',*,*,#6315,.T.);
#9249=ORIENTED_EDGE('',*,*,#6317,.T.);
#9250=ORIENTED_EDGE('',*,*,#6319,.T.);
#9251=ORIENTED_EDGE('',*,*,#6321,.T.);
#9252=ORIENTED_EDGE('',*,*,#6323,.T.);
#9253=ORIENTED_EDGE('',*,*,#6325,.T.);
#9254=ORIENTED_EDGE('',*,*,#6327,.T.);
#9255=ORIENTED_EDGE('',*,*,#6329,.T.);
#9256=ORIENTED_EDGE('',*,*,#6331,.T.);
#9257=ORIENTED_EDGE('',*,*,#6333,.T.);
#9258=ORIENTED_EDGE('',*,*,#6335,.T.);
#9259=ORIENTED_EDGE('',*,*,#6337,.T.);
#9260=ORIENTED_EDGE('',*,*,#6339,.T.);
#9261=ORIENTED_EDGE('',*,*,#6341,.T.);
#9262=ORIENTED_EDGE('',*,*,#6343,.T.);
#9263=ORIENTED_EDGE('',*,*,#6345,.T.);
#9264=ORIENTED_EDGE('',*,*,#6347,.T.);
#9265=ORIENTED_EDGE('',*,*,#6349,.T.);
#9266=ORIENTED_EDGE('',*,*,#6351,.T.);
#9267=ORIENTED_EDGE('',*,*,#6353,.T.);
#9268=ORIENTED_EDGE('',*,*,#6355,.T.);
#9269=ORIENTED_EDGE('',*,*,#6357,.T.);
#9270=ORIENTED_EDGE('',*,*,#6359,.T.);
#9271=ORIENTED_EDGE('',*,*,#6361,.T.);
#9272=ORIENTED_EDGE('',*,*,#6363,.T.);
#9273=ORIENTED_EDGE('',*,*,#6365,.T.);
#9274=ORIENTED_EDGE('',*,*,#6367,.T.);
#9275=ORIENTED_EDGE('',*,*,#6369,.T.);
#9276=ORIENTED_EDGE('',*,*,#6371,.T.);
#9277=ORIENTED_EDGE('',*,*,#6373,.T.);
#9278=ORIENTED_EDGE('',*,*,#6375,.T.);
#9279=ORIENTED_EDGE('',*,*,#6377,.T.);
#9280=ORIENTED_EDGE('',*,*,#6379,.T.);
#9281=ORIENTED_EDGE('',*,*,#6381,.T.);
#9282=ORIENTED_EDGE('',*,*,#6383,.T.);
#9283=ORIENTED_EDGE('',*,*,#6385,.T.);
#9284=ORIENTED_EDGE('',*,*,#6387,.T.);
#9285=ORIENTED_EDGE('',*,*,#6389,.T.);
#9286=ORIENTED_EDGE('',*,*,#6391,.T.);
#9287=ORIENTED_EDGE('',*,*,#6393,.T.);
#9288=ORIENTED_EDGE('',*,*,#6395,.T.);
#9289=ORIENTED_EDGE('',*,*,#6396,.T.);
#9290=ORIENTED_EDGE('',*,*,#6302,.T.);
#9291=ORIENTED_EDGE('',*,*,#6305,.T.);
#9292=ORIENTED_EDGE('',*,*,#6307,.T.);
#9293=ORIENTED_EDGE('',*,*,#6308,.T.);
#9294=ORIENTED_EDGE('',*,*,#6294,.T.);
#9295=ORIENTED_EDGE('',*,*,#6297,.T.);
#9296=ORIENTED_EDGE('',*,*,#6299,.T.);
#9297=ORIENTED_EDGE('',*,*,#6300,.T.);
#9298=ORIENTED_EDGE('',*,*,#6286,.T.);
#9299=ORIENTED_EDGE('',*,*,#6289,.T.);
#9300=ORIENTED_EDGE('',*,*,#6291,.T.);
#9301=ORIENTED_EDGE('',*,*,#6292,.T.);
#9302=ORIENTED_EDGE('',*,*,#6278,.T.);
#9303=ORIENTED_EDGE('',*,*,#6281,.T.);
#9304=ORIENTED_EDGE('',*,*,#6283,.T.);
#9305=ORIENTED_EDGE('',*,*,#6284,.T.);
#9306=ORIENTED_EDGE('',*,*,#6270,.T.);
#9307=ORIENTED_EDGE('',*,*,#6273,.T.);
#9308=ORIENTED_EDGE('',*,*,#6275,.T.);
#9309=ORIENTED_EDGE('',*,*,#6276,.T.);
#9310=ORIENTED_EDGE('',*,*,#6262,.T.);
#9311=ORIENTED_EDGE('',*,*,#6265,.T.);
#9312=ORIENTED_EDGE('',*,*,#6267,.T.);
#9313=ORIENTED_EDGE('',*,*,#6268,.T.);
#9314=ORIENTED_EDGE('',*,*,#6254,.T.);
#9315=ORIENTED_EDGE('',*,*,#6257,.T.);
#9316=ORIENTED_EDGE('',*,*,#6259,.T.);
#9317=ORIENTED_EDGE('',*,*,#6260,.T.);
#9318=ORIENTED_EDGE('',*,*,#6246,.T.);
#9319=ORIENTED_EDGE('',*,*,#6249,.T.);
#9320=ORIENTED_EDGE('',*,*,#6251,.T.);
#9321=ORIENTED_EDGE('',*,*,#6252,.T.);
#9322=ORIENTED_EDGE('',*,*,#6238,.T.);
#9323=ORIENTED_EDGE('',*,*,#6241,.T.);
#9324=ORIENTED_EDGE('',*,*,#6243,.T.);
#9325=ORIENTED_EDGE('',*,*,#6244,.T.);
#9326=ORIENTED_EDGE('',*,*,#6230,.T.);
#9327=ORIENTED_EDGE('',*,*,#6233,.T.);
#9328=ORIENTED_EDGE('',*,*,#6235,.T.);
#9329=ORIENTED_EDGE('',*,*,#6236,.T.);
#9330=ORIENTED_EDGE('',*,*,#6222,.T.);
#9331=ORIENTED_EDGE('',*,*,#6225,.T.);
#9332=ORIENTED_EDGE('',*,*,#6227,.T.);
#9333=ORIENTED_EDGE('',*,*,#6228,.T.);
#9334=ORIENTED_EDGE('',*,*,#6214,.T.);
#9335=ORIENTED_EDGE('',*,*,#6217,.T.);
#9336=ORIENTED_EDGE('',*,*,#6219,.T.);
#9337=ORIENTED_EDGE('',*,*,#6220,.T.);
#9338=ORIENTED_EDGE('',*,*,#6206,.T.);
#9339=ORIENTED_EDGE('',*,*,#6209,.T.);
#9340=ORIENTED_EDGE('',*,*,#6211,.T.);
#9341=ORIENTED_EDGE('',*,*,#6212,.T.);
#9342=ORIENTED_EDGE('',*,*,#6198,.T.);
#9343=ORIENTED_EDGE('',*,*,#6201,.T.);
#9344=ORIENTED_EDGE('',*,*,#6203,.T.);
#9345=ORIENTED_EDGE('',*,*,#6204,.T.);
#9346=ORIENTED_EDGE('',*,*,#6190,.T.);
#9347=ORIENTED_EDGE('',*,*,#6193,.T.);
#9348=ORIENTED_EDGE('',*,*,#6195,.T.);
#9349=ORIENTED_EDGE('',*,*,#6196,.T.);
#9350=ORIENTED_EDGE('',*,*,#6182,.T.);
#9351=ORIENTED_EDGE('',*,*,#6185,.T.);
#9352=ORIENTED_EDGE('',*,*,#6187,.T.);
#9353=ORIENTED_EDGE('',*,*,#6188,.T.);
#9354=ORIENTED_EDGE('',*,*,#6174,.T.);
#9355=ORIENTED_EDGE('',*,*,#6177,.T.);
#9356=ORIENTED_EDGE('',*,*,#6179,.T.);
#9357=ORIENTED_EDGE('',*,*,#6180,.T.);
#9358=ORIENTED_EDGE('',*,*,#6166,.T.);
#9359=ORIENTED_EDGE('',*,*,#6169,.T.);
#9360=ORIENTED_EDGE('',*,*,#6171,.T.);
#9361=ORIENTED_EDGE('',*,*,#6172,.T.);
#9362=ORIENTED_EDGE('',*,*,#6158,.T.);
#9363=ORIENTED_EDGE('',*,*,#6161,.T.);
#9364=ORIENTED_EDGE('',*,*,#6163,.T.);
#9365=ORIENTED_EDGE('',*,*,#6164,.T.);
#9366=ORIENTED_EDGE('',*,*,#6150,.T.);
#9367=ORIENTED_EDGE('',*,*,#6153,.T.);
#9368=ORIENTED_EDGE('',*,*,#6155,.T.);
#9369=ORIENTED_EDGE('',*,*,#6156,.T.);
#9370=ORIENTED_EDGE('',*,*,#6142,.T.);
#9371=ORIENTED_EDGE('',*,*,#6145,.T.);
#9372=ORIENTED_EDGE('',*,*,#6147,.T.);
#9373=ORIENTED_EDGE('',*,*,#6148,.T.);
#9374=ORIENTED_EDGE('',*,*,#6134,.T.);
#9375=ORIENTED_EDGE('',*,*,#6137,.T.);
#9376=ORIENTED_EDGE('',*,*,#6139,.T.);
#9377=ORIENTED_EDGE('',*,*,#6140,.T.);
#9378=ORIENTED_EDGE('',*,*,#6126,.T.);
#9379=ORIENTED_EDGE('',*,*,#6129,.T.);
#9380=ORIENTED_EDGE('',*,*,#6131,.T.);
#9381=ORIENTED_EDGE('',*,*,#6132,.T.);
#9382=ORIENTED_EDGE('',*,*,#6118,.T.);
#9383=ORIENTED_EDGE('',*,*,#6121,.T.);
#9384=ORIENTED_EDGE('',*,*,#6123,.T.);
#9385=ORIENTED_EDGE('',*,*,#6124,.T.);
#9386=ORIENTED_EDGE('',*,*,#6110,.T.);
#9387=ORIENTED_EDGE('',*,*,#6113,.T.);
#9388=ORIENTED_EDGE('',*,*,#6115,.T.);
#9389=ORIENTED_EDGE('',*,*,#6116,.T.);
#9390=ORIENTED_EDGE('',*,*,#6102,.T.);
#9391=ORIENTED_EDGE('',*,*,#6105,.T.);
#9392=ORIENTED_EDGE('',*,*,#6107,.T.);
#9393=ORIENTED_EDGE('',*,*,#6108,.T.);
#9394=ORIENTED_EDGE('',*,*,#6094,.T.);
#9395=ORIENTED_EDGE('',*,*,#6097,.T.);
#9396=ORIENTED_EDGE('',*,*,#6099,.T.);
#9397=ORIENTED_EDGE('',*,*,#6100,.T.);
#9398=ORIENTED_EDGE('',*,*,#6086,.T.);
#9399=ORIENTED_EDGE('',*,*,#6089,.T.);
#9400=ORIENTED_EDGE('',*,*,#6091,.T.);
#9401=ORIENTED_EDGE('',*,*,#6092,.T.);
#9402=ORIENTED_EDGE('',*,*,#6078,.T.);
#9403=ORIENTED_EDGE('',*,*,#6081,.T.);
#9404=ORIENTED_EDGE('',*,*,#6083,.T.);
#9405=ORIENTED_EDGE('',*,*,#6084,.T.);
#9406=ORIENTED_EDGE('',*,*,#6070,.T.);
#9407=ORIENTED_EDGE('',*,*,#6073,.T.);
#9408=ORIENTED_EDGE('',*,*,#6075,.T.);
#9409=ORIENTED_EDGE('',*,*,#6076,.T.);
#9410=ORIENTED_EDGE('',*,*,#6062,.T.);
#9411=ORIENTED_EDGE('',*,*,#6065,.T.);
#9412=ORIENTED_EDGE('',*,*,#6067,.T.);
#9413=ORIENTED_EDGE('',*,*,#6068,.T.);
#9414=ORIENTED_EDGE('',*,*,#6054,.T.);
#9415=ORIENTED_EDGE('',*,*,#6057,.T.);
#9416=ORIENTED_EDGE('',*,*,#6059,.T.);
#9417=ORIENTED_EDGE('',*,*,#6060,.T.);
#9418=ORIENTED_EDGE('',*,*,#6046,.T.);
#9419=ORIENTED_EDGE('',*,*,#6049,.T.);
#9420=ORIENTED_EDGE('',*,*,#6051,.T.);
#9421=ORIENTED_EDGE('',*,*,#6052,.T.);
#9422=ORIENTED_EDGE('',*,*,#6038,.T.);
#9423=ORIENTED_EDGE('',*,*,#6041,.T.);
#9424=ORIENTED_EDGE('',*,*,#6043,.T.);
#9425=ORIENTED_EDGE('',*,*,#6044,.T.);
#9426=ORIENTED_EDGE('',*,*,#6030,.T.);
#9427=ORIENTED_EDGE('',*,*,#6033,.T.);
#9428=ORIENTED_EDGE('',*,*,#6035,.T.);
#9429=ORIENTED_EDGE('',*,*,#6036,.T.);
#9430=ORIENTED_EDGE('',*,*,#6022,.T.);
#9431=ORIENTED_EDGE('',*,*,#6025,.T.);
#9432=ORIENTED_EDGE('',*,*,#6027,.T.);
#9433=ORIENTED_EDGE('',*,*,#6028,.T.);
#9434=ORIENTED_EDGE('',*,*,#6014,.T.);
#9435=ORIENTED_EDGE('',*,*,#6017,.T.);
#9436=ORIENTED_EDGE('',*,*,#6019,.T.);
#9437=ORIENTED_EDGE('',*,*,#6020,.T.);
#9438=ORIENTED_EDGE('',*,*,#6006,.T.);
#9439=ORIENTED_EDGE('',*,*,#6009,.T.);
#9440=ORIENTED_EDGE('',*,*,#6011,.T.);
#9441=ORIENTED_EDGE('',*,*,#6012,.T.);
#9442=ORIENTED_EDGE('',*,*,#5998,.T.);
#9443=ORIENTED_EDGE('',*,*,#6001,.T.);
#9444=ORIENTED_EDGE('',*,*,#6003,.T.);
#9445=ORIENTED_EDGE('',*,*,#6004,.T.);
#9446=ORIENTED_EDGE('',*,*,#5910,.T.);
#9447=ORIENTED_EDGE('',*,*,#5913,.T.);
#9448=ORIENTED_EDGE('',*,*,#5915,.T.);
#9449=ORIENTED_EDGE('',*,*,#5917,.T.);
#9450=ORIENTED_EDGE('',*,*,#5919,.T.);
#9451=ORIENTED_EDGE('',*,*,#5921,.T.);
#9452=ORIENTED_EDGE('',*,*,#5923,.T.);
#9453=ORIENTED_EDGE('',*,*,#5925,.T.);
#9454=ORIENTED_EDGE('',*,*,#5927,.T.);
#9455=ORIENTED_EDGE('',*,*,#5929,.T.);
#9456=ORIENTED_EDGE('',*,*,#5931,.T.);
#9457=ORIENTED_EDGE('',*,*,#5933,.T.);
#9458=ORIENTED_EDGE('',*,*,#5935,.T.);
#9459=ORIENTED_EDGE('',*,*,#5937,.T.);
#9460=ORIENTED_EDGE('',*,*,#5939,.T.);
#9461=ORIENTED_EDGE('',*,*,#5941,.T.);
#9462=ORIENTED_EDGE('',*,*,#5943,.T.);
#9463=ORIENTED_EDGE('',*,*,#5945,.T.);
#9464=ORIENTED_EDGE('',*,*,#5947,.T.);
#9465=ORIENTED_EDGE('',*,*,#5949,.T.);
#9466=ORIENTED_EDGE('',*,*,#5951,.T.);
#9467=ORIENTED_EDGE('',*,*,#5953,.T.);
#9468=ORIENTED_EDGE('',*,*,#5955,.T.);
#9469=ORIENTED_EDGE('',*,*,#5957,.T.);
#9470=ORIENTED_EDGE('',*,*,#5959,.T.);
#9471=ORIENTED_EDGE('',*,*,#5961,.T.);
#9472=ORIENTED_EDGE('',*,*,#5963,.T.);
#9473=ORIENTED_EDGE('',*,*,#5965,.T.);
#9474=ORIENTED_EDGE('',*,*,#5967,.T.);
#9475=ORIENTED_EDGE('',*,*,#5969,.T.);
#9476=ORIENTED_EDGE('',*,*,#5971,.T.);
#9477=ORIENTED_EDGE('',*,*,#5973,.T.);
#9478=ORIENTED_EDGE('',*,*,#5975,.T.);
#9479=ORIENTED_EDGE('',*,*,#5977,.T.);
#9480=ORIENTED_EDGE('',*,*,#5979,.T.);
#9481=ORIENTED_EDGE('',*,*,#5981,.T.);
#9482=ORIENTED_EDGE('',*,*,#5983,.T.);
#9483=ORIENTED_EDGE('',*,*,#5985,.T.);
#9484=ORIENTED_EDGE('',*,*,#5987,.T.);
#9485=ORIENTED_EDGE('',*,*,#5989,.T.);
#9486=ORIENTED_EDGE('',*,*,#5991,.T.);
#9487=ORIENTED_EDGE('',*,*,#5993,.T.);
#9488=ORIENTED_EDGE('',*,*,#5995,.T.);
#9489=ORIENTED_EDGE('',*,*,#5996,.T.);
#9490=ORIENTED_EDGE('',*,*,#5902,.T.);
#9491=ORIENTED_EDGE('',*,*,#5905,.T.);
#9492=ORIENTED_EDGE('',*,*,#5907,.T.);
#9493=ORIENTED_EDGE('',*,*,#5908,.T.);
#9494=ORIENTED_EDGE('',*,*,#5894,.T.);
#9495=ORIENTED_EDGE('',*,*,#5897,.T.);
#9496=ORIENTED_EDGE('',*,*,#5899,.T.);
#9497=ORIENTED_EDGE('',*,*,#5900,.T.);
#9498=ORIENTED_EDGE('',*,*,#5886,.T.);
#9499=ORIENTED_EDGE('',*,*,#5889,.T.);
#9500=ORIENTED_EDGE('',*,*,#5891,.T.);
#9501=ORIENTED_EDGE('',*,*,#5892,.T.);
#9502=ORIENTED_EDGE('',*,*,#5878,.T.);
#9503=ORIENTED_EDGE('',*,*,#5881,.T.);
#9504=ORIENTED_EDGE('',*,*,#5883,.T.);
#9505=ORIENTED_EDGE('',*,*,#5884,.T.);
#9506=ORIENTED_EDGE('',*,*,#5870,.T.);
#9507=ORIENTED_EDGE('',*,*,#5873,.T.);
#9508=ORIENTED_EDGE('',*,*,#5875,.T.);
#9509=ORIENTED_EDGE('',*,*,#5876,.T.);
#9510=ORIENTED_EDGE('',*,*,#5862,.T.);
#9511=ORIENTED_EDGE('',*,*,#5865,.T.);
#9512=ORIENTED_EDGE('',*,*,#5867,.T.);
#9513=ORIENTED_EDGE('',*,*,#5868,.T.);
#9514=ORIENTED_EDGE('',*,*,#6699,.T.);
#9515=ORIENTED_EDGE('',*,*,#6701,.T.);
#9516=ORIENTED_EDGE('',*,*,#6703,.T.);
#9517=ORIENTED_EDGE('',*,*,#6705,.T.);
#9518=ORIENTED_EDGE('',*,*,#6707,.T.);
#9519=ORIENTED_EDGE('',*,*,#6709,.T.);
#9520=ORIENTED_EDGE('',*,*,#6697,.T.);
#9521=ORIENTED_EDGE('',*,*,#6695,.T.);
#9522=ORIENTED_EDGE('',*,*,#5427,.T.);
#9523=ORIENTED_EDGE('',*,*,#5432,.T.);
#9524=ORIENTED_EDGE('',*,*,#5848,.T.);
#9525=ORIENTED_EDGE('',*,*,#5436,.T.);
#9526=ORIENTED_EDGE('',*,*,#6710,.F.);
#9527=ORIENTED_EDGE('',*,*,#6711,.T.);
#9528=ORIENTED_EDGE('',*,*,#6712,.T.);
#9529=ORIENTED_EDGE('',*,*,#6711,.F.);
#9530=ORIENTED_EDGE('',*,*,#6710,.T.);
#9531=ORIENTED_EDGE('',*,*,#6712,.F.);
#9532=ORIENTED_EDGE('',*,*,#6713,.T.);
#9533=ORIENTED_EDGE('',*,*,#6714,.T.);
#9534=ORIENTED_EDGE('',*,*,#6715,.F.);
#9535=ORIENTED_EDGE('',*,*,#6716,.F.);
#9536=ORIENTED_EDGE('',*,*,#6717,.T.);
#9537=ORIENTED_EDGE('',*,*,#6716,.T.);
#9538=ORIENTED_EDGE('',*,*,#6718,.F.);
#9539=ORIENTED_EDGE('',*,*,#6719,.F.);
#9540=ORIENTED_EDGE('',*,*,#6720,.T.);
#9541=ORIENTED_EDGE('',*,*,#6719,.T.);
#9542=ORIENTED_EDGE('',*,*,#6721,.F.);
#9543=ORIENTED_EDGE('',*,*,#6722,.F.);
#9544=ORIENTED_EDGE('',*,*,#6723,.T.);
#9545=ORIENTED_EDGE('',*,*,#6722,.T.);
#9546=ORIENTED_EDGE('',*,*,#6724,.F.);
#9547=ORIENTED_EDGE('',*,*,#6714,.F.);
#9548=ORIENTED_EDGE('',*,*,#6724,.T.);
#9549=ORIENTED_EDGE('',*,*,#6721,.T.);
#9550=ORIENTED_EDGE('',*,*,#6718,.T.);
#9551=ORIENTED_EDGE('',*,*,#6715,.T.);
#9552=ORIENTED_EDGE('',*,*,#6723,.F.);
#9553=ORIENTED_EDGE('',*,*,#6713,.F.);
#9554=ORIENTED_EDGE('',*,*,#6717,.F.);
#9555=ORIENTED_EDGE('',*,*,#6720,.F.);
#9556=ORIENTED_EDGE('',*,*,#6725,.F.);
#9557=ORIENTED_EDGE('',*,*,#6726,.F.);
#9558=ORIENTED_EDGE('',*,*,#6727,.F.);
#9559=ORIENTED_EDGE('',*,*,#6728,.F.);
#9560=ORIENTED_EDGE('',*,*,#6729,.F.);
#9561=ORIENTED_EDGE('',*,*,#6730,.F.);
#9562=ORIENTED_EDGE('',*,*,#6731,.F.);
#9563=ORIENTED_EDGE('',*,*,#6732,.F.);
#9564=ORIENTED_EDGE('',*,*,#6733,.F.);
#9565=ORIENTED_EDGE('',*,*,#6734,.F.);
#9566=ORIENTED_EDGE('',*,*,#6735,.F.);
#9567=ORIENTED_EDGE('',*,*,#6736,.F.);
#9568=ORIENTED_EDGE('',*,*,#6731,.T.);
#9569=ORIENTED_EDGE('',*,*,#6737,.F.);
#9570=ORIENTED_EDGE('',*,*,#6738,.F.);
#9571=ORIENTED_EDGE('',*,*,#6739,.T.);
#9572=ORIENTED_EDGE('',*,*,#6730,.T.);
#9573=ORIENTED_EDGE('',*,*,#6740,.F.);
#9574=ORIENTED_EDGE('',*,*,#6741,.F.);
#9575=ORIENTED_EDGE('',*,*,#6737,.T.);
#9576=ORIENTED_EDGE('',*,*,#6729,.T.);
#9577=ORIENTED_EDGE('',*,*,#6742,.T.);
#9578=ORIENTED_EDGE('',*,*,#6743,.T.);
#9579=ORIENTED_EDGE('',*,*,#6744,.T.);
#9580=ORIENTED_EDGE('',*,*,#6745,.T.);
#9581=ORIENTED_EDGE('',*,*,#6746,.T.);
#9582=ORIENTED_EDGE('',*,*,#6747,.F.);
#9583=ORIENTED_EDGE('',*,*,#6740,.T.);
#9584=ORIENTED_EDGE('',*,*,#6728,.T.);
#9585=ORIENTED_EDGE('',*,*,#6748,.F.);
#9586=ORIENTED_EDGE('',*,*,#6749,.T.);
#9587=ORIENTED_EDGE('',*,*,#6750,.T.);
#9588=ORIENTED_EDGE('',*,*,#6742,.F.);
#9589=ORIENTED_EDGE('',*,*,#6727,.T.);
#9590=ORIENTED_EDGE('',*,*,#6751,.T.);
#9591=ORIENTED_EDGE('',*,*,#6752,.T.);
#9592=ORIENTED_EDGE('',*,*,#6748,.T.);
#9593=ORIENTED_EDGE('',*,*,#6726,.T.);
#9594=ORIENTED_EDGE('',*,*,#6753,.T.);
#9595=ORIENTED_EDGE('',*,*,#6754,.T.);
#9596=ORIENTED_EDGE('',*,*,#6755,.F.);
#9597=ORIENTED_EDGE('',*,*,#6756,.T.);
#9598=ORIENTED_EDGE('',*,*,#6757,.T.);
#9599=ORIENTED_EDGE('',*,*,#6758,.F.);
#9600=ORIENTED_EDGE('',*,*,#6751,.F.);
#9601=ORIENTED_EDGE('',*,*,#6759,.F.);
#9602=ORIENTED_EDGE('',*,*,#6760,.F.);
#9603=ORIENTED_EDGE('',*,*,#6761,.F.);
#9604=ORIENTED_EDGE('',*,*,#6762,.F.);
#9605=ORIENTED_EDGE('',*,*,#6763,.F.);
#9606=ORIENTED_EDGE('',*,*,#6764,.F.);
#9607=ORIENTED_EDGE('',*,*,#6765,.F.);
#9608=ORIENTED_EDGE('',*,*,#6766,.F.);
#9609=ORIENTED_EDGE('',*,*,#6767,.F.);
#9610=ORIENTED_EDGE('',*,*,#6768,.F.);
#9611=ORIENTED_EDGE('',*,*,#6769,.F.);
#9612=ORIENTED_EDGE('',*,*,#6770,.F.);
#9613=ORIENTED_EDGE('',*,*,#6771,.F.);
#9614=ORIENTED_EDGE('',*,*,#6772,.F.);
#9615=ORIENTED_EDGE('',*,*,#6773,.F.);
#9616=ORIENTED_EDGE('',*,*,#6774,.F.);
#9617=ORIENTED_EDGE('',*,*,#6775,.F.);
#9618=ORIENTED_EDGE('',*,*,#6776,.F.);
#9619=ORIENTED_EDGE('',*,*,#6777,.F.);
#9620=ORIENTED_EDGE('',*,*,#6778,.F.);
#9621=ORIENTED_EDGE('',*,*,#6779,.F.);
#9622=ORIENTED_EDGE('',*,*,#6780,.F.);
#9623=ORIENTED_EDGE('',*,*,#6781,.F.);
#9624=ORIENTED_EDGE('',*,*,#6782,.F.);
#9625=ORIENTED_EDGE('',*,*,#6783,.F.);
#9626=ORIENTED_EDGE('',*,*,#6784,.F.);
#9627=ORIENTED_EDGE('',*,*,#6785,.F.);
#9628=ORIENTED_EDGE('',*,*,#6786,.F.);
#9629=ORIENTED_EDGE('',*,*,#6787,.F.);
#9630=ORIENTED_EDGE('',*,*,#6788,.F.);
#9631=ORIENTED_EDGE('',*,*,#6789,.F.);
#9632=ORIENTED_EDGE('',*,*,#6790,.F.);
#9633=ORIENTED_EDGE('',*,*,#6791,.F.);
#9634=ORIENTED_EDGE('',*,*,#6792,.F.);
#9635=ORIENTED_EDGE('',*,*,#6793,.F.);
#9636=ORIENTED_EDGE('',*,*,#6794,.F.);
#9637=ORIENTED_EDGE('',*,*,#6758,.T.);
#9638=ORIENTED_EDGE('',*,*,#6795,.T.);
#9639=ORIENTED_EDGE('',*,*,#6796,.T.);
#9640=ORIENTED_EDGE('',*,*,#6797,.F.);
#9641=ORIENTED_EDGE('',*,*,#6798,.F.);
#9642=ORIENTED_EDGE('',*,*,#6799,.T.);
#9643=ORIENTED_EDGE('',*,*,#6800,.T.);
#9644=ORIENTED_EDGE('',*,*,#6801,.F.);
#9645=ORIENTED_EDGE('',*,*,#6754,.F.);
#9646=ORIENTED_EDGE('',*,*,#6802,.F.);
#9647=ORIENTED_EDGE('',*,*,#6803,.F.);
#9648=ORIENTED_EDGE('',*,*,#6752,.F.);
#9649=ORIENTED_EDGE('',*,*,#6804,.T.);
#9650=ORIENTED_EDGE('',*,*,#6805,.T.);
#9651=ORIENTED_EDGE('',*,*,#6806,.T.);
#9652=ORIENTED_EDGE('',*,*,#6807,.F.);
#9653=ORIENTED_EDGE('',*,*,#6806,.F.);
#9654=ORIENTED_EDGE('',*,*,#6808,.F.);
#9655=ORIENTED_EDGE('',*,*,#6809,.F.);
#9656=ORIENTED_EDGE('',*,*,#6745,.F.);
#9657=ORIENTED_EDGE('',*,*,#6810,.F.);
#9658=ORIENTED_EDGE('',*,*,#6811,.T.);
#9659=ORIENTED_EDGE('',*,*,#6812,.T.);
#9660=ORIENTED_EDGE('',*,*,#6813,.T.);
#9661=ORIENTED_EDGE('',*,*,#6814,.F.);
#9662=ORIENTED_EDGE('',*,*,#6815,.F.);
#9663=ORIENTED_EDGE('',*,*,#6816,.T.);
#9664=ORIENTED_EDGE('',*,*,#6817,.T.);
#9665=ORIENTED_EDGE('',*,*,#6818,.F.);
#9666=ORIENTED_EDGE('',*,*,#6819,.T.);
#9667=ORIENTED_EDGE('',*,*,#6805,.F.);
#9668=ORIENTED_EDGE('',*,*,#6820,.T.);
#9669=ORIENTED_EDGE('',*,*,#6821,.T.);
#9670=ORIENTED_EDGE('',*,*,#6822,.F.);
#9671=ORIENTED_EDGE('',*,*,#6823,.T.);
#9672=ORIENTED_EDGE('',*,*,#6824,.T.);
#9673=ORIENTED_EDGE('',*,*,#6825,.F.);
#9674=ORIENTED_EDGE('',*,*,#6808,.T.);
#9675=ORIENTED_EDGE('',*,*,#6826,.F.);
#9676=ORIENTED_EDGE('',*,*,#6827,.T.);
#9677=ORIENTED_EDGE('',*,*,#6821,.F.);
#9678=ORIENTED_EDGE('',*,*,#6828,.F.);
#9679=ORIENTED_EDGE('',*,*,#6829,.T.);
#9680=ORIENTED_EDGE('',*,*,#6830,.F.);
#9681=ORIENTED_EDGE('',*,*,#6831,.F.);
#9682=ORIENTED_EDGE('',*,*,#6832,.F.);
#9683=ORIENTED_EDGE('',*,*,#6833,.T.);
#9684=ORIENTED_EDGE('',*,*,#6834,.F.);
#9685=ORIENTED_EDGE('',*,*,#6835,.T.);
#9686=ORIENTED_EDGE('',*,*,#6816,.F.);
#9687=ORIENTED_EDGE('',*,*,#6836,.T.);
#9688=ORIENTED_EDGE('',*,*,#6837,.F.);
#9689=ORIENTED_EDGE('',*,*,#6837,.T.);
#9690=ORIENTED_EDGE('',*,*,#6838,.F.);
#9691=ORIENTED_EDGE('',*,*,#6839,.T.);
#9692=ORIENTED_EDGE('',*,*,#6840,.F.);
#9693=ORIENTED_EDGE('',*,*,#6809,.T.);
#9694=ORIENTED_EDGE('',*,*,#6825,.T.);
#9695=ORIENTED_EDGE('',*,*,#6841,.T.);
#9696=ORIENTED_EDGE('',*,*,#6746,.F.);
#9697=ORIENTED_EDGE('',*,*,#6842,.F.);
#9698=ORIENTED_EDGE('',*,*,#6756,.F.);
#9699=ORIENTED_EDGE('',*,*,#6843,.T.);
#9700=ORIENTED_EDGE('',*,*,#6844,.T.);
#9701=ORIENTED_EDGE('',*,*,#6792,.T.);
#9702=ORIENTED_EDGE('',*,*,#6845,.T.);
#9703=ORIENTED_EDGE('',*,*,#6846,.F.);
#9704=ORIENTED_EDGE('',*,*,#6847,.F.);
#9705=ORIENTED_EDGE('',*,*,#6793,.T.);
#9706=ORIENTED_EDGE('',*,*,#6847,.T.);
#9707=ORIENTED_EDGE('',*,*,#6848,.F.);
#9708=ORIENTED_EDGE('',*,*,#6849,.F.);
#9709=ORIENTED_EDGE('',*,*,#6794,.T.);
#9710=ORIENTED_EDGE('',*,*,#6849,.T.);
#9711=ORIENTED_EDGE('',*,*,#6850,.F.);
#9712=ORIENTED_EDGE('',*,*,#6851,.F.);
#9713=ORIENTED_EDGE('',*,*,#6791,.T.);
#9714=ORIENTED_EDGE('',*,*,#6851,.T.);
#9715=ORIENTED_EDGE('',*,*,#6852,.F.);
#9716=ORIENTED_EDGE('',*,*,#6845,.F.);
#9717=ORIENTED_EDGE('',*,*,#6788,.T.);
#9718=ORIENTED_EDGE('',*,*,#6853,.T.);
#9719=ORIENTED_EDGE('',*,*,#6854,.F.);
#9720=ORIENTED_EDGE('',*,*,#6855,.F.);
#9721=ORIENTED_EDGE('',*,*,#6789,.T.);
#9722=ORIENTED_EDGE('',*,*,#6855,.T.);
#9723=ORIENTED_EDGE('',*,*,#6856,.F.);
#9724=ORIENTED_EDGE('',*,*,#6857,.F.);
#9725=ORIENTED_EDGE('',*,*,#6790,.T.);
#9726=ORIENTED_EDGE('',*,*,#6857,.T.);
#9727=ORIENTED_EDGE('',*,*,#6858,.F.);
#9728=ORIENTED_EDGE('',*,*,#6859,.F.);
#9729=ORIENTED_EDGE('',*,*,#6787,.T.);
#9730=ORIENTED_EDGE('',*,*,#6859,.T.);
#9731=ORIENTED_EDGE('',*,*,#6860,.F.);
#9732=ORIENTED_EDGE('',*,*,#6853,.F.);
#9733=ORIENTED_EDGE('',*,*,#6784,.T.);
#9734=ORIENTED_EDGE('',*,*,#6861,.T.);
#9735=ORIENTED_EDGE('',*,*,#6862,.F.);
#9736=ORIENTED_EDGE('',*,*,#6863,.F.);
#9737=ORIENTED_EDGE('',*,*,#6785,.T.);
#9738=ORIENTED_EDGE('',*,*,#6863,.T.);
#9739=ORIENTED_EDGE('',*,*,#6864,.F.);
#9740=ORIENTED_EDGE('',*,*,#6865,.F.);
#9741=ORIENTED_EDGE('',*,*,#6786,.T.);
#9742=ORIENTED_EDGE('',*,*,#6865,.T.);
#9743=ORIENTED_EDGE('',*,*,#6866,.F.);
#9744=ORIENTED_EDGE('',*,*,#6867,.F.);
#9745=ORIENTED_EDGE('',*,*,#6783,.T.);
#9746=ORIENTED_EDGE('',*,*,#6867,.T.);
#9747=ORIENTED_EDGE('',*,*,#6868,.F.);
#9748=ORIENTED_EDGE('',*,*,#6861,.F.);
#9749=ORIENTED_EDGE('',*,*,#6780,.T.);
#9750=ORIENTED_EDGE('',*,*,#6869,.T.);
#9751=ORIENTED_EDGE('',*,*,#6870,.F.);
#9752=ORIENTED_EDGE('',*,*,#6871,.F.);
#9753=ORIENTED_EDGE('',*,*,#6781,.T.);
#9754=ORIENTED_EDGE('',*,*,#6871,.T.);
#9755=ORIENTED_EDGE('',*,*,#6872,.F.);
#9756=ORIENTED_EDGE('',*,*,#6873,.F.);
#9757=ORIENTED_EDGE('',*,*,#6782,.T.);
#9758=ORIENTED_EDGE('',*,*,#6873,.T.);
#9759=ORIENTED_EDGE('',*,*,#6874,.F.);
#9760=ORIENTED_EDGE('',*,*,#6875,.F.);
#9761=ORIENTED_EDGE('',*,*,#6779,.T.);
#9762=ORIENTED_EDGE('',*,*,#6875,.T.);
#9763=ORIENTED_EDGE('',*,*,#6876,.F.);
#9764=ORIENTED_EDGE('',*,*,#6869,.F.);
#9765=ORIENTED_EDGE('',*,*,#6776,.T.);
#9766=ORIENTED_EDGE('',*,*,#6877,.T.);
#9767=ORIENTED_EDGE('',*,*,#6878,.F.);
#9768=ORIENTED_EDGE('',*,*,#6879,.F.);
#9769=ORIENTED_EDGE('',*,*,#6777,.T.);
#9770=ORIENTED_EDGE('',*,*,#6879,.T.);
#9771=ORIENTED_EDGE('',*,*,#6880,.F.);
#9772=ORIENTED_EDGE('',*,*,#6881,.F.);
#9773=ORIENTED_EDGE('',*,*,#6778,.T.);
#9774=ORIENTED_EDGE('',*,*,#6881,.T.);
#9775=ORIENTED_EDGE('',*,*,#6882,.F.);
#9776=ORIENTED_EDGE('',*,*,#6883,.F.);
#9777=ORIENTED_EDGE('',*,*,#6775,.T.);
#9778=ORIENTED_EDGE('',*,*,#6883,.T.);
#9779=ORIENTED_EDGE('',*,*,#6884,.F.);
#9780=ORIENTED_EDGE('',*,*,#6877,.F.);
#9781=ORIENTED_EDGE('',*,*,#6772,.T.);
#9782=ORIENTED_EDGE('',*,*,#6885,.T.);
#9783=ORIENTED_EDGE('',*,*,#6886,.F.);
#9784=ORIENTED_EDGE('',*,*,#6887,.F.);
#9785=ORIENTED_EDGE('',*,*,#6773,.T.);
#9786=ORIENTED_EDGE('',*,*,#6887,.T.);
#9787=ORIENTED_EDGE('',*,*,#6888,.F.);
#9788=ORIENTED_EDGE('',*,*,#6889,.F.);
#9789=ORIENTED_EDGE('',*,*,#6774,.T.);
#9790=ORIENTED_EDGE('',*,*,#6889,.T.);
#9791=ORIENTED_EDGE('',*,*,#6890,.F.);
#9792=ORIENTED_EDGE('',*,*,#6891,.F.);
#9793=ORIENTED_EDGE('',*,*,#6771,.T.);
#9794=ORIENTED_EDGE('',*,*,#6891,.T.);
#9795=ORIENTED_EDGE('',*,*,#6892,.F.);
#9796=ORIENTED_EDGE('',*,*,#6885,.F.);
#9797=ORIENTED_EDGE('',*,*,#6768,.T.);
#9798=ORIENTED_EDGE('',*,*,#6893,.T.);
#9799=ORIENTED_EDGE('',*,*,#6894,.F.);
#9800=ORIENTED_EDGE('',*,*,#6895,.F.);
#9801=ORIENTED_EDGE('',*,*,#6769,.T.);
#9802=ORIENTED_EDGE('',*,*,#6895,.T.);
#9803=ORIENTED_EDGE('',*,*,#6896,.F.);
#9804=ORIENTED_EDGE('',*,*,#6897,.F.);
#9805=ORIENTED_EDGE('',*,*,#6770,.T.);
#9806=ORIENTED_EDGE('',*,*,#6897,.T.);
#9807=ORIENTED_EDGE('',*,*,#6898,.F.);
#9808=ORIENTED_EDGE('',*,*,#6899,.F.);
#9809=ORIENTED_EDGE('',*,*,#6767,.T.);
#9810=ORIENTED_EDGE('',*,*,#6899,.T.);
#9811=ORIENTED_EDGE('',*,*,#6900,.F.);
#9812=ORIENTED_EDGE('',*,*,#6893,.F.);
#9813=ORIENTED_EDGE('',*,*,#6764,.T.);
#9814=ORIENTED_EDGE('',*,*,#6901,.T.);
#9815=ORIENTED_EDGE('',*,*,#6902,.F.);
#9816=ORIENTED_EDGE('',*,*,#6903,.F.);
#9817=ORIENTED_EDGE('',*,*,#6765,.T.);
#9818=ORIENTED_EDGE('',*,*,#6903,.T.);
#9819=ORIENTED_EDGE('',*,*,#6904,.F.);
#9820=ORIENTED_EDGE('',*,*,#6905,.F.);
#9821=ORIENTED_EDGE('',*,*,#6766,.T.);
#9822=ORIENTED_EDGE('',*,*,#6905,.T.);
#9823=ORIENTED_EDGE('',*,*,#6906,.F.);
#9824=ORIENTED_EDGE('',*,*,#6907,.F.);
#9825=ORIENTED_EDGE('',*,*,#6763,.T.);
#9826=ORIENTED_EDGE('',*,*,#6907,.T.);
#9827=ORIENTED_EDGE('',*,*,#6908,.F.);
#9828=ORIENTED_EDGE('',*,*,#6901,.F.);
#9829=ORIENTED_EDGE('',*,*,#6760,.T.);
#9830=ORIENTED_EDGE('',*,*,#6909,.T.);
#9831=ORIENTED_EDGE('',*,*,#6910,.F.);
#9832=ORIENTED_EDGE('',*,*,#6911,.F.);
#9833=ORIENTED_EDGE('',*,*,#6761,.T.);
#9834=ORIENTED_EDGE('',*,*,#6911,.T.);
#9835=ORIENTED_EDGE('',*,*,#6912,.F.);
#9836=ORIENTED_EDGE('',*,*,#6913,.F.);
#9837=ORIENTED_EDGE('',*,*,#6762,.T.);
#9838=ORIENTED_EDGE('',*,*,#6913,.T.);
#9839=ORIENTED_EDGE('',*,*,#6914,.F.);
#9840=ORIENTED_EDGE('',*,*,#6915,.F.);
#9841=ORIENTED_EDGE('',*,*,#6759,.T.);
#9842=ORIENTED_EDGE('',*,*,#6915,.T.);
#9843=ORIENTED_EDGE('',*,*,#6916,.F.);
#9844=ORIENTED_EDGE('',*,*,#6909,.F.);
#9845=ORIENTED_EDGE('',*,*,#6733,.T.);
#9846=ORIENTED_EDGE('',*,*,#6917,.F.);
#9847=ORIENTED_EDGE('',*,*,#6918,.T.);
#9848=ORIENTED_EDGE('',*,*,#6919,.T.);
#9849=ORIENTED_EDGE('',*,*,#6920,.T.);
#9850=ORIENTED_EDGE('',*,*,#6921,.F.);
#9851=ORIENTED_EDGE('',*,*,#6831,.T.);
#9852=ORIENTED_EDGE('',*,*,#6830,.T.);
#9853=ORIENTED_EDGE('',*,*,#6833,.F.);
#9854=ORIENTED_EDGE('',*,*,#6922,.F.);
#9855=ORIENTED_EDGE('',*,*,#6923,.T.);
#9856=ORIENTED_EDGE('',*,*,#6924,.F.);
#9857=ORIENTED_EDGE('',*,*,#6925,.T.);
#9858=ORIENTED_EDGE('',*,*,#6926,.F.);
#9859=ORIENTED_EDGE('',*,*,#6927,.T.);
#9860=ORIENTED_EDGE('',*,*,#6928,.T.);
#9861=ORIENTED_EDGE('',*,*,#6826,.T.);
#9862=ORIENTED_EDGE('',*,*,#6834,.T.);
#9863=ORIENTED_EDGE('',*,*,#6926,.T.);
#9864=ORIENTED_EDGE('',*,*,#6929,.T.);
#9865=ORIENTED_EDGE('',*,*,#6930,.T.);
#9866=ORIENTED_EDGE('',*,*,#6931,.T.);
#9867=ORIENTED_EDGE('',*,*,#6932,.F.);
#9868=ORIENTED_EDGE('',*,*,#6839,.F.);
#9869=ORIENTED_EDGE('',*,*,#6933,.F.);
#9870=ORIENTED_EDGE('',*,*,#6931,.F.);
#9871=ORIENTED_EDGE('',*,*,#6934,.F.);
#9872=ORIENTED_EDGE('',*,*,#6804,.F.);
#9873=ORIENTED_EDGE('',*,*,#6935,.F.);
#9874=ORIENTED_EDGE('',*,*,#6936,.F.);
#9875=ORIENTED_EDGE('',*,*,#6937,.F.);
#9876=ORIENTED_EDGE('',*,*,#6918,.F.);
#9877=ORIENTED_EDGE('',*,*,#6938,.F.);
#9878=ORIENTED_EDGE('',*,*,#6920,.F.);
#9879=ORIENTED_EDGE('',*,*,#6829,.F.);
#9880=ORIENTED_EDGE('',*,*,#6828,.T.);
#9881=ORIENTED_EDGE('',*,*,#6820,.F.);
#9882=ORIENTED_EDGE('',*,*,#6734,.T.);
#9883=ORIENTED_EDGE('',*,*,#6919,.F.);
#9884=ORIENTED_EDGE('',*,*,#6937,.T.);
#9885=ORIENTED_EDGE('',*,*,#6939,.F.);
#9886=ORIENTED_EDGE('',*,*,#6725,.T.);
#9887=ORIENTED_EDGE('',*,*,#6940,.T.);
#9888=ORIENTED_EDGE('',*,*,#6802,.T.);
#9889=ORIENTED_EDGE('',*,*,#6753,.F.);
#9890=ORIENTED_EDGE('',*,*,#6801,.T.);
#9891=ORIENTED_EDGE('',*,*,#6941,.T.);
#9892=ORIENTED_EDGE('',*,*,#6843,.F.);
#9893=ORIENTED_EDGE('',*,*,#6755,.T.);
#9894=ORIENTED_EDGE('',*,*,#6796,.F.);
#9895=ORIENTED_EDGE('',*,*,#6942,.F.);
#9896=ORIENTED_EDGE('',*,*,#6844,.F.);
#9897=ORIENTED_EDGE('',*,*,#6941,.F.);
#9898=ORIENTED_EDGE('',*,*,#6800,.F.);
#9899=ORIENTED_EDGE('',*,*,#6929,.F.);
#9900=ORIENTED_EDGE('',*,*,#6795,.F.);
#9901=ORIENTED_EDGE('',*,*,#6757,.F.);
#9902=ORIENTED_EDGE('',*,*,#6842,.T.);
#9903=ORIENTED_EDGE('',*,*,#6942,.T.);
#9904=ORIENTED_EDGE('',*,*,#6732,.T.);
#9905=ORIENTED_EDGE('',*,*,#6739,.F.);
#9906=ORIENTED_EDGE('',*,*,#6943,.T.);
#9907=ORIENTED_EDGE('',*,*,#6944,.T.);
#9908=ORIENTED_EDGE('',*,*,#6922,.T.);
#9909=ORIENTED_EDGE('',*,*,#6832,.T.);
#9910=ORIENTED_EDGE('',*,*,#6921,.T.);
#9911=ORIENTED_EDGE('',*,*,#6938,.T.);
#9912=ORIENTED_EDGE('',*,*,#6917,.T.);
#9913=ORIENTED_EDGE('',*,*,#6916,.T.);
#9914=ORIENTED_EDGE('',*,*,#6914,.T.);
#9915=ORIENTED_EDGE('',*,*,#6912,.T.);
#9916=ORIENTED_EDGE('',*,*,#6910,.T.);
#9917=ORIENTED_EDGE('',*,*,#6908,.T.);
#9918=ORIENTED_EDGE('',*,*,#6906,.T.);
#9919=ORIENTED_EDGE('',*,*,#6904,.T.);
#9920=ORIENTED_EDGE('',*,*,#6902,.T.);
#9921=ORIENTED_EDGE('',*,*,#6900,.T.);
#9922=ORIENTED_EDGE('',*,*,#6898,.T.);
#9923=ORIENTED_EDGE('',*,*,#6896,.T.);
#9924=ORIENTED_EDGE('',*,*,#6894,.T.);
#9925=ORIENTED_EDGE('',*,*,#6892,.T.);
#9926=ORIENTED_EDGE('',*,*,#6890,.T.);
#9927=ORIENTED_EDGE('',*,*,#6888,.T.);
#9928=ORIENTED_EDGE('',*,*,#6886,.T.);
#9929=ORIENTED_EDGE('',*,*,#6884,.T.);
#9930=ORIENTED_EDGE('',*,*,#6882,.T.);
#9931=ORIENTED_EDGE('',*,*,#6880,.T.);
#9932=ORIENTED_EDGE('',*,*,#6878,.T.);
#9933=ORIENTED_EDGE('',*,*,#6876,.T.);
#9934=ORIENTED_EDGE('',*,*,#6874,.T.);
#9935=ORIENTED_EDGE('',*,*,#6872,.T.);
#9936=ORIENTED_EDGE('',*,*,#6870,.T.);
#9937=ORIENTED_EDGE('',*,*,#6868,.T.);
#9938=ORIENTED_EDGE('',*,*,#6866,.T.);
#9939=ORIENTED_EDGE('',*,*,#6864,.T.);
#9940=ORIENTED_EDGE('',*,*,#6862,.T.);
#9941=ORIENTED_EDGE('',*,*,#6860,.T.);
#9942=ORIENTED_EDGE('',*,*,#6858,.T.);
#9943=ORIENTED_EDGE('',*,*,#6856,.T.);
#9944=ORIENTED_EDGE('',*,*,#6854,.T.);
#9945=ORIENTED_EDGE('',*,*,#6852,.T.);
#9946=ORIENTED_EDGE('',*,*,#6850,.T.);
#9947=ORIENTED_EDGE('',*,*,#6848,.T.);
#9948=ORIENTED_EDGE('',*,*,#6846,.T.);
#9949=ORIENTED_EDGE('',*,*,#6945,.T.);
#9950=ORIENTED_EDGE('',*,*,#6946,.F.);
#9951=ORIENTED_EDGE('',*,*,#6923,.F.);
#9952=ORIENTED_EDGE('',*,*,#6944,.F.);
#9953=ORIENTED_EDGE('',*,*,#6947,.T.);
#9954=ORIENTED_EDGE('',*,*,#6948,.T.);
#9955=ORIENTED_EDGE('',*,*,#6924,.T.);
#9956=ORIENTED_EDGE('',*,*,#6946,.T.);
#9957=ORIENTED_EDGE('',*,*,#6949,.T.);
#9958=ORIENTED_EDGE('',*,*,#6950,.T.);
#9959=ORIENTED_EDGE('',*,*,#6951,.T.);
#9960=ORIENTED_EDGE('',*,*,#6927,.F.);
#9961=ORIENTED_EDGE('',*,*,#6925,.F.);
#9962=ORIENTED_EDGE('',*,*,#6948,.F.);
#9963=ORIENTED_EDGE('',*,*,#6950,.F.);
#9964=ORIENTED_EDGE('',*,*,#6952,.T.);
#9965=ORIENTED_EDGE('',*,*,#6823,.F.);
#9966=ORIENTED_EDGE('',*,*,#6953,.F.);
#9967=ORIENTED_EDGE('',*,*,#6928,.F.);
#9968=ORIENTED_EDGE('',*,*,#6951,.F.);
#9969=ORIENTED_EDGE('',*,*,#6953,.T.);
#9970=ORIENTED_EDGE('',*,*,#6822,.T.);
#9971=ORIENTED_EDGE('',*,*,#6827,.F.);
#9972=ORIENTED_EDGE('',*,*,#6838,.T.);
#9973=ORIENTED_EDGE('',*,*,#6836,.F.);
#9974=ORIENTED_EDGE('',*,*,#6819,.F.);
#9975=ORIENTED_EDGE('',*,*,#6954,.T.);
#9976=ORIENTED_EDGE('',*,*,#6797,.T.);
#9977=ORIENTED_EDGE('',*,*,#6932,.T.);
#9978=ORIENTED_EDGE('',*,*,#6933,.T.);
#9979=ORIENTED_EDGE('',*,*,#6818,.T.);
#9980=ORIENTED_EDGE('',*,*,#6955,.F.);
#9981=ORIENTED_EDGE('',*,*,#6798,.T.);
#9982=ORIENTED_EDGE('',*,*,#6954,.F.);
#9983=ORIENTED_EDGE('',*,*,#6840,.T.);
#9984=ORIENTED_EDGE('',*,*,#6934,.T.);
#9985=ORIENTED_EDGE('',*,*,#6930,.F.);
#9986=ORIENTED_EDGE('',*,*,#6799,.F.);
#9987=ORIENTED_EDGE('',*,*,#6955,.T.);
#9988=ORIENTED_EDGE('',*,*,#6817,.F.);
#9989=ORIENTED_EDGE('',*,*,#6835,.F.);
#9990=ORIENTED_EDGE('',*,*,#6935,.T.);
#9991=ORIENTED_EDGE('',*,*,#6807,.T.);
#9992=ORIENTED_EDGE('',*,*,#6815,.T.);
#9993=ORIENTED_EDGE('',*,*,#6956,.F.);
#9994=ORIENTED_EDGE('',*,*,#6735,.T.);
#9995=ORIENTED_EDGE('',*,*,#6939,.T.);
#9996=ORIENTED_EDGE('',*,*,#6936,.T.);
#9997=ORIENTED_EDGE('',*,*,#6956,.T.);
#9998=ORIENTED_EDGE('',*,*,#6814,.T.);
#9999=ORIENTED_EDGE('',*,*,#6957,.T.);
#10000=ORIENTED_EDGE('',*,*,#6736,.T.);
#10001=ORIENTED_EDGE('',*,*,#6957,.F.);
#10002=ORIENTED_EDGE('',*,*,#6813,.F.);
#10003=ORIENTED_EDGE('',*,*,#6958,.F.);
#10004=ORIENTED_EDGE('',*,*,#6940,.F.);
#10005=ORIENTED_EDGE('',*,*,#6803,.T.);
#10006=ORIENTED_EDGE('',*,*,#6958,.T.);
#10007=ORIENTED_EDGE('',*,*,#6812,.F.);
#10008=ORIENTED_EDGE('',*,*,#6749,.F.);
#10009=ORIENTED_EDGE('',*,*,#6810,.T.);
#10010=ORIENTED_EDGE('',*,*,#6744,.F.);
#10011=ORIENTED_EDGE('',*,*,#6959,.F.);
#10012=ORIENTED_EDGE('',*,*,#6959,.T.);
#10013=ORIENTED_EDGE('',*,*,#6743,.F.);
#10014=ORIENTED_EDGE('',*,*,#6750,.F.);
#10015=ORIENTED_EDGE('',*,*,#6811,.F.);
#10016=ORIENTED_EDGE('',*,*,#6738,.T.);
#10017=ORIENTED_EDGE('',*,*,#6741,.T.);
#10018=ORIENTED_EDGE('',*,*,#6747,.T.);
#10019=ORIENTED_EDGE('',*,*,#6841,.F.);
#10020=ORIENTED_EDGE('',*,*,#6824,.F.);
#10021=ORIENTED_EDGE('',*,*,#6952,.F.);
#10022=ORIENTED_EDGE('',*,*,#6949,.F.);
#10023=ORIENTED_EDGE('',*,*,#6947,.F.);
#10024=ORIENTED_EDGE('',*,*,#6945,.F.);
#10025=ORIENTED_EDGE('',*,*,#6943,.F.);
#10026=PLANE('',#11794);
#10027=PLANE('',#11795);
#10028=PLANE('',#11796);
#10029=PLANE('',#11797);
#10030=PLANE('',#11804);
#10031=PLANE('',#11805);
#10032=PLANE('',#11806);
#10033=PLANE('',#11807);
#10034=PLANE('',#11808);
#10035=PLANE('',#11809);
#10036=PLANE('',#11810);
#10037=PLANE('',#11811);
#10038=PLANE('',#11812);
#10039=PLANE('',#11813);
#10040=PLANE('',#11814);
#10041=PLANE('',#11815);
#10042=PLANE('',#11816);
#10043=PLANE('',#11817);
#10044=PLANE('',#11818);
#10045=PLANE('',#11819);
#10046=PLANE('',#11820);
#10047=PLANE('',#11821);
#10048=PLANE('',#11822);
#10049=PLANE('',#11823);
#10050=PLANE('',#11824);
#10051=PLANE('',#11825);
#10052=PLANE('',#11826);
#10053=PLANE('',#11827);
#10054=PLANE('',#11828);
#10055=PLANE('',#11829);
#10056=PLANE('',#11830);
#10057=PLANE('',#11831);
#10058=PLANE('',#11832);
#10059=PLANE('',#11833);
#10060=PLANE('',#11834);
#10061=PLANE('',#11835);
#10062=PLANE('',#11836);
#10063=PLANE('',#11837);
#10064=PLANE('',#11838);
#10065=PLANE('',#11839);
#10066=PLANE('',#11840);
#10067=PLANE('',#11841);
#10068=PLANE('',#11842);
#10069=PLANE('',#11843);
#10070=PLANE('',#11844);
#10071=PLANE('',#11845);
#10072=PLANE('',#11846);
#10073=PLANE('',#11847);
#10074=PLANE('',#11848);
#10075=PLANE('',#11849);
#10076=PLANE('',#11850);
#10077=PLANE('',#11851);
#10078=PLANE('',#11852);
#10079=PLANE('',#11853);
#10080=PLANE('',#11854);
#10081=PLANE('',#11855);
#10082=PLANE('',#11856);
#10083=PLANE('',#11857);
#10084=PLANE('',#11858);
#10085=PLANE('',#11859);
#10086=PLANE('',#11860);
#10087=PLANE('',#11861);
#10088=PLANE('',#11862);
#10089=PLANE('',#11863);
#10090=PLANE('',#11864);
#10091=PLANE('',#11865);
#10092=PLANE('',#11866);
#10093=PLANE('',#11867);
#10094=PLANE('',#11868);
#10095=PLANE('',#11869);
#10096=PLANE('',#11870);
#10097=PLANE('',#11871);
#10098=PLANE('',#11872);
#10099=PLANE('',#11873);
#10100=PLANE('',#11874);
#10101=PLANE('',#11875);
#10102=PLANE('',#11876);
#10103=PLANE('',#11877);
#10104=PLANE('',#11878);
#10105=PLANE('',#11879);
#10106=PLANE('',#11880);
#10107=PLANE('',#11881);
#10108=PLANE('',#11882);
#10109=PLANE('',#11883);
#10110=PLANE('',#11884);
#10111=PLANE('',#11885);
#10112=PLANE('',#11886);
#10113=PLANE('',#11887);
#10114=PLANE('',#11888);
#10115=PLANE('',#11889);
#10116=PLANE('',#11890);
#10117=PLANE('',#11891);
#10118=PLANE('',#11892);
#10119=PLANE('',#11893);
#10120=PLANE('',#11894);
#10121=PLANE('',#11895);
#10122=PLANE('',#11896);
#10123=PLANE('',#11897);
#10124=PLANE('',#11898);
#10125=PLANE('',#11899);
#10126=PLANE('',#11900);
#10127=PLANE('',#11901);
#10128=PLANE('',#11902);
#10129=PLANE('',#11903);
#10130=PLANE('',#11904);
#10131=PLANE('',#11905);
#10132=PLANE('',#11906);
#10133=PLANE('',#11907);
#10134=PLANE('',#11908);
#10135=PLANE('',#11909);
#10136=PLANE('',#11910);
#10137=PLANE('',#11911);
#10138=PLANE('',#11912);
#10139=PLANE('',#11913);
#10140=PLANE('',#11914);
#10141=PLANE('',#11915);
#10142=PLANE('',#11916);
#10143=PLANE('',#11917);
#10144=PLANE('',#11918);
#10145=PLANE('',#11919);
#10146=PLANE('',#11920);
#10147=PLANE('',#11921);
#10148=PLANE('',#11922);
#10149=PLANE('',#11923);
#10150=PLANE('',#11924);
#10151=PLANE('',#11925);
#10152=PLANE('',#11926);
#10153=PLANE('',#11927);
#10154=PLANE('',#11928);
#10155=PLANE('',#11929);
#10156=PLANE('',#11930);
#10157=PLANE('',#11931);
#10158=PLANE('',#11932);
#10159=PLANE('',#11933);
#10160=PLANE('',#11934);
#10161=PLANE('',#11935);
#10162=PLANE('',#11936);
#10163=PLANE('',#11937);
#10164=PLANE('',#11938);
#10165=PLANE('',#11939);
#10166=PLANE('',#11940);
#10167=PLANE('',#11941);
#10168=PLANE('',#11942);
#10169=PLANE('',#11943);
#10170=PLANE('',#11944);
#10171=PLANE('',#11945);
#10172=PLANE('',#11946);
#10173=PLANE('',#11947);
#10174=PLANE('',#11948);
#10175=PLANE('',#11949);
#10176=PLANE('',#11950);
#10177=PLANE('',#11951);
#10178=PLANE('',#11952);
#10179=PLANE('',#11953);
#10180=PLANE('',#11954);
#10181=PLANE('',#11955);
#10182=PLANE('',#11956);
#10183=PLANE('',#11957);
#10184=PLANE('',#11958);
#10185=PLANE('',#11959);
#10186=PLANE('',#11960);
#10187=PLANE('',#11961);
#10188=PLANE('',#11962);
#10189=PLANE('',#11963);
#10190=PLANE('',#11964);
#10191=PLANE('',#11965);
#10192=PLANE('',#11966);
#10193=PLANE('',#11967);
#10194=PLANE('',#11968);
#10195=PLANE('',#11969);
#10196=PLANE('',#11970);
#10197=PLANE('',#11971);
#10198=PLANE('',#11972);
#10199=PLANE('',#11973);
#10200=PLANE('',#11974);
#10201=PLANE('',#11975);
#10202=PLANE('',#11976);
#10203=PLANE('',#11977);
#10204=PLANE('',#11978);
#10205=PLANE('',#11979);
#10206=PLANE('',#11980);
#10207=PLANE('',#11981);
#10208=PLANE('',#11982);
#10209=PLANE('',#11983);
#10210=PLANE('',#11984);
#10211=PLANE('',#11985);
#10212=PLANE('',#11986);
#10213=PLANE('',#11987);
#10214=PLANE('',#11988);
#10215=PLANE('',#11989);
#10216=PLANE('',#11990);
#10217=PLANE('',#11991);
#10218=PLANE('',#11992);
#10219=PLANE('',#11993);
#10220=PLANE('',#11994);
#10221=PLANE('',#11995);
#10222=PLANE('',#11996);
#10223=PLANE('',#11997);
#10224=PLANE('',#11998);
#10225=PLANE('',#11999);
#10226=PLANE('',#12000);
#10227=PLANE('',#12001);
#10228=PLANE('',#12002);
#10229=PLANE('',#12003);
#10230=PLANE('',#12004);
#10231=PLANE('',#12005);
#10232=PLANE('',#12006);
#10233=PLANE('',#12007);
#10234=PLANE('',#12008);
#10235=PLANE('',#12009);
#10236=PLANE('',#12010);
#10237=PLANE('',#12011);
#10238=PLANE('',#12012);
#10239=PLANE('',#12013);
#10240=PLANE('',#12014);
#10241=PLANE('',#12015);
#10242=PLANE('',#12016);
#10243=PLANE('',#12017);
#10244=PLANE('',#12018);
#10245=PLANE('',#12019);
#10246=PLANE('',#12020);
#10247=PLANE('',#12021);
#10248=PLANE('',#12022);
#10249=PLANE('',#12023);
#10250=PLANE('',#12024);
#10251=PLANE('',#12025);
#10252=PLANE('',#12026);
#10253=PLANE('',#12027);
#10254=PLANE('',#12028);
#10255=PLANE('',#12029);
#10256=PLANE('',#12030);
#10257=PLANE('',#12031);
#10258=PLANE('',#12032);
#10259=PLANE('',#12033);
#10260=PLANE('',#12034);
#10261=PLANE('',#12035);
#10262=PLANE('',#12036);
#10263=PLANE('',#12037);
#10264=PLANE('',#12038);
#10265=PLANE('',#12039);
#10266=PLANE('',#12040);
#10267=PLANE('',#12041);
#10268=PLANE('',#12042);
#10269=PLANE('',#12043);
#10270=PLANE('',#12044);
#10271=PLANE('',#12045);
#10272=PLANE('',#12046);
#10273=PLANE('',#12047);
#10274=PLANE('',#12048);
#10275=PLANE('',#12049);
#10276=PLANE('',#12050);
#10277=PLANE('',#12051);
#10278=PLANE('',#12052);
#10279=PLANE('',#12053);
#10280=PLANE('',#12054);
#10281=PLANE('',#12055);
#10282=PLANE('',#12056);
#10283=PLANE('',#12057);
#10284=PLANE('',#12058);
#10285=PLANE('',#12059);
#10286=PLANE('',#12060);
#10287=PLANE('',#12061);
#10288=PLANE('',#12062);
#10289=PLANE('',#12063);
#10290=PLANE('',#12064);
#10291=PLANE('',#12065);
#10292=PLANE('',#12066);
#10293=PLANE('',#12067);
#10294=PLANE('',#12068);
#10295=PLANE('',#12069);
#10296=PLANE('',#12070);
#10297=PLANE('',#12071);
#10298=PLANE('',#12072);
#10299=PLANE('',#12073);
#10300=PLANE('',#12074);
#10301=PLANE('',#12075);
#10302=PLANE('',#12076);
#10303=PLANE('',#12077);
#10304=PLANE('',#12078);
#10305=PLANE('',#12079);
#10306=PLANE('',#12080);
#10307=PLANE('',#12081);
#10308=PLANE('',#12082);
#10309=PLANE('',#12083);
#10310=PLANE('',#12084);
#10311=PLANE('',#12085);
#10312=PLANE('',#12086);
#10313=PLANE('',#12087);
#10314=PLANE('',#12088);
#10315=PLANE('',#12089);
#10316=PLANE('',#12090);
#10317=PLANE('',#12091);
#10318=PLANE('',#12092);
#10319=PLANE('',#12093);
#10320=PLANE('',#12094);
#10321=PLANE('',#12095);
#10322=PLANE('',#12096);
#10323=PLANE('',#12097);
#10324=PLANE('',#12098);
#10325=PLANE('',#12099);
#10326=PLANE('',#12100);
#10327=PLANE('',#12101);
#10328=PLANE('',#12102);
#10329=PLANE('',#12103);
#10330=PLANE('',#12104);
#10331=PLANE('',#12105);
#10332=PLANE('',#12106);
#10333=PLANE('',#12107);
#10334=PLANE('',#12108);
#10335=PLANE('',#12109);
#10336=PLANE('',#12110);
#10337=PLANE('',#12111);
#10338=PLANE('',#12112);
#10339=PLANE('',#12113);
#10340=PLANE('',#12114);
#10341=PLANE('',#12115);
#10342=PLANE('',#12116);
#10343=PLANE('',#12117);
#10344=PLANE('',#12118);
#10345=PLANE('',#12119);
#10346=PLANE('',#12120);
#10347=PLANE('',#12121);
#10348=PLANE('',#12122);
#10349=PLANE('',#12123);
#10350=PLANE('',#12124);
#10351=PLANE('',#12125);
#10352=PLANE('',#12126);
#10353=PLANE('',#12127);
#10354=PLANE('',#12128);
#10355=PLANE('',#12129);
#10356=PLANE('',#12130);
#10357=PLANE('',#12131);
#10358=PLANE('',#12132);
#10359=PLANE('',#12133);
#10360=PLANE('',#12134);
#10361=PLANE('',#12135);
#10362=PLANE('',#12136);
#10363=PLANE('',#12137);
#10364=PLANE('',#12138);
#10365=PLANE('',#12139);
#10366=PLANE('',#12140);
#10367=PLANE('',#12141);
#10368=PLANE('',#12142);
#10369=PLANE('',#12143);
#10370=PLANE('',#12144);
#10371=PLANE('',#12145);
#10372=PLANE('',#12146);
#10373=PLANE('',#12147);
#10374=PLANE('',#12148);
#10375=PLANE('',#12149);
#10376=PLANE('',#12150);
#10377=PLANE('',#12151);
#10378=PLANE('',#12152);
#10379=PLANE('',#12153);
#10380=PLANE('',#12154);
#10381=PLANE('',#12155);
#10382=PLANE('',#12156);
#10383=PLANE('',#12157);
#10384=PLANE('',#12158);
#10385=PLANE('',#12159);
#10386=PLANE('',#12160);
#10387=PLANE('',#12161);
#10388=PLANE('',#12162);
#10389=PLANE('',#12163);
#10390=PLANE('',#12164);
#10391=PLANE('',#12165);
#10392=PLANE('',#12166);
#10393=PLANE('',#12167);
#10394=PLANE('',#12168);
#10395=PLANE('',#12169);
#10396=PLANE('',#12170);
#10397=PLANE('',#12171);
#10398=PLANE('',#12172);
#10399=PLANE('',#12173);
#10400=PLANE('',#12174);
#10401=PLANE('',#12175);
#10402=PLANE('',#12176);
#10403=PLANE('',#12177);
#10404=PLANE('',#12178);
#10405=PLANE('',#12179);
#10406=PLANE('',#12180);
#10407=PLANE('',#12181);
#10408=PLANE('',#12182);
#10409=PLANE('',#12183);
#10410=PLANE('',#12184);
#10411=PLANE('',#12185);
#10412=PLANE('',#12186);
#10413=PLANE('',#12187);
#10414=PLANE('',#12188);
#10415=PLANE('',#12189);
#10416=PLANE('',#12190);
#10417=PLANE('',#12191);
#10418=PLANE('',#12192);
#10419=PLANE('',#12193);
#10420=PLANE('',#12194);
#10421=PLANE('',#12195);
#10422=PLANE('',#12196);
#10423=PLANE('',#12197);
#10424=PLANE('',#12198);
#10425=PLANE('',#12199);
#10426=PLANE('',#12200);
#10427=PLANE('',#12201);
#10428=PLANE('',#12202);
#10429=PLANE('',#12203);
#10430=PLANE('',#12204);
#10431=PLANE('',#12205);
#10432=PLANE('',#12206);
#10433=PLANE('',#12207);
#10434=PLANE('',#12208);
#10435=PLANE('',#12209);
#10436=PLANE('',#12210);
#10437=PLANE('',#12211);
#10438=PLANE('',#12212);
#10439=PLANE('',#12213);
#10440=PLANE('',#12214);
#10441=PLANE('',#12215);
#10442=PLANE('',#12216);
#10443=PLANE('',#12217);
#10444=PLANE('',#12218);
#10445=PLANE('',#12219);
#10446=PLANE('',#12220);
#10447=PLANE('',#12221);
#10448=PLANE('',#12222);
#10449=PLANE('',#12223);
#10450=PLANE('',#12224);
#10451=PLANE('',#12225);
#10452=PLANE('',#12226);
#10453=PLANE('',#12227);
#10454=PLANE('',#12231);
#10455=PLANE('',#12232);
#10456=PLANE('',#12233);
#10457=PLANE('',#12234);
#10458=PLANE('',#12235);
#10459=PLANE('',#12236);
#10460=PLANE('',#12237);
#10461=PLANE('',#12238);
#10462=PLANE('',#12239);
#10463=PLANE('',#12240);
#10464=PLANE('',#12241);
#10465=PLANE('',#12242);
#10466=PLANE('',#12243);
#10467=PLANE('',#12244);
#10468=PLANE('',#12245);
#10469=PLANE('',#12246);
#10470=PLANE('',#12250);
#10471=PLANE('',#12253);
#10472=PLANE('',#12254);
#10473=PLANE('',#12255);
#10474=PLANE('',#12256);
#10475=PLANE('',#12257);
#10476=PLANE('',#12260);
#10477=PLANE('',#12261);
#10478=PLANE('',#12262);
#10479=PLANE('',#12263);
#10480=PLANE('',#12264);
#10481=PLANE('',#12265);
#10482=PLANE('',#12266);
#10483=PLANE('',#12267);
#10484=PLANE('',#12268);
#10485=PLANE('',#12269);
#10486=PLANE('',#12270);
#10487=PLANE('',#12271);
#10488=PLANE('',#12272);
#10489=PLANE('',#12273);
#10490=PLANE('',#12274);
#10491=PLANE('',#12275);
#10492=PLANE('',#12276);
#10493=PLANE('',#12277);
#10494=PLANE('',#12278);
#10495=PLANE('',#12279);
#10496=PLANE('',#12280);
#10497=PLANE('',#12281);
#10498=PLANE('',#12282);
#10499=PLANE('',#12283);
#10500=PLANE('',#12284);
#10501=PLANE('',#12285);
#10502=PLANE('',#12286);
#10503=PLANE('',#12287);
#10504=PLANE('',#12288);
#10505=PLANE('',#12289);
#10506=PLANE('',#12290);
#10507=PLANE('',#12291);
#10508=PLANE('',#12292);
#10509=PLANE('',#12293);
#10510=PLANE('',#12294);
#10511=PLANE('',#12295);
#10512=PLANE('',#12296);
#10513=PLANE('',#12297);
#10514=PLANE('',#12298);
#10515=PLANE('',#12299);
#10516=PLANE('',#12300);
#10517=PLANE('',#12301);
#10518=PLANE('',#12302);
#10519=PLANE('',#12303);
#10520=PLANE('',#12305);
#10521=PLANE('',#12306);
#10522=PLANE('',#12307);
#10523=PLANE('',#12308);
#10524=PLANE('',#12309);
#10525=PLANE('',#12310);
#10526=PLANE('',#12311);
#10527=PLANE('',#12312);
#10528=PLANE('',#12313);
#10529=PLANE('',#12314);
#10530=PLANE('',#12315);
#10531=PLANE('',#12316);
#10532=PLANE('',#12317);
#10533=PLANE('',#12318);
#10534=PLANE('',#12320);
#10535=PLANE('',#12321);
#10536=PLANE('',#12322);
#10537=PLANE('',#12323);
#10538=PLANE('',#12324);
#10539=PLANE('',#12325);
#10540=ADVANCED_FACE('',(#182),#10026,.T.);
#10541=ADVANCED_FACE('',(#183),#10027,.T.);
#10542=ADVANCED_FACE('',(#184,#39,#40,#41,#42,#43,#44,#45,#46,#47,#48,#49,
#50,#51,#52,#53,#54,#55,#56,#57,#58,#59,#60,#61,#62,#63,#64,#65,#66,#67,
#68,#69,#70,#71,#72,#73,#74,#75,#76,#77,#78,#79,#80,#81,#82,#83,#84,#85,
#86,#87,#88,#89,#90,#91,#92,#93,#94,#95,#96,#97,#98,#99,#100),#10028,.F.);
#10543=ADVANCED_FACE('',(#185),#10029,.F.);
#10544=ADVANCED_FACE('',(#186),#33,.T.);
#10545=ADVANCED_FACE('',(#187),#34,.T.);
#10546=ADVANCED_FACE('',(#188),#10030,.T.);
#10547=ADVANCED_FACE('',(#189),#10031,.T.);
#10548=ADVANCED_FACE('',(#190),#10032,.T.);
#10549=ADVANCED_FACE('',(#191),#10033,.T.);
#10550=ADVANCED_FACE('',(#192),#10034,.T.);
#10551=ADVANCED_FACE('',(#193),#10035,.T.);
#10552=ADVANCED_FACE('',(#194),#10036,.T.);
#10553=ADVANCED_FACE('',(#195),#10037,.T.);
#10554=ADVANCED_FACE('',(#196),#10038,.T.);
#10555=ADVANCED_FACE('',(#197),#10039,.T.);
#10556=ADVANCED_FACE('',(#198),#10040,.T.);
#10557=ADVANCED_FACE('',(#199),#10041,.T.);
#10558=ADVANCED_FACE('',(#200),#10042,.T.);
#10559=ADVANCED_FACE('',(#201),#10043,.T.);
#10560=ADVANCED_FACE('',(#202),#10044,.T.);
#10561=ADVANCED_FACE('',(#203),#10045,.T.);
#10562=ADVANCED_FACE('',(#204),#10046,.T.);
#10563=ADVANCED_FACE('',(#205),#10047,.T.);
#10564=ADVANCED_FACE('',(#206),#10048,.T.);
#10565=ADVANCED_FACE('',(#207),#10049,.T.);
#10566=ADVANCED_FACE('',(#208),#10050,.T.);
#10567=ADVANCED_FACE('',(#209),#10051,.T.);
#10568=ADVANCED_FACE('',(#210),#10052,.T.);
#10569=ADVANCED_FACE('',(#211),#10053,.T.);
#10570=ADVANCED_FACE('',(#212),#10054,.T.);
#10571=ADVANCED_FACE('',(#213),#10055,.T.);
#10572=ADVANCED_FACE('',(#214),#10056,.T.);
#10573=ADVANCED_FACE('',(#215),#10057,.T.);
#10574=ADVANCED_FACE('',(#216),#10058,.T.);
#10575=ADVANCED_FACE('',(#217),#10059,.T.);
#10576=ADVANCED_FACE('',(#218),#10060,.T.);
#10577=ADVANCED_FACE('',(#219),#10061,.T.);
#10578=ADVANCED_FACE('',(#220),#10062,.T.);
#10579=ADVANCED_FACE('',(#221),#10063,.T.);
#10580=ADVANCED_FACE('',(#222),#10064,.T.);
#10581=ADVANCED_FACE('',(#223),#10065,.T.);
#10582=ADVANCED_FACE('',(#224),#10066,.T.);
#10583=ADVANCED_FACE('',(#225),#10067,.T.);
#10584=ADVANCED_FACE('',(#226),#10068,.T.);
#10585=ADVANCED_FACE('',(#227),#10069,.T.);
#10586=ADVANCED_FACE('',(#228),#10070,.T.);
#10587=ADVANCED_FACE('',(#229),#10071,.T.);
#10588=ADVANCED_FACE('',(#230),#10072,.T.);
#10589=ADVANCED_FACE('',(#231),#10073,.T.);
#10590=ADVANCED_FACE('',(#232),#10074,.T.);
#10591=ADVANCED_FACE('',(#233),#10075,.T.);
#10592=ADVANCED_FACE('',(#234),#10076,.T.);
#10593=ADVANCED_FACE('',(#235),#10077,.T.);
#10594=ADVANCED_FACE('',(#236),#10078,.T.);
#10595=ADVANCED_FACE('',(#237),#10079,.T.);
#10596=ADVANCED_FACE('',(#238),#10080,.T.);
#10597=ADVANCED_FACE('',(#239),#10081,.T.);
#10598=ADVANCED_FACE('',(#240),#10082,.T.);
#10599=ADVANCED_FACE('',(#241),#10083,.T.);
#10600=ADVANCED_FACE('',(#242),#10084,.T.);
#10601=ADVANCED_FACE('',(#243),#10085,.T.);
#10602=ADVANCED_FACE('',(#244),#10086,.T.);
#10603=ADVANCED_FACE('',(#245),#10087,.T.);
#10604=ADVANCED_FACE('',(#246),#10088,.T.);
#10605=ADVANCED_FACE('',(#247),#10089,.T.);
#10606=ADVANCED_FACE('',(#248),#10090,.T.);
#10607=ADVANCED_FACE('',(#249),#10091,.T.);
#10608=ADVANCED_FACE('',(#250),#10092,.T.);
#10609=ADVANCED_FACE('',(#251),#10093,.T.);
#10610=ADVANCED_FACE('',(#252),#10094,.T.);
#10611=ADVANCED_FACE('',(#253),#10095,.T.);
#10612=ADVANCED_FACE('',(#254),#10096,.T.);
#10613=ADVANCED_FACE('',(#255),#10097,.T.);
#10614=ADVANCED_FACE('',(#256),#10098,.T.);
#10615=ADVANCED_FACE('',(#257),#10099,.T.);
#10616=ADVANCED_FACE('',(#258),#10100,.T.);
#10617=ADVANCED_FACE('',(#259),#10101,.T.);
#10618=ADVANCED_FACE('',(#260),#10102,.T.);
#10619=ADVANCED_FACE('',(#261),#10103,.T.);
#10620=ADVANCED_FACE('',(#262),#10104,.T.);
#10621=ADVANCED_FACE('',(#263),#10105,.T.);
#10622=ADVANCED_FACE('',(#264),#10106,.T.);
#10623=ADVANCED_FACE('',(#265),#10107,.T.);
#10624=ADVANCED_FACE('',(#266),#10108,.T.);
#10625=ADVANCED_FACE('',(#267),#10109,.T.);
#10626=ADVANCED_FACE('',(#268),#10110,.T.);
#10627=ADVANCED_FACE('',(#269),#10111,.T.);
#10628=ADVANCED_FACE('',(#270),#10112,.T.);
#10629=ADVANCED_FACE('',(#271),#10113,.T.);
#10630=ADVANCED_FACE('',(#272),#10114,.T.);
#10631=ADVANCED_FACE('',(#273),#10115,.T.);
#10632=ADVANCED_FACE('',(#274),#10116,.T.);
#10633=ADVANCED_FACE('',(#275),#10117,.T.);
#10634=ADVANCED_FACE('',(#276),#10118,.T.);
#10635=ADVANCED_FACE('',(#277),#10119,.T.);
#10636=ADVANCED_FACE('',(#278),#10120,.T.);
#10637=ADVANCED_FACE('',(#279),#10121,.T.);
#10638=ADVANCED_FACE('',(#280),#10122,.T.);
#10639=ADVANCED_FACE('',(#281),#10123,.T.);
#10640=ADVANCED_FACE('',(#282),#10124,.T.);
#10641=ADVANCED_FACE('',(#283),#10125,.T.);
#10642=ADVANCED_FACE('',(#284),#10126,.T.);
#10643=ADVANCED_FACE('',(#285),#10127,.T.);
#10644=ADVANCED_FACE('',(#286),#10128,.T.);
#10645=ADVANCED_FACE('',(#287),#10129,.T.);
#10646=ADVANCED_FACE('',(#288),#10130,.T.);
#10647=ADVANCED_FACE('',(#289),#10131,.T.);
#10648=ADVANCED_FACE('',(#290),#10132,.T.);
#10649=ADVANCED_FACE('',(#291),#10133,.T.);
#10650=ADVANCED_FACE('',(#292),#10134,.T.);
#10651=ADVANCED_FACE('',(#293),#10135,.T.);
#10652=ADVANCED_FACE('',(#294),#10136,.T.);
#10653=ADVANCED_FACE('',(#295),#10137,.T.);
#10654=ADVANCED_FACE('',(#296),#10138,.T.);
#10655=ADVANCED_FACE('',(#297),#10139,.T.);
#10656=ADVANCED_FACE('',(#298),#10140,.T.);
#10657=ADVANCED_FACE('',(#299),#10141,.T.);
#10658=ADVANCED_FACE('',(#300),#10142,.T.);
#10659=ADVANCED_FACE('',(#301),#10143,.T.);
#10660=ADVANCED_FACE('',(#302),#10144,.T.);
#10661=ADVANCED_FACE('',(#303),#10145,.T.);
#10662=ADVANCED_FACE('',(#304),#10146,.T.);
#10663=ADVANCED_FACE('',(#305),#10147,.T.);
#10664=ADVANCED_FACE('',(#306),#10148,.T.);
#10665=ADVANCED_FACE('',(#307),#10149,.T.);
#10666=ADVANCED_FACE('',(#308),#10150,.T.);
#10667=ADVANCED_FACE('',(#309),#10151,.T.);
#10668=ADVANCED_FACE('',(#310),#10152,.T.);
#10669=ADVANCED_FACE('',(#311),#10153,.T.);
#10670=ADVANCED_FACE('',(#312),#10154,.T.);
#10671=ADVANCED_FACE('',(#313),#10155,.T.);
#10672=ADVANCED_FACE('',(#314),#10156,.T.);
#10673=ADVANCED_FACE('',(#315),#10157,.T.);
#10674=ADVANCED_FACE('',(#316),#10158,.T.);
#10675=ADVANCED_FACE('',(#317),#10159,.T.);
#10676=ADVANCED_FACE('',(#318),#10160,.T.);
#10677=ADVANCED_FACE('',(#319),#10161,.T.);
#10678=ADVANCED_FACE('',(#320),#10162,.T.);
#10679=ADVANCED_FACE('',(#321),#10163,.T.);
#10680=ADVANCED_FACE('',(#322),#10164,.T.);
#10681=ADVANCED_FACE('',(#323),#10165,.T.);
#10682=ADVANCED_FACE('',(#324),#10166,.T.);
#10683=ADVANCED_FACE('',(#325),#10167,.T.);
#10684=ADVANCED_FACE('',(#326),#10168,.T.);
#10685=ADVANCED_FACE('',(#327),#10169,.T.);
#10686=ADVANCED_FACE('',(#328),#10170,.T.);
#10687=ADVANCED_FACE('',(#329),#10171,.T.);
#10688=ADVANCED_FACE('',(#330),#10172,.T.);
#10689=ADVANCED_FACE('',(#331),#10173,.T.);
#10690=ADVANCED_FACE('',(#332),#10174,.T.);
#10691=ADVANCED_FACE('',(#333),#10175,.T.);
#10692=ADVANCED_FACE('',(#334),#10176,.T.);
#10693=ADVANCED_FACE('',(#335),#10177,.T.);
#10694=ADVANCED_FACE('',(#336),#10178,.T.);
#10695=ADVANCED_FACE('',(#337),#10179,.T.);
#10696=ADVANCED_FACE('',(#338),#10180,.T.);
#10697=ADVANCED_FACE('',(#339),#10181,.T.);
#10698=ADVANCED_FACE('',(#340),#10182,.T.);
#10699=ADVANCED_FACE('',(#341),#10183,.T.);
#10700=ADVANCED_FACE('',(#342),#10184,.T.);
#10701=ADVANCED_FACE('',(#343),#10185,.T.);
#10702=ADVANCED_FACE('',(#344),#10186,.T.);
#10703=ADVANCED_FACE('',(#345),#10187,.T.);
#10704=ADVANCED_FACE('',(#346),#10188,.T.);
#10705=ADVANCED_FACE('',(#347),#10189,.T.);
#10706=ADVANCED_FACE('',(#348),#10190,.T.);
#10707=ADVANCED_FACE('',(#349),#10191,.T.);
#10708=ADVANCED_FACE('',(#350),#10192,.T.);
#10709=ADVANCED_FACE('',(#351),#10193,.T.);
#10710=ADVANCED_FACE('',(#352),#10194,.T.);
#10711=ADVANCED_FACE('',(#353),#10195,.T.);
#10712=ADVANCED_FACE('',(#354),#10196,.T.);
#10713=ADVANCED_FACE('',(#355),#10197,.T.);
#10714=ADVANCED_FACE('',(#356),#10198,.T.);
#10715=ADVANCED_FACE('',(#357),#10199,.T.);
#10716=ADVANCED_FACE('',(#358),#10200,.T.);
#10717=ADVANCED_FACE('',(#359),#10201,.T.);
#10718=ADVANCED_FACE('',(#360),#10202,.T.);
#10719=ADVANCED_FACE('',(#361),#10203,.T.);
#10720=ADVANCED_FACE('',(#362),#10204,.T.);
#10721=ADVANCED_FACE('',(#363),#10205,.T.);
#10722=ADVANCED_FACE('',(#364),#10206,.T.);
#10723=ADVANCED_FACE('',(#365),#10207,.T.);
#10724=ADVANCED_FACE('',(#366),#10208,.T.);
#10725=ADVANCED_FACE('',(#367),#10209,.T.);
#10726=ADVANCED_FACE('',(#368),#10210,.T.);
#10727=ADVANCED_FACE('',(#369),#10211,.T.);
#10728=ADVANCED_FACE('',(#370),#10212,.T.);
#10729=ADVANCED_FACE('',(#371),#10213,.T.);
#10730=ADVANCED_FACE('',(#372),#10214,.T.);
#10731=ADVANCED_FACE('',(#373),#10215,.T.);
#10732=ADVANCED_FACE('',(#374),#10216,.T.);
#10733=ADVANCED_FACE('',(#375),#10217,.T.);
#10734=ADVANCED_FACE('',(#376),#10218,.T.);
#10735=ADVANCED_FACE('',(#377),#10219,.T.);
#10736=ADVANCED_FACE('',(#378),#10220,.T.);
#10737=ADVANCED_FACE('',(#379),#10221,.T.);
#10738=ADVANCED_FACE('',(#380),#10222,.T.);
#10739=ADVANCED_FACE('',(#381),#10223,.T.);
#10740=ADVANCED_FACE('',(#382),#10224,.T.);
#10741=ADVANCED_FACE('',(#383),#10225,.T.);
#10742=ADVANCED_FACE('',(#384),#10226,.T.);
#10743=ADVANCED_FACE('',(#385),#10227,.T.);
#10744=ADVANCED_FACE('',(#386),#10228,.T.);
#10745=ADVANCED_FACE('',(#387),#10229,.T.);
#10746=ADVANCED_FACE('',(#388),#10230,.T.);
#10747=ADVANCED_FACE('',(#389),#10231,.T.);
#10748=ADVANCED_FACE('',(#390),#10232,.T.);
#10749=ADVANCED_FACE('',(#391),#10233,.T.);
#10750=ADVANCED_FACE('',(#392),#10234,.T.);
#10751=ADVANCED_FACE('',(#393),#10235,.T.);
#10752=ADVANCED_FACE('',(#394),#10236,.T.);
#10753=ADVANCED_FACE('',(#395),#10237,.T.);
#10754=ADVANCED_FACE('',(#396),#10238,.T.);
#10755=ADVANCED_FACE('',(#397),#10239,.T.);
#10756=ADVANCED_FACE('',(#398),#10240,.T.);
#10757=ADVANCED_FACE('',(#399),#10241,.T.);
#10758=ADVANCED_FACE('',(#400),#10242,.T.);
#10759=ADVANCED_FACE('',(#401),#10243,.T.);
#10760=ADVANCED_FACE('',(#402),#10244,.T.);
#10761=ADVANCED_FACE('',(#403),#10245,.T.);
#10762=ADVANCED_FACE('',(#404),#10246,.T.);
#10763=ADVANCED_FACE('',(#405),#10247,.T.);
#10764=ADVANCED_FACE('',(#406),#10248,.T.);
#10765=ADVANCED_FACE('',(#407),#10249,.T.);
#10766=ADVANCED_FACE('',(#408),#10250,.T.);
#10767=ADVANCED_FACE('',(#409),#10251,.T.);
#10768=ADVANCED_FACE('',(#410),#10252,.T.);
#10769=ADVANCED_FACE('',(#411),#10253,.T.);
#10770=ADVANCED_FACE('',(#412),#10254,.T.);
#10771=ADVANCED_FACE('',(#413),#10255,.T.);
#10772=ADVANCED_FACE('',(#414),#10256,.T.);
#10773=ADVANCED_FACE('',(#415),#10257,.T.);
#10774=ADVANCED_FACE('',(#416),#10258,.T.);
#10775=ADVANCED_FACE('',(#417),#10259,.T.);
#10776=ADVANCED_FACE('',(#418),#10260,.T.);
#10777=ADVANCED_FACE('',(#419),#10261,.T.);
#10778=ADVANCED_FACE('',(#420),#10262,.T.);
#10779=ADVANCED_FACE('',(#421),#10263,.T.);
#10780=ADVANCED_FACE('',(#422),#10264,.T.);
#10781=ADVANCED_FACE('',(#423),#10265,.T.);
#10782=ADVANCED_FACE('',(#424),#10266,.T.);
#10783=ADVANCED_FACE('',(#425),#10267,.T.);
#10784=ADVANCED_FACE('',(#426),#10268,.T.);
#10785=ADVANCED_FACE('',(#427),#10269,.T.);
#10786=ADVANCED_FACE('',(#428),#10270,.T.);
#10787=ADVANCED_FACE('',(#429),#10271,.T.);
#10788=ADVANCED_FACE('',(#430),#10272,.T.);
#10789=ADVANCED_FACE('',(#431),#10273,.T.);
#10790=ADVANCED_FACE('',(#432),#10274,.T.);
#10791=ADVANCED_FACE('',(#433),#10275,.T.);
#10792=ADVANCED_FACE('',(#434),#10276,.T.);
#10793=ADVANCED_FACE('',(#435),#10277,.T.);
#10794=ADVANCED_FACE('',(#436),#10278,.T.);
#10795=ADVANCED_FACE('',(#437),#10279,.T.);
#10796=ADVANCED_FACE('',(#438),#10280,.T.);
#10797=ADVANCED_FACE('',(#439),#10281,.T.);
#10798=ADVANCED_FACE('',(#440),#10282,.T.);
#10799=ADVANCED_FACE('',(#441),#10283,.T.);
#10800=ADVANCED_FACE('',(#442),#10284,.T.);
#10801=ADVANCED_FACE('',(#443),#10285,.T.);
#10802=ADVANCED_FACE('',(#444),#10286,.T.);
#10803=ADVANCED_FACE('',(#445),#10287,.T.);
#10804=ADVANCED_FACE('',(#446),#10288,.T.);
#10805=ADVANCED_FACE('',(#447),#10289,.T.);
#10806=ADVANCED_FACE('',(#448),#10290,.T.);
#10807=ADVANCED_FACE('',(#449),#10291,.T.);
#10808=ADVANCED_FACE('',(#450),#10292,.T.);
#10809=ADVANCED_FACE('',(#451),#10293,.T.);
#10810=ADVANCED_FACE('',(#452),#10294,.T.);
#10811=ADVANCED_FACE('',(#453),#10295,.T.);
#10812=ADVANCED_FACE('',(#454),#10296,.T.);
#10813=ADVANCED_FACE('',(#455),#10297,.T.);
#10814=ADVANCED_FACE('',(#456),#10298,.T.);
#10815=ADVANCED_FACE('',(#457),#10299,.T.);
#10816=ADVANCED_FACE('',(#458),#10300,.T.);
#10817=ADVANCED_FACE('',(#459),#10301,.T.);
#10818=ADVANCED_FACE('',(#460),#10302,.T.);
#10819=ADVANCED_FACE('',(#461),#10303,.T.);
#10820=ADVANCED_FACE('',(#462),#10304,.T.);
#10821=ADVANCED_FACE('',(#463),#10305,.T.);
#10822=ADVANCED_FACE('',(#464),#10306,.T.);
#10823=ADVANCED_FACE('',(#465),#10307,.T.);
#10824=ADVANCED_FACE('',(#466),#10308,.T.);
#10825=ADVANCED_FACE('',(#467),#10309,.T.);
#10826=ADVANCED_FACE('',(#468),#10310,.T.);
#10827=ADVANCED_FACE('',(#469),#10311,.T.);
#10828=ADVANCED_FACE('',(#470),#10312,.T.);
#10829=ADVANCED_FACE('',(#471),#10313,.T.);
#10830=ADVANCED_FACE('',(#472),#10314,.T.);
#10831=ADVANCED_FACE('',(#473),#10315,.T.);
#10832=ADVANCED_FACE('',(#474),#10316,.T.);
#10833=ADVANCED_FACE('',(#475),#10317,.T.);
#10834=ADVANCED_FACE('',(#476),#10318,.T.);
#10835=ADVANCED_FACE('',(#477),#10319,.T.);
#10836=ADVANCED_FACE('',(#478),#10320,.T.);
#10837=ADVANCED_FACE('',(#479),#10321,.T.);
#10838=ADVANCED_FACE('',(#480),#10322,.T.);
#10839=ADVANCED_FACE('',(#481),#10323,.T.);
#10840=ADVANCED_FACE('',(#482),#10324,.T.);
#10841=ADVANCED_FACE('',(#483),#10325,.T.);
#10842=ADVANCED_FACE('',(#484),#10326,.T.);
#10843=ADVANCED_FACE('',(#485),#10327,.T.);
#10844=ADVANCED_FACE('',(#486),#10328,.T.);
#10845=ADVANCED_FACE('',(#487),#10329,.T.);
#10846=ADVANCED_FACE('',(#488),#10330,.T.);
#10847=ADVANCED_FACE('',(#489),#10331,.T.);
#10848=ADVANCED_FACE('',(#490),#10332,.T.);
#10849=ADVANCED_FACE('',(#491),#10333,.T.);
#10850=ADVANCED_FACE('',(#492),#10334,.T.);
#10851=ADVANCED_FACE('',(#493),#10335,.T.);
#10852=ADVANCED_FACE('',(#494),#10336,.T.);
#10853=ADVANCED_FACE('',(#495),#10337,.T.);
#10854=ADVANCED_FACE('',(#496),#10338,.T.);
#10855=ADVANCED_FACE('',(#497),#10339,.T.);
#10856=ADVANCED_FACE('',(#498),#10340,.T.);
#10857=ADVANCED_FACE('',(#499),#10341,.T.);
#10858=ADVANCED_FACE('',(#500),#10342,.T.);
#10859=ADVANCED_FACE('',(#501),#10343,.T.);
#10860=ADVANCED_FACE('',(#502),#10344,.T.);
#10861=ADVANCED_FACE('',(#503),#10345,.T.);
#10862=ADVANCED_FACE('',(#504),#10346,.T.);
#10863=ADVANCED_FACE('',(#505),#10347,.T.);
#10864=ADVANCED_FACE('',(#506),#10348,.T.);
#10865=ADVANCED_FACE('',(#507),#10349,.T.);
#10866=ADVANCED_FACE('',(#508),#10350,.T.);
#10867=ADVANCED_FACE('',(#509),#10351,.T.);
#10868=ADVANCED_FACE('',(#510),#10352,.T.);
#10869=ADVANCED_FACE('',(#511),#10353,.T.);
#10870=ADVANCED_FACE('',(#512),#10354,.T.);
#10871=ADVANCED_FACE('',(#513),#10355,.T.);
#10872=ADVANCED_FACE('',(#514),#10356,.T.);
#10873=ADVANCED_FACE('',(#515),#10357,.T.);
#10874=ADVANCED_FACE('',(#516),#10358,.T.);
#10875=ADVANCED_FACE('',(#517),#10359,.T.);
#10876=ADVANCED_FACE('',(#518),#10360,.T.);
#10877=ADVANCED_FACE('',(#519),#10361,.T.);
#10878=ADVANCED_FACE('',(#520),#10362,.T.);
#10879=ADVANCED_FACE('',(#521),#10363,.T.);
#10880=ADVANCED_FACE('',(#522),#10364,.T.);
#10881=ADVANCED_FACE('',(#523),#10365,.T.);
#10882=ADVANCED_FACE('',(#524),#10366,.T.);
#10883=ADVANCED_FACE('',(#525),#10367,.T.);
#10884=ADVANCED_FACE('',(#526),#10368,.T.);
#10885=ADVANCED_FACE('',(#527),#10369,.T.);
#10886=ADVANCED_FACE('',(#528),#10370,.T.);
#10887=ADVANCED_FACE('',(#529),#10371,.T.);
#10888=ADVANCED_FACE('',(#530),#10372,.T.);
#10889=ADVANCED_FACE('',(#531),#10373,.T.);
#10890=ADVANCED_FACE('',(#532),#10374,.T.);
#10891=ADVANCED_FACE('',(#533),#10375,.T.);
#10892=ADVANCED_FACE('',(#534),#10376,.T.);
#10893=ADVANCED_FACE('',(#535),#10377,.T.);
#10894=ADVANCED_FACE('',(#536),#10378,.T.);
#10895=ADVANCED_FACE('',(#537),#10379,.T.);
#10896=ADVANCED_FACE('',(#538),#10380,.T.);
#10897=ADVANCED_FACE('',(#539),#10381,.T.);
#10898=ADVANCED_FACE('',(#540),#10382,.T.);
#10899=ADVANCED_FACE('',(#541),#10383,.T.);
#10900=ADVANCED_FACE('',(#542),#10384,.T.);
#10901=ADVANCED_FACE('',(#543),#10385,.T.);
#10902=ADVANCED_FACE('',(#544),#10386,.T.);
#10903=ADVANCED_FACE('',(#545),#10387,.T.);
#10904=ADVANCED_FACE('',(#546),#10388,.T.);
#10905=ADVANCED_FACE('',(#547),#10389,.T.);
#10906=ADVANCED_FACE('',(#548),#10390,.T.);
#10907=ADVANCED_FACE('',(#549),#10391,.T.);
#10908=ADVANCED_FACE('',(#550),#10392,.T.);
#10909=ADVANCED_FACE('',(#551),#10393,.T.);
#10910=ADVANCED_FACE('',(#552),#10394,.T.);
#10911=ADVANCED_FACE('',(#553),#10395,.T.);
#10912=ADVANCED_FACE('',(#554),#10396,.T.);
#10913=ADVANCED_FACE('',(#555),#10397,.T.);
#10914=ADVANCED_FACE('',(#556),#10398,.T.);
#10915=ADVANCED_FACE('',(#557),#10399,.T.);
#10916=ADVANCED_FACE('',(#558),#10400,.T.);
#10917=ADVANCED_FACE('',(#559),#10401,.T.);
#10918=ADVANCED_FACE('',(#560),#10402,.T.);
#10919=ADVANCED_FACE('',(#561),#10403,.T.);
#10920=ADVANCED_FACE('',(#562),#10404,.T.);
#10921=ADVANCED_FACE('',(#563),#10405,.T.);
#10922=ADVANCED_FACE('',(#564),#10406,.T.);
#10923=ADVANCED_FACE('',(#565),#10407,.T.);
#10924=ADVANCED_FACE('',(#566),#10408,.T.);
#10925=ADVANCED_FACE('',(#567),#10409,.T.);
#10926=ADVANCED_FACE('',(#568),#10410,.T.);
#10927=ADVANCED_FACE('',(#569),#10411,.T.);
#10928=ADVANCED_FACE('',(#570),#10412,.T.);
#10929=ADVANCED_FACE('',(#571),#10413,.T.);
#10930=ADVANCED_FACE('',(#572),#10414,.T.);
#10931=ADVANCED_FACE('',(#573),#10415,.T.);
#10932=ADVANCED_FACE('',(#574),#10416,.T.);
#10933=ADVANCED_FACE('',(#575),#10417,.T.);
#10934=ADVANCED_FACE('',(#576),#10418,.T.);
#10935=ADVANCED_FACE('',(#577),#10419,.T.);
#10936=ADVANCED_FACE('',(#578),#10420,.T.);
#10937=ADVANCED_FACE('',(#579),#10421,.T.);
#10938=ADVANCED_FACE('',(#580),#10422,.T.);
#10939=ADVANCED_FACE('',(#581),#10423,.T.);
#10940=ADVANCED_FACE('',(#582),#10424,.T.);
#10941=ADVANCED_FACE('',(#583),#10425,.T.);
#10942=ADVANCED_FACE('',(#584),#10426,.T.);
#10943=ADVANCED_FACE('',(#585),#10427,.T.);
#10944=ADVANCED_FACE('',(#586),#10428,.T.);
#10945=ADVANCED_FACE('',(#587),#10429,.T.);
#10946=ADVANCED_FACE('',(#588),#10430,.T.);
#10947=ADVANCED_FACE('',(#589),#10431,.T.);
#10948=ADVANCED_FACE('',(#590),#10432,.T.);
#10949=ADVANCED_FACE('',(#591),#10433,.T.);
#10950=ADVANCED_FACE('',(#592),#10434,.T.);
#10951=ADVANCED_FACE('',(#593),#10435,.T.);
#10952=ADVANCED_FACE('',(#594),#10436,.T.);
#10953=ADVANCED_FACE('',(#595),#10437,.T.);
#10954=ADVANCED_FACE('',(#596),#10438,.T.);
#10955=ADVANCED_FACE('',(#597),#10439,.F.);
#10956=ADVANCED_FACE('',(#598),#10440,.F.);
#10957=ADVANCED_FACE('',(#599),#10441,.F.);
#10958=ADVANCED_FACE('',(#600),#10442,.F.);
#10959=ADVANCED_FACE('',(#601),#10443,.T.);
#10960=ADVANCED_FACE('',(#602),#10444,.T.);
#10961=ADVANCED_FACE('',(#603),#10445,.T.);
#10962=ADVANCED_FACE('',(#604),#10446,.T.);
#10963=ADVANCED_FACE('',(#605),#10447,.F.);
#10964=ADVANCED_FACE('',(#606),#10448,.T.);
#10965=ADVANCED_FACE('',(#607),#10449,.T.);
#10966=ADVANCED_FACE('',(#608),#10450,.T.);
#10967=ADVANCED_FACE('',(#609),#10451,.T.);
#10968=ADVANCED_FACE('',(#610,#101,#102,#103,#104,#105,#106,#107,#108,#109,
#110,#111,#112,#113,#114,#115,#116,#117,#118,#119,#120,#121,#122,#123,#124,
#125,#126,#127,#128,#129,#130,#131,#132,#133,#134,#135,#136,#137,#138,#139,
#140,#141,#142,#143,#144,#145,#146,#147,#148,#149,#150,#151,#152,#153,#154,
#155,#156,#157,#158,#159,#160,#161,#162),#10452,.T.);
#10969=ADVANCED_FACE('',(#611),#10453,.T.);
#10970=ADVANCED_FACE('',(#612),#35,.T.);
#10971=ADVANCED_FACE('',(#613),#10454,.T.);
#10972=ADVANCED_FACE('',(#614),#10455,.F.);
#10973=ADVANCED_FACE('',(#615),#10456,.T.);
#10974=ADVANCED_FACE('',(#616),#10457,.T.);
#10975=ADVANCED_FACE('',(#617),#10458,.T.);
#10976=ADVANCED_FACE('',(#618),#10459,.T.);
#10977=ADVANCED_FACE('',(#619),#10460,.T.);
#10978=ADVANCED_FACE('',(#620),#10461,.F.);
#10979=ADVANCED_FACE('',(#621),#10462,.F.);
#10980=ADVANCED_FACE('',(#622),#10463,.T.);
#10981=ADVANCED_FACE('',(#623),#10464,.T.);
#10982=ADVANCED_FACE('',(#624),#10465,.T.);
#10983=ADVANCED_FACE('',(#625),#10466,.T.);
#10984=ADVANCED_FACE('',(#626),#10467,.F.);
#10985=ADVANCED_FACE('',(#627,#163,#164,#165,#166,#167,#168,#169,#170,#171),
#10468,.F.);
#10986=ADVANCED_FACE('',(#628),#10469,.T.);
#10987=ADVANCED_FACE('',(#629),#36,.T.);
#10988=ADVANCED_FACE('',(#630,#172),#10470,.T.);
#10989=ADVANCED_FACE('',(#631),#10471,.T.);
#10990=ADVANCED_FACE('',(#632),#10472,.T.);
#10991=ADVANCED_FACE('',(#633),#10473,.T.);
#10992=ADVANCED_FACE('',(#634),#10474,.T.);
#10993=ADVANCED_FACE('',(#635),#10475,.T.);
#10994=ADVANCED_FACE('',(#636),#37,.T.);
#10995=ADVANCED_FACE('',(#637),#10476,.F.);
#10996=ADVANCED_FACE('',(#638),#10477,.T.);
#10997=ADVANCED_FACE('',(#639),#10478,.T.);
#10998=ADVANCED_FACE('',(#640),#10479,.T.);
#10999=ADVANCED_FACE('',(#641),#10480,.T.);
#11000=ADVANCED_FACE('',(#642),#10481,.T.);
#11001=ADVANCED_FACE('',(#643),#10482,.T.);
#11002=ADVANCED_FACE('',(#644),#10483,.T.);
#11003=ADVANCED_FACE('',(#645),#10484,.T.);
#11004=ADVANCED_FACE('',(#646),#10485,.T.);
#11005=ADVANCED_FACE('',(#647),#10486,.T.);
#11006=ADVANCED_FACE('',(#648),#10487,.T.);
#11007=ADVANCED_FACE('',(#649),#10488,.T.);
#11008=ADVANCED_FACE('',(#650),#10489,.T.);
#11009=ADVANCED_FACE('',(#651),#10490,.T.);
#11010=ADVANCED_FACE('',(#652),#10491,.T.);
#11011=ADVANCED_FACE('',(#653),#10492,.T.);
#11012=ADVANCED_FACE('',(#654),#10493,.T.);
#11013=ADVANCED_FACE('',(#655),#10494,.T.);
#11014=ADVANCED_FACE('',(#656),#10495,.T.);
#11015=ADVANCED_FACE('',(#657),#10496,.T.);
#11016=ADVANCED_FACE('',(#658),#10497,.T.);
#11017=ADVANCED_FACE('',(#659),#10498,.T.);
#11018=ADVANCED_FACE('',(#660),#10499,.T.);
#11019=ADVANCED_FACE('',(#661),#10500,.T.);
#11020=ADVANCED_FACE('',(#662),#10501,.T.);
#11021=ADVANCED_FACE('',(#663),#10502,.T.);
#11022=ADVANCED_FACE('',(#664),#10503,.T.);
#11023=ADVANCED_FACE('',(#665),#10504,.T.);
#11024=ADVANCED_FACE('',(#666),#10505,.T.);
#11025=ADVANCED_FACE('',(#667),#10506,.T.);
#11026=ADVANCED_FACE('',(#668),#10507,.T.);
#11027=ADVANCED_FACE('',(#669),#10508,.T.);
#11028=ADVANCED_FACE('',(#670),#10509,.T.);
#11029=ADVANCED_FACE('',(#671),#10510,.T.);
#11030=ADVANCED_FACE('',(#672),#10511,.T.);
#11031=ADVANCED_FACE('',(#673),#10512,.T.);
#11032=ADVANCED_FACE('',(#674),#10513,.T.);
#11033=ADVANCED_FACE('',(#675),#10514,.T.);
#11034=ADVANCED_FACE('',(#676),#10515,.T.);
#11035=ADVANCED_FACE('',(#677),#10516,.T.);
#11036=ADVANCED_FACE('',(#678),#10517,.F.);
#11037=ADVANCED_FACE('',(#679),#10518,.F.);
#11038=ADVANCED_FACE('',(#680),#10519,.T.);
#11039=ADVANCED_FACE('',(#681),#10520,.T.);
#11040=ADVANCED_FACE('',(#682),#10521,.F.);
#11041=ADVANCED_FACE('',(#683),#10522,.F.);
#11042=ADVANCED_FACE('',(#684),#10523,.F.);
#11043=ADVANCED_FACE('',(#685),#10524,.F.);
#11044=ADVANCED_FACE('',(#686,#173,#174,#175,#176,#177,#178,#179,#180,#181),
#10525,.T.);
#11045=ADVANCED_FACE('',(#687),#10526,.T.);
#11046=ADVANCED_FACE('',(#688),#10527,.F.);
#11047=ADVANCED_FACE('',(#689),#10528,.T.);
#11048=ADVANCED_FACE('',(#690),#10529,.T.);
#11049=ADVANCED_FACE('',(#691),#10530,.T.);
#11050=ADVANCED_FACE('',(#692),#10531,.F.);
#11051=ADVANCED_FACE('',(#693),#10532,.T.);
#11052=ADVANCED_FACE('',(#694),#10533,.F.);
#11053=ADVANCED_FACE('',(#695),#38,.T.);
#11054=ADVANCED_FACE('',(#696),#10534,.T.);
#11055=ADVANCED_FACE('',(#697),#10535,.T.);
#11056=ADVANCED_FACE('',(#698),#10536,.T.);
#11057=ADVANCED_FACE('',(#699),#10537,.T.);
#11058=ADVANCED_FACE('',(#700),#10538,.T.);
#11059=ADVANCED_FACE('',(#701),#10539,.T.);
#11060=CLOSED_SHELL('',(#10540,#10541,#10542,#10543,#10544,#10545,#10546,
#10547,#10548,#10549,#10550,#10551,#10552,#10553,#10554,#10555,#10556,#10557,
#10558,#10559,#10560,#10561,#10562,#10563,#10564,#10565,#10566,#10567,#10568,
#10569,#10570,#10571,#10572,#10573,#10574,#10575,#10576,#10577,#10578,#10579,
#10580,#10581,#10582,#10583,#10584,#10585,#10586,#10587,#10588,#10589,#10590,
#10591,#10592,#10593,#10594,#10595,#10596,#10597,#10598,#10599,#10600,#10601,
#10602,#10603,#10604,#10605,#10606,#10607,#10608,#10609,#10610,#10611,#10612,
#10613,#10614,#10615,#10616,#10617,#10618,#10619,#10620,#10621,#10622,#10623,
#10624,#10625,#10626,#10627,#10628,#10629,#10630,#10631,#10632,#10633,#10634,
#10635,#10636,#10637,#10638,#10639,#10640,#10641,#10642,#10643,#10644,#10645,
#10646,#10647,#10648,#10649,#10650,#10651,#10652,#10653,#10654,#10655,#10656,
#10657,#10658,#10659,#10660,#10661,#10662,#10663,#10664,#10665,#10666,#10667,
#10668,#10669,#10670,#10671,#10672,#10673,#10674,#10675,#10676,#10677,#10678,
#10679,#10680,#10681,#10682,#10683,#10684,#10685,#10686,#10687,#10688,#10689,
#10690,#10691,#10692,#10693,#10694,#10695,#10696,#10697,#10698,#10699,#10700,
#10701,#10702,#10703,#10704,#10705,#10706,#10707,#10708,#10709,#10710,#10711,
#10712,#10713,#10714,#10715,#10716,#10717,#10718,#10719,#10720,#10721,#10722,
#10723,#10724,#10725,#10726,#10727,#10728,#10729,#10730,#10731,#10732,#10733,
#10734,#10735,#10736,#10737,#10738,#10739,#10740,#10741,#10742,#10743,#10744,
#10745,#10746,#10747,#10748,#10749,#10750,#10751,#10752,#10753,#10754,#10755,
#10756,#10757,#10758,#10759,#10760,#10761,#10762,#10763,#10764,#10765,#10766,
#10767,#10768,#10769,#10770,#10771,#10772,#10773,#10774,#10775,#10776,#10777,
#10778,#10779,#10780,#10781,#10782,#10783,#10784,#10785,#10786,#10787,#10788,
#10789,#10790,#10791,#10792,#10793,#10794,#10795,#10796,#10797,#10798,#10799,
#10800,#10801,#10802,#10803,#10804,#10805,#10806,#10807,#10808,#10809,#10810,
#10811,#10812,#10813,#10814,#10815,#10816,#10817,#10818,#10819,#10820,#10821,
#10822,#10823,#10824,#10825,#10826,#10827,#10828,#10829,#10830,#10831,#10832,
#10833,#10834,#10835,#10836,#10837,#10838,#10839,#10840,#10841,#10842,#10843,
#10844,#10845,#10846,#10847,#10848,#10849,#10850,#10851,#10852,#10853,#10854,
#10855,#10856,#10857,#10858,#10859,#10860,#10861,#10862,#10863,#10864,#10865,
#10866,#10867,#10868,#10869,#10870,#10871,#10872,#10873,#10874,#10875,#10876,
#10877,#10878,#10879,#10880,#10881,#10882,#10883,#10884,#10885,#10886,#10887,
#10888,#10889,#10890,#10891,#10892,#10893,#10894,#10895,#10896,#10897,#10898,
#10899,#10900,#10901,#10902,#10903,#10904,#10905,#10906,#10907,#10908,#10909,
#10910,#10911,#10912,#10913,#10914,#10915,#10916,#10917,#10918,#10919,#10920,
#10921,#10922,#10923,#10924,#10925,#10926,#10927,#10928,#10929,#10930,#10931,
#10932,#10933,#10934,#10935,#10936,#10937,#10938,#10939,#10940,#10941,#10942,
#10943,#10944,#10945,#10946,#10947,#10948,#10949,#10950,#10951,#10952,#10953,
#10954,#10955,#10956,#10957,#10958,#10959,#10960,#10961,#10962,#10963,#10964,
#10965,#10966,#10967,#10968,#10969));
#11061=CLOSED_SHELL('',(#10970,#10971,#10972));
#11062=CLOSED_SHELL('',(#10973,#10974,#10975,#10976,#10977,#10978));
#11063=CLOSED_SHELL('',(#10979,#10980,#10981,#10982,#10983,#10984,#10985,
#10986,#10987,#10988,#10989,#10990,#10991,#10992,#10993,#10994,#10995,#10996,
#10997,#10998,#10999,#11000,#11001,#11002,#11003,#11004,#11005,#11006,#11007,
#11008,#11009,#11010,#11011,#11012,#11013,#11014,#11015,#11016,#11017,#11018,
#11019,#11020,#11021,#11022,#11023,#11024,#11025,#11026,#11027,#11028,#11029,
#11030,#11031,#11032,#11033,#11034,#11035,#11036,#11037,#11038,#11039,#11040,
#11041,#11042,#11043,#11044,#11045,#11046,#11047,#11048,#11049,#11050,#11051,
#11052,#11053,#11054,#11055,#11056,#11057,#11058,#11059));
#11064=ITEM_DEFINED_TRANSFORMATION($,$,#11767,#11768);
#11065=ITEM_DEFINED_TRANSFORMATION($,$,#11770,#11771);
#11066=ITEM_DEFINED_TRANSFORMATION($,$,#11774,#11781);
#11067=ITEM_DEFINED_TRANSFORMATION($,$,#11775,#11782);
#11068=ITEM_DEFINED_TRANSFORMATION($,$,#11776,#11783);
#11069=ITEM_DEFINED_TRANSFORMATION($,$,#11777,#11784);
#11070=ITEM_DEFINED_TRANSFORMATION($,$,#11778,#11785);
#11071=ITEM_DEFINED_TRANSFORMATION($,$,#11779,#11786);
#11072=ITEM_DEFINED_TRANSFORMATION($,$,#11780,#11787);
#11073=ITEM_DEFINED_TRANSFORMATION($,$,#11773,#11788);
#11074=ITEM_DEFINED_TRANSFORMATION($,$,#11790,#11791);
#11075=ITEM_DEFINED_TRANSFORMATION($,$,#11772,#12326);
#11076=ITEM_DEFINED_TRANSFORMATION($,$,#11789,#12327);
#11077=ITEM_DEFINED_TRANSFORMATION($,$,#11772,#12328);
#11078=ITEM_DEFINED_TRANSFORMATION($,$,#11789,#12329);
#11079=ITEM_DEFINED_TRANSFORMATION($,$,#11766,#12330);
#11080=ITEM_DEFINED_TRANSFORMATION($,$,#11772,#12331);
#11081=ITEM_DEFINED_TRANSFORMATION($,$,#11772,#12332);
#11082=ITEM_DEFINED_TRANSFORMATION($,$,#11789,#12333);
#11083=ITEM_DEFINED_TRANSFORMATION($,$,#11772,#12334);
#11084=ITEM_DEFINED_TRANSFORMATION($,$,#11789,#12335);
#11085=ITEM_DEFINED_TRANSFORMATION($,$,#11772,#12336);
#11086=ITEM_DEFINED_TRANSFORMATION($,$,#11789,#12337);
#11087=ITEM_DEFINED_TRANSFORMATION($,$,#11772,#12338);
#11088=ITEM_DEFINED_TRANSFORMATION($,$,#11772,#12339);
#11089=ITEM_DEFINED_TRANSFORMATION($,$,#11789,#12340);
#11090=ITEM_DEFINED_TRANSFORMATION($,$,#11789,#12341);
#11091=ITEM_DEFINED_TRANSFORMATION($,$,#11772,#12342);
#11092=ITEM_DEFINED_TRANSFORMATION($,$,#11772,#12343);
#11093=ITEM_DEFINED_TRANSFORMATION($,$,#11789,#12344);
#11094=ITEM_DEFINED_TRANSFORMATION($,$,#11772,#12345);
#11095=ITEM_DEFINED_TRANSFORMATION($,$,#11789,#12346);
#11096=ITEM_DEFINED_TRANSFORMATION($,$,#11772,#12347);
#11097=ITEM_DEFINED_TRANSFORMATION($,$,#11772,#12348);
#11098=ITEM_DEFINED_TRANSFORMATION($,$,#11789,#12349);
#11099=ITEM_DEFINED_TRANSFORMATION($,$,#11772,#12350);
#11100=ITEM_DEFINED_TRANSFORMATION($,$,#11789,#12351);
#11101=ITEM_DEFINED_TRANSFORMATION($,$,#11772,#12352);
#11102=ITEM_DEFINED_TRANSFORMATION($,$,#11772,#12353);
#11103=ITEM_DEFINED_TRANSFORMATION($,$,#11789,#12354);
#11104=ITEM_DEFINED_TRANSFORMATION($,$,#11769,#12355);
#11105=ITEM_DEFINED_TRANSFORMATION($,$,#11772,#12356);
#11106=ITEM_DEFINED_TRANSFORMATION($,$,#11789,#12357);
#11107=ITEM_DEFINED_TRANSFORMATION($,$,#11772,#12358);
#11108=ITEM_DEFINED_TRANSFORMATION($,$,#11789,#12359);
#11109=ITEM_DEFINED_TRANSFORMATION($,$,#11772,#12360);
#11110=ITEM_DEFINED_TRANSFORMATION($,$,#11789,#12361);
#11111=ITEM_DEFINED_TRANSFORMATION($,$,#11772,#12362);
#11112=ITEM_DEFINED_TRANSFORMATION($,$,#11789,#12363);
#11113=ITEM_DEFINED_TRANSFORMATION($,$,#11772,#12364);
#11114=ITEM_DEFINED_TRANSFORMATION($,$,#11789,#12365);
#11115=ITEM_DEFINED_TRANSFORMATION($,$,#11772,#12366);
#11116=ITEM_DEFINED_TRANSFORMATION($,$,#11789,#12367);
#11117=ITEM_DEFINED_TRANSFORMATION($,$,#11772,#12368);
#11118=ITEM_DEFINED_TRANSFORMATION($,$,#11789,#12369);
#11119=ITEM_DEFINED_TRANSFORMATION($,$,#11772,#12370);
#11120=ITEM_DEFINED_TRANSFORMATION($,$,#11772,#12371);
#11121=ITEM_DEFINED_TRANSFORMATION($,$,#11789,#12372);
#11122=ITEM_DEFINED_TRANSFORMATION($,$,#11772,#12373);
#11123=ITEM_DEFINED_TRANSFORMATION($,$,#11789,#12374);
#11124=ITEM_DEFINED_TRANSFORMATION($,$,#11772,#12375);
#11125=ITEM_DEFINED_TRANSFORMATION($,$,#11789,#12376);
#11126=ITEM_DEFINED_TRANSFORMATION($,$,#11772,#12377);
#11127=ITEM_DEFINED_TRANSFORMATION($,$,#11789,#12378);
#11128=ITEM_DEFINED_TRANSFORMATION($,$,#11772,#12379);
#11129=ITEM_DEFINED_TRANSFORMATION($,$,#11789,#12380);
#11130=ITEM_DEFINED_TRANSFORMATION($,$,#11772,#12381);
#11131=ITEM_DEFINED_TRANSFORMATION($,$,#11789,#12382);
#11132=ITEM_DEFINED_TRANSFORMATION($,$,#11772,#12383);
#11133=ITEM_DEFINED_TRANSFORMATION($,$,#11789,#12384);
#11134=ITEM_DEFINED_TRANSFORMATION($,$,#11772,#12385);
#11135=ITEM_DEFINED_TRANSFORMATION($,$,#11789,#12386);
#11136=ITEM_DEFINED_TRANSFORMATION($,$,#11772,#12387);
#11137=ITEM_DEFINED_TRANSFORMATION($,$,#11789,#12388);
#11138=ITEM_DEFINED_TRANSFORMATION($,$,#11772,#12389);
#11139=ITEM_DEFINED_TRANSFORMATION($,$,#11789,#12390);
#11140=ITEM_DEFINED_TRANSFORMATION($,$,#11772,#12391);
#11141=ITEM_DEFINED_TRANSFORMATION($,$,#11789,#12392);
#11142=ITEM_DEFINED_TRANSFORMATION($,$,#11772,#12393);
#11143=ITEM_DEFINED_TRANSFORMATION($,$,#11789,#12394);
#11144=ITEM_DEFINED_TRANSFORMATION($,$,#11772,#12395);
#11145=ITEM_DEFINED_TRANSFORMATION($,$,#11789,#12396);
#11146=ITEM_DEFINED_TRANSFORMATION($,$,#11772,#12397);
#11147=ITEM_DEFINED_TRANSFORMATION($,$,#11789,#12398);
#11148=ITEM_DEFINED_TRANSFORMATION($,$,#11772,#12399);
#11149=ITEM_DEFINED_TRANSFORMATION($,$,#11789,#12400);
#11150=ITEM_DEFINED_TRANSFORMATION($,$,#11772,#12401);
#11151=ITEM_DEFINED_TRANSFORMATION($,$,#11789,#12402);
#11152=ITEM_DEFINED_TRANSFORMATION($,$,#11772,#12403);
#11153=ITEM_DEFINED_TRANSFORMATION($,$,#11772,#12404);
#11154=ITEM_DEFINED_TRANSFORMATION($,$,#11772,#12405);
#11155=ITEM_DEFINED_TRANSFORMATION($,$,#11789,#12406);
#11156=ITEM_DEFINED_TRANSFORMATION($,$,#11772,#12407);
#11157=ITEM_DEFINED_TRANSFORMATION($,$,#11789,#12408);
#11158=ITEM_DEFINED_TRANSFORMATION($,$,#11772,#12409);
#11159=ITEM_DEFINED_TRANSFORMATION($,$,#11772,#12410);
#11160=ITEM_DEFINED_TRANSFORMATION($,$,#11789,#12411);
#11161=ITEM_DEFINED_TRANSFORMATION($,$,#11772,#12412);
#11162=ITEM_DEFINED_TRANSFORMATION($,$,#11789,#12413);
#11163=ITEM_DEFINED_TRANSFORMATION($,$,#11772,#12414);
#11164=ITEM_DEFINED_TRANSFORMATION($,$,#11789,#12415);
#11165=ITEM_DEFINED_TRANSFORMATION($,$,#11772,#12416);
#11166=ITEM_DEFINED_TRANSFORMATION($,$,#11789,#12417);
#11167=ITEM_DEFINED_TRANSFORMATION($,$,#11772,#12418);
#11168=ITEM_DEFINED_TRANSFORMATION($,$,#11772,#12419);
#11169=ITEM_DEFINED_TRANSFORMATION($,$,#11789,#12420);
#11170=ITEM_DEFINED_TRANSFORMATION($,$,#11772,#12421);
#11171=ITEM_DEFINED_TRANSFORMATION($,$,#11789,#12422);
#11172=ITEM_DEFINED_TRANSFORMATION($,$,#11772,#12423);
#11173=ITEM_DEFINED_TRANSFORMATION($,$,#11789,#12424);
#11174=ITEM_DEFINED_TRANSFORMATION($,$,#11772,#12425);
#11175=ITEM_DEFINED_TRANSFORMATION($,$,#11789,#12426);
#11176=ITEM_DEFINED_TRANSFORMATION($,$,#11772,#12427);
#11177=ITEM_DEFINED_TRANSFORMATION($,$,#11789,#12428);
#11178=ITEM_DEFINED_TRANSFORMATION($,$,#11772,#12429);
#11179=ITEM_DEFINED_TRANSFORMATION($,$,#11772,#12430);
#11180=ITEM_DEFINED_TRANSFORMATION($,$,#11789,#12431);
#11181=ITEM_DEFINED_TRANSFORMATION($,$,#11772,#12432);
#11182=ITEM_DEFINED_TRANSFORMATION($,$,#11789,#12433);
#11183=ITEM_DEFINED_TRANSFORMATION($,$,#11772,#12434);
#11184=ITEM_DEFINED_TRANSFORMATION($,$,#11772,#12435);
#11185=ITEM_DEFINED_TRANSFORMATION($,$,#11772,#12436);
#11186=ITEM_DEFINED_TRANSFORMATION($,$,#11789,#12437);
#11187=ITEM_DEFINED_TRANSFORMATION($,$,#11772,#12438);
#11188=ITEM_DEFINED_TRANSFORMATION($,$,#11789,#12439);
#11189=ITEM_DEFINED_TRANSFORMATION($,$,#11772,#12440);
#11190=ITEM_DEFINED_TRANSFORMATION($,$,#11789,#12441);
#11191=ITEM_DEFINED_TRANSFORMATION($,$,#11772,#12442);
#11192=ITEM_DEFINED_TRANSFORMATION($,$,#11789,#12443);
#11193=ITEM_DEFINED_TRANSFORMATION($,$,#11772,#12444);
#11194=ITEM_DEFINED_TRANSFORMATION($,$,#11789,#12445);
#11195=ITEM_DEFINED_TRANSFORMATION($,$,#11772,#12446);
#11196=ITEM_DEFINED_TRANSFORMATION($,$,#11772,#12447);
#11197=ITEM_DEFINED_TRANSFORMATION($,$,#11789,#12448);
#11198=ITEM_DEFINED_TRANSFORMATION($,$,#11772,#12449);
#11199=ITEM_DEFINED_TRANSFORMATION($,$,#11789,#12450);
#11200=ITEM_DEFINED_TRANSFORMATION($,$,#11772,#12451);
#11201=ITEM_DEFINED_TRANSFORMATION($,$,#11789,#12452);
#11202=ITEM_DEFINED_TRANSFORMATION($,$,#11772,#12453);
#11203=ITEM_DEFINED_TRANSFORMATION($,$,#11789,#12454);
#11204=ITEM_DEFINED_TRANSFORMATION($,$,#11792,#12455);
#11205=ITEM_DEFINED_TRANSFORMATION($,$,#11793,#12456);
#11206=(
REPRESENTATION_RELATIONSHIP($,$,#18817,#18816)
REPRESENTATION_RELATIONSHIP_WITH_TRANSFORMATION(#11064)
SHAPE_REPRESENTATION_RELATIONSHIP()
);
#11207=(
REPRESENTATION_RELATIONSHIP($,$,#18819,#18818)
REPRESENTATION_RELATIONSHIP_WITH_TRANSFORMATION(#11065)
SHAPE_REPRESENTATION_RELATIONSHIP()
);
#11208=(
REPRESENTATION_RELATIONSHIP($,$,#18822,#18821)
REPRESENTATION_RELATIONSHIP_WITH_TRANSFORMATION(#11066)
SHAPE_REPRESENTATION_RELATIONSHIP()
);
#11209=(
REPRESENTATION_RELATIONSHIP($,$,#18823,#18821)
REPRESENTATION_RELATIONSHIP_WITH_TRANSFORMATION(#11067)
SHAPE_REPRESENTATION_RELATIONSHIP()
);
#11210=(
REPRESENTATION_RELATIONSHIP($,$,#18824,#18821)
REPRESENTATION_RELATIONSHIP_WITH_TRANSFORMATION(#11068)
SHAPE_REPRESENTATION_RELATIONSHIP()
);
#11211=(
REPRESENTATION_RELATIONSHIP($,$,#18825,#18821)
REPRESENTATION_RELATIONSHIP_WITH_TRANSFORMATION(#11069)
SHAPE_REPRESENTATION_RELATIONSHIP()
);
#11212=(
REPRESENTATION_RELATIONSHIP($,$,#18826,#18821)
REPRESENTATION_RELATIONSHIP_WITH_TRANSFORMATION(#11070)
SHAPE_REPRESENTATION_RELATIONSHIP()
);
#11213=(
REPRESENTATION_RELATIONSHIP($,$,#18827,#18821)
REPRESENTATION_RELATIONSHIP_WITH_TRANSFORMATION(#11071)
SHAPE_REPRESENTATION_RELATIONSHIP()
);
#11214=(
REPRESENTATION_RELATIONSHIP($,$,#18828,#18821)
REPRESENTATION_RELATIONSHIP_WITH_TRANSFORMATION(#11072)
SHAPE_REPRESENTATION_RELATIONSHIP()
);
#11215=(
REPRESENTATION_RELATIONSHIP($,$,#18821,#18820)
REPRESENTATION_RELATIONSHIP_WITH_TRANSFORMATION(#11073)
SHAPE_REPRESENTATION_RELATIONSHIP()
);
#11216=(
REPRESENTATION_RELATIONSHIP($,$,#18830,#18829)
REPRESENTATION_RELATIONSHIP_WITH_TRANSFORMATION(#11074)
SHAPE_REPRESENTATION_RELATIONSHIP()
);
#11217=(
REPRESENTATION_RELATIONSHIP($,$,#18820,#18815)
REPRESENTATION_RELATIONSHIP_WITH_TRANSFORMATION(#11075)
SHAPE_REPRESENTATION_RELATIONSHIP()
);
#11218=(
REPRESENTATION_RELATIONSHIP($,$,#18829,#18815)
REPRESENTATION_RELATIONSHIP_WITH_TRANSFORMATION(#11076)
SHAPE_REPRESENTATION_RELATIONSHIP()
);
#11219=(
REPRESENTATION_RELATIONSHIP($,$,#18820,#18815)
REPRESENTATION_RELATIONSHIP_WITH_TRANSFORMATION(#11077)
SHAPE_REPRESENTATION_RELATIONSHIP()
);
#11220=(
REPRESENTATION_RELATIONSHIP($,$,#18829,#18815)
REPRESENTATION_RELATIONSHIP_WITH_TRANSFORMATION(#11078)
SHAPE_REPRESENTATION_RELATIONSHIP()
);
#11221=(
REPRESENTATION_RELATIONSHIP($,$,#18816,#18815)
REPRESENTATION_RELATIONSHIP_WITH_TRANSFORMATION(#11079)
SHAPE_REPRESENTATION_RELATIONSHIP()
);
#11222=(
REPRESENTATION_RELATIONSHIP($,$,#18820,#18815)
REPRESENTATION_RELATIONSHIP_WITH_TRANSFORMATION(#11080)
SHAPE_REPRESENTATION_RELATIONSHIP()
);
#11223=(
REPRESENTATION_RELATIONSHIP($,$,#18820,#18815)
REPRESENTATION_RELATIONSHIP_WITH_TRANSFORMATION(#11081)
SHAPE_REPRESENTATION_RELATIONSHIP()
);
#11224=(
REPRESENTATION_RELATIONSHIP($,$,#18829,#18815)
REPRESENTATION_RELATIONSHIP_WITH_TRANSFORMATION(#11082)
SHAPE_REPRESENTATION_RELATIONSHIP()
);
#11225=(
REPRESENTATION_RELATIONSHIP($,$,#18820,#18815)
REPRESENTATION_RELATIONSHIP_WITH_TRANSFORMATION(#11083)
SHAPE_REPRESENTATION_RELATIONSHIP()
);
#11226=(
REPRESENTATION_RELATIONSHIP($,$,#18829,#18815)
REPRESENTATION_RELATIONSHIP_WITH_TRANSFORMATION(#11084)
SHAPE_REPRESENTATION_RELATIONSHIP()
);
#11227=(
REPRESENTATION_RELATIONSHIP($,$,#18820,#18815)
REPRESENTATION_RELATIONSHIP_WITH_TRANSFORMATION(#11085)
SHAPE_REPRESENTATION_RELATIONSHIP()
);
#11228=(
REPRESENTATION_RELATIONSHIP($,$,#18829,#18815)
REPRESENTATION_RELATIONSHIP_WITH_TRANSFORMATION(#11086)
SHAPE_REPRESENTATION_RELATIONSHIP()
);
#11229=(
REPRESENTATION_RELATIONSHIP($,$,#18820,#18815)
REPRESENTATION_RELATIONSHIP_WITH_TRANSFORMATION(#11087)
SHAPE_REPRESENTATION_RELATIONSHIP()
);
#11230=(
REPRESENTATION_RELATIONSHIP($,$,#18820,#18815)
REPRESENTATION_RELATIONSHIP_WITH_TRANSFORMATION(#11088)
SHAPE_REPRESENTATION_RELATIONSHIP()
);
#11231=(
REPRESENTATION_RELATIONSHIP($,$,#18829,#18815)
REPRESENTATION_RELATIONSHIP_WITH_TRANSFORMATION(#11089)
SHAPE_REPRESENTATION_RELATIONSHIP()
);
#11232=(
REPRESENTATION_RELATIONSHIP($,$,#18829,#18815)
REPRESENTATION_RELATIONSHIP_WITH_TRANSFORMATION(#11090)
SHAPE_REPRESENTATION_RELATIONSHIP()
);
#11233=(
REPRESENTATION_RELATIONSHIP($,$,#18820,#18815)
REPRESENTATION_RELATIONSHIP_WITH_TRANSFORMATION(#11091)
SHAPE_REPRESENTATION_RELATIONSHIP()
);
#11234=(
REPRESENTATION_RELATIONSHIP($,$,#18820,#18815)
REPRESENTATION_RELATIONSHIP_WITH_TRANSFORMATION(#11092)
SHAPE_REPRESENTATION_RELATIONSHIP()
);
#11235=(
REPRESENTATION_RELATIONSHIP($,$,#18829,#18815)
REPRESENTATION_RELATIONSHIP_WITH_TRANSFORMATION(#11093)
SHAPE_REPRESENTATION_RELATIONSHIP()
);
#11236=(
REPRESENTATION_RELATIONSHIP($,$,#18820,#18815)
REPRESENTATION_RELATIONSHIP_WITH_TRANSFORMATION(#11094)
SHAPE_REPRESENTATION_RELATIONSHIP()
);
#11237=(
REPRESENTATION_RELATIONSHIP($,$,#18829,#18815)
REPRESENTATION_RELATIONSHIP_WITH_TRANSFORMATION(#11095)
SHAPE_REPRESENTATION_RELATIONSHIP()
);
#11238=(
REPRESENTATION_RELATIONSHIP($,$,#18820,#18815)
REPRESENTATION_RELATIONSHIP_WITH_TRANSFORMATION(#11096)
SHAPE_REPRESENTATION_RELATIONSHIP()
);
#11239=(
REPRESENTATION_RELATIONSHIP($,$,#18820,#18815)
REPRESENTATION_RELATIONSHIP_WITH_TRANSFORMATION(#11097)
SHAPE_REPRESENTATION_RELATIONSHIP()
);
#11240=(
REPRESENTATION_RELATIONSHIP($,$,#18829,#18815)
REPRESENTATION_RELATIONSHIP_WITH_TRANSFORMATION(#11098)
SHAPE_REPRESENTATION_RELATIONSHIP()
);
#11241=(
REPRESENTATION_RELATIONSHIP($,$,#18820,#18815)
REPRESENTATION_RELATIONSHIP_WITH_TRANSFORMATION(#11099)
SHAPE_REPRESENTATION_RELATIONSHIP()
);
#11242=(
REPRESENTATION_RELATIONSHIP($,$,#18829,#18815)
REPRESENTATION_RELATIONSHIP_WITH_TRANSFORMATION(#11100)
SHAPE_REPRESENTATION_RELATIONSHIP()
);
#11243=(
REPRESENTATION_RELATIONSHIP($,$,#18820,#18815)
REPRESENTATION_RELATIONSHIP_WITH_TRANSFORMATION(#11101)
SHAPE_REPRESENTATION_RELATIONSHIP()
);
#11244=(
REPRESENTATION_RELATIONSHIP($,$,#18820,#18815)
REPRESENTATION_RELATIONSHIP_WITH_TRANSFORMATION(#11102)
SHAPE_REPRESENTATION_RELATIONSHIP()
);
#11245=(
REPRESENTATION_RELATIONSHIP($,$,#18829,#18815)
REPRESENTATION_RELATIONSHIP_WITH_TRANSFORMATION(#11103)
SHAPE_REPRESENTATION_RELATIONSHIP()
);
#11246=(
REPRESENTATION_RELATIONSHIP($,$,#18818,#18815)
REPRESENTATION_RELATIONSHIP_WITH_TRANSFORMATION(#11104)
SHAPE_REPRESENTATION_RELATIONSHIP()
);
#11247=(
REPRESENTATION_RELATIONSHIP($,$,#18820,#18815)
REPRESENTATION_RELATIONSHIP_WITH_TRANSFORMATION(#11105)
SHAPE_REPRESENTATION_RELATIONSHIP()
);
#11248=(
REPRESENTATION_RELATIONSHIP($,$,#18829,#18815)
REPRESENTATION_RELATIONSHIP_WITH_TRANSFORMATION(#11106)
SHAPE_REPRESENTATION_RELATIONSHIP()
);
#11249=(
REPRESENTATION_RELATIONSHIP($,$,#18820,#18815)
REPRESENTATION_RELATIONSHIP_WITH_TRANSFORMATION(#11107)
SHAPE_REPRESENTATION_RELATIONSHIP()
);
#11250=(
REPRESENTATION_RELATIONSHIP($,$,#18829,#18815)
REPRESENTATION_RELATIONSHIP_WITH_TRANSFORMATION(#11108)
SHAPE_REPRESENTATION_RELATIONSHIP()
);
#11251=(
REPRESENTATION_RELATIONSHIP($,$,#18820,#18815)
REPRESENTATION_RELATIONSHIP_WITH_TRANSFORMATION(#11109)
SHAPE_REPRESENTATION_RELATIONSHIP()
);
#11252=(
REPRESENTATION_RELATIONSHIP($,$,#18829,#18815)
REPRESENTATION_RELATIONSHIP_WITH_TRANSFORMATION(#11110)
SHAPE_REPRESENTATION_RELATIONSHIP()
);
#11253=(
REPRESENTATION_RELATIONSHIP($,$,#18820,#18815)
REPRESENTATION_RELATIONSHIP_WITH_TRANSFORMATION(#11111)
SHAPE_REPRESENTATION_RELATIONSHIP()
);
#11254=(
REPRESENTATION_RELATIONSHIP($,$,#18829,#18815)
REPRESENTATION_RELATIONSHIP_WITH_TRANSFORMATION(#11112)
SHAPE_REPRESENTATION_RELATIONSHIP()
);
#11255=(
REPRESENTATION_RELATIONSHIP($,$,#18820,#18815)
REPRESENTATION_RELATIONSHIP_WITH_TRANSFORMATION(#11113)
SHAPE_REPRESENTATION_RELATIONSHIP()
);
#11256=(
REPRESENTATION_RELATIONSHIP($,$,#18829,#18815)
REPRESENTATION_RELATIONSHIP_WITH_TRANSFORMATION(#11114)
SHAPE_REPRESENTATION_RELATIONSHIP()
);
#11257=(
REPRESENTATION_RELATIONSHIP($,$,#18820,#18815)
REPRESENTATION_RELATIONSHIP_WITH_TRANSFORMATION(#11115)
SHAPE_REPRESENTATION_RELATIONSHIP()
);
#11258=(
REPRESENTATION_RELATIONSHIP($,$,#18829,#18815)
REPRESENTATION_RELATIONSHIP_WITH_TRANSFORMATION(#11116)
SHAPE_REPRESENTATION_RELATIONSHIP()
);
#11259=(
REPRESENTATION_RELATIONSHIP($,$,#18820,#18815)
REPRESENTATION_RELATIONSHIP_WITH_TRANSFORMATION(#11117)
SHAPE_REPRESENTATION_RELATIONSHIP()
);
#11260=(
REPRESENTATION_RELATIONSHIP($,$,#18829,#18815)
REPRESENTATION_RELATIONSHIP_WITH_TRANSFORMATION(#11118)
SHAPE_REPRESENTATION_RELATIONSHIP()
);
#11261=(
REPRESENTATION_RELATIONSHIP($,$,#18820,#18815)
REPRESENTATION_RELATIONSHIP_WITH_TRANSFORMATION(#11119)
SHAPE_REPRESENTATION_RELATIONSHIP()
);
#11262=(
REPRESENTATION_RELATIONSHIP($,$,#18820,#18815)
REPRESENTATION_RELATIONSHIP_WITH_TRANSFORMATION(#11120)
SHAPE_REPRESENTATION_RELATIONSHIP()
);
#11263=(
REPRESENTATION_RELATIONSHIP($,$,#18829,#18815)
REPRESENTATION_RELATIONSHIP_WITH_TRANSFORMATION(#11121)
SHAPE_REPRESENTATION_RELATIONSHIP()
);
#11264=(
REPRESENTATION_RELATIONSHIP($,$,#18820,#18815)
REPRESENTATION_RELATIONSHIP_WITH_TRANSFORMATION(#11122)
SHAPE_REPRESENTATION_RELATIONSHIP()
);
#11265=(
REPRESENTATION_RELATIONSHIP($,$,#18829,#18815)
REPRESENTATION_RELATIONSHIP_WITH_TRANSFORMATION(#11123)
SHAPE_REPRESENTATION_RELATIONSHIP()
);
#11266=(
REPRESENTATION_RELATIONSHIP($,$,#18820,#18815)
REPRESENTATION_RELATIONSHIP_WITH_TRANSFORMATION(#11124)
SHAPE_REPRESENTATION_RELATIONSHIP()
);
#11267=(
REPRESENTATION_RELATIONSHIP($,$,#18829,#18815)
REPRESENTATION_RELATIONSHIP_WITH_TRANSFORMATION(#11125)
SHAPE_REPRESENTATION_RELATIONSHIP()
);
#11268=(
REPRESENTATION_RELATIONSHIP($,$,#18820,#18815)
REPRESENTATION_RELATIONSHIP_WITH_TRANSFORMATION(#11126)
SHAPE_REPRESENTATION_RELATIONSHIP()
);
#11269=(
REPRESENTATION_RELATIONSHIP($,$,#18829,#18815)
REPRESENTATION_RELATIONSHIP_WITH_TRANSFORMATION(#11127)
SHAPE_REPRESENTATION_RELATIONSHIP()
);
#11270=(
REPRESENTATION_RELATIONSHIP($,$,#18820,#18815)
REPRESENTATION_RELATIONSHIP_WITH_TRANSFORMATION(#11128)
SHAPE_REPRESENTATION_RELATIONSHIP()
);
#11271=(
REPRESENTATION_RELATIONSHIP($,$,#18829,#18815)
REPRESENTATION_RELATIONSHIP_WITH_TRANSFORMATION(#11129)
SHAPE_REPRESENTATION_RELATIONSHIP()
);
#11272=(
REPRESENTATION_RELATIONSHIP($,$,#18820,#18815)
REPRESENTATION_RELATIONSHIP_WITH_TRANSFORMATION(#11130)
SHAPE_REPRESENTATION_RELATIONSHIP()
);
#11273=(
REPRESENTATION_RELATIONSHIP($,$,#18829,#18815)
REPRESENTATION_RELATIONSHIP_WITH_TRANSFORMATION(#11131)
SHAPE_REPRESENTATION_RELATIONSHIP()
);
#11274=(
REPRESENTATION_RELATIONSHIP($,$,#18820,#18815)
REPRESENTATION_RELATIONSHIP_WITH_TRANSFORMATION(#11132)
SHAPE_REPRESENTATION_RELATIONSHIP()
);
#11275=(
REPRESENTATION_RELATIONSHIP($,$,#18829,#18815)
REPRESENTATION_RELATIONSHIP_WITH_TRANSFORMATION(#11133)
SHAPE_REPRESENTATION_RELATIONSHIP()
);
#11276=(
REPRESENTATION_RELATIONSHIP($,$,#18820,#18815)
REPRESENTATION_RELATIONSHIP_WITH_TRANSFORMATION(#11134)
SHAPE_REPRESENTATION_RELATIONSHIP()
);
#11277=(
REPRESENTATION_RELATIONSHIP($,$,#18829,#18815)
REPRESENTATION_RELATIONSHIP_WITH_TRANSFORMATION(#11135)
SHAPE_REPRESENTATION_RELATIONSHIP()
);
#11278=(
REPRESENTATION_RELATIONSHIP($,$,#18820,#18815)
REPRESENTATION_RELATIONSHIP_WITH_TRANSFORMATION(#11136)
SHAPE_REPRESENTATION_RELATIONSHIP()
);
#11279=(
REPRESENTATION_RELATIONSHIP($,$,#18829,#18815)
REPRESENTATION_RELATIONSHIP_WITH_TRANSFORMATION(#11137)
SHAPE_REPRESENTATION_RELATIONSHIP()
);
#11280=(
REPRESENTATION_RELATIONSHIP($,$,#18820,#18815)
REPRESENTATION_RELATIONSHIP_WITH_TRANSFORMATION(#11138)
SHAPE_REPRESENTATION_RELATIONSHIP()
);
#11281=(
REPRESENTATION_RELATIONSHIP($,$,#18829,#18815)
REPRESENTATION_RELATIONSHIP_WITH_TRANSFORMATION(#11139)
SHAPE_REPRESENTATION_RELATIONSHIP()
);
#11282=(
REPRESENTATION_RELATIONSHIP($,$,#18820,#18815)
REPRESENTATION_RELATIONSHIP_WITH_TRANSFORMATION(#11140)
SHAPE_REPRESENTATION_RELATIONSHIP()
);
#11283=(
REPRESENTATION_RELATIONSHIP($,$,#18829,#18815)
REPRESENTATION_RELATIONSHIP_WITH_TRANSFORMATION(#11141)
SHAPE_REPRESENTATION_RELATIONSHIP()
);
#11284=(
REPRESENTATION_RELATIONSHIP($,$,#18820,#18815)
REPRESENTATION_RELATIONSHIP_WITH_TRANSFORMATION(#11142)
SHAPE_REPRESENTATION_RELATIONSHIP()
);
#11285=(
REPRESENTATION_RELATIONSHIP($,$,#18829,#18815)
REPRESENTATION_RELATIONSHIP_WITH_TRANSFORMATION(#11143)
SHAPE_REPRESENTATION_RELATIONSHIP()
);
#11286=(
REPRESENTATION_RELATIONSHIP($,$,#18820,#18815)
REPRESENTATION_RELATIONSHIP_WITH_TRANSFORMATION(#11144)
SHAPE_REPRESENTATION_RELATIONSHIP()
);
#11287=(
REPRESENTATION_RELATIONSHIP($,$,#18829,#18815)
REPRESENTATION_RELATIONSHIP_WITH_TRANSFORMATION(#11145)
SHAPE_REPRESENTATION_RELATIONSHIP()
);
#11288=(
REPRESENTATION_RELATIONSHIP($,$,#18820,#18815)
REPRESENTATION_RELATIONSHIP_WITH_TRANSFORMATION(#11146)
SHAPE_REPRESENTATION_RELATIONSHIP()
);
#11289=(
REPRESENTATION_RELATIONSHIP($,$,#18829,#18815)
REPRESENTATION_RELATIONSHIP_WITH_TRANSFORMATION(#11147)
SHAPE_REPRESENTATION_RELATIONSHIP()
);
#11290=(
REPRESENTATION_RELATIONSHIP($,$,#18820,#18815)
REPRESENTATION_RELATIONSHIP_WITH_TRANSFORMATION(#11148)
SHAPE_REPRESENTATION_RELATIONSHIP()
);
#11291=(
REPRESENTATION_RELATIONSHIP($,$,#18829,#18815)
REPRESENTATION_RELATIONSHIP_WITH_TRANSFORMATION(#11149)
SHAPE_REPRESENTATION_RELATIONSHIP()
);
#11292=(
REPRESENTATION_RELATIONSHIP($,$,#18820,#18815)
REPRESENTATION_RELATIONSHIP_WITH_TRANSFORMATION(#11150)
SHAPE_REPRESENTATION_RELATIONSHIP()
);
#11293=(
REPRESENTATION_RELATIONSHIP($,$,#18829,#18815)
REPRESENTATION_RELATIONSHIP_WITH_TRANSFORMATION(#11151)
SHAPE_REPRESENTATION_RELATIONSHIP()
);
#11294=(
REPRESENTATION_RELATIONSHIP($,$,#18820,#18815)
REPRESENTATION_RELATIONSHIP_WITH_TRANSFORMATION(#11152)
SHAPE_REPRESENTATION_RELATIONSHIP()
);
#11295=(
REPRESENTATION_RELATIONSHIP($,$,#18820,#18815)
REPRESENTATION_RELATIONSHIP_WITH_TRANSFORMATION(#11153)
SHAPE_REPRESENTATION_RELATIONSHIP()
);
#11296=(
REPRESENTATION_RELATIONSHIP($,$,#18820,#18815)
REPRESENTATION_RELATIONSHIP_WITH_TRANSFORMATION(#11154)
SHAPE_REPRESENTATION_RELATIONSHIP()
);
#11297=(
REPRESENTATION_RELATIONSHIP($,$,#18829,#18815)
REPRESENTATION_RELATIONSHIP_WITH_TRANSFORMATION(#11155)
SHAPE_REPRESENTATION_RELATIONSHIP()
);
#11298=(
REPRESENTATION_RELATIONSHIP($,$,#18820,#18815)
REPRESENTATION_RELATIONSHIP_WITH_TRANSFORMATION(#11156)
SHAPE_REPRESENTATION_RELATIONSHIP()
);
#11299=(
REPRESENTATION_RELATIONSHIP($,$,#18829,#18815)
REPRESENTATION_RELATIONSHIP_WITH_TRANSFORMATION(#11157)
SHAPE_REPRESENTATION_RELATIONSHIP()
);
#11300=(
REPRESENTATION_RELATIONSHIP($,$,#18820,#18815)
REPRESENTATION_RELATIONSHIP_WITH_TRANSFORMATION(#11158)
SHAPE_REPRESENTATION_RELATIONSHIP()
);
#11301=(
REPRESENTATION_RELATIONSHIP($,$,#18820,#18815)
REPRESENTATION_RELATIONSHIP_WITH_TRANSFORMATION(#11159)
SHAPE_REPRESENTATION_RELATIONSHIP()
);
#11302=(
REPRESENTATION_RELATIONSHIP($,$,#18829,#18815)
REPRESENTATION_RELATIONSHIP_WITH_TRANSFORMATION(#11160)
SHAPE_REPRESENTATION_RELATIONSHIP()
);
#11303=(
REPRESENTATION_RELATIONSHIP($,$,#18820,#18815)
REPRESENTATION_RELATIONSHIP_WITH_TRANSFORMATION(#11161)
SHAPE_REPRESENTATION_RELATIONSHIP()
);
#11304=(
REPRESENTATION_RELATIONSHIP($,$,#18829,#18815)
REPRESENTATION_RELATIONSHIP_WITH_TRANSFORMATION(#11162)
SHAPE_REPRESENTATION_RELATIONSHIP()
);
#11305=(
REPRESENTATION_RELATIONSHIP($,$,#18820,#18815)
REPRESENTATION_RELATIONSHIP_WITH_TRANSFORMATION(#11163)
SHAPE_REPRESENTATION_RELATIONSHIP()
);
#11306=(
REPRESENTATION_RELATIONSHIP($,$,#18829,#18815)
REPRESENTATION_RELATIONSHIP_WITH_TRANSFORMATION(#11164)
SHAPE_REPRESENTATION_RELATIONSHIP()
);
#11307=(
REPRESENTATION_RELATIONSHIP($,$,#18820,#18815)
REPRESENTATION_RELATIONSHIP_WITH_TRANSFORMATION(#11165)
SHAPE_REPRESENTATION_RELATIONSHIP()
);
#11308=(
REPRESENTATION_RELATIONSHIP($,$,#18829,#18815)
REPRESENTATION_RELATIONSHIP_WITH_TRANSFORMATION(#11166)
SHAPE_REPRESENTATION_RELATIONSHIP()
);
#11309=(
REPRESENTATION_RELATIONSHIP($,$,#18820,#18815)
REPRESENTATION_RELATIONSHIP_WITH_TRANSFORMATION(#11167)
SHAPE_REPRESENTATION_RELATIONSHIP()
);
#11310=(
REPRESENTATION_RELATIONSHIP($,$,#18820,#18815)
REPRESENTATION_RELATIONSHIP_WITH_TRANSFORMATION(#11168)
SHAPE_REPRESENTATION_RELATIONSHIP()
);
#11311=(
REPRESENTATION_RELATIONSHIP($,$,#18829,#18815)
REPRESENTATION_RELATIONSHIP_WITH_TRANSFORMATION(#11169)
SHAPE_REPRESENTATION_RELATIONSHIP()
);
#11312=(
REPRESENTATION_RELATIONSHIP($,$,#18820,#18815)
REPRESENTATION_RELATIONSHIP_WITH_TRANSFORMATION(#11170)
SHAPE_REPRESENTATION_RELATIONSHIP()
);
#11313=(
REPRESENTATION_RELATIONSHIP($,$,#18829,#18815)
REPRESENTATION_RELATIONSHIP_WITH_TRANSFORMATION(#11171)
SHAPE_REPRESENTATION_RELATIONSHIP()
);
#11314=(
REPRESENTATION_RELATIONSHIP($,$,#18820,#18815)
REPRESENTATION_RELATIONSHIP_WITH_TRANSFORMATION(#11172)
SHAPE_REPRESENTATION_RELATIONSHIP()
);
#11315=(
REPRESENTATION_RELATIONSHIP($,$,#18829,#18815)
REPRESENTATION_RELATIONSHIP_WITH_TRANSFORMATION(#11173)
SHAPE_REPRESENTATION_RELATIONSHIP()
);
#11316=(
REPRESENTATION_RELATIONSHIP($,$,#18820,#18815)
REPRESENTATION_RELATIONSHIP_WITH_TRANSFORMATION(#11174)
SHAPE_REPRESENTATION_RELATIONSHIP()
);
#11317=(
REPRESENTATION_RELATIONSHIP($,$,#18829,#18815)
REPRESENTATION_RELATIONSHIP_WITH_TRANSFORMATION(#11175)
SHAPE_REPRESENTATION_RELATIONSHIP()
);
#11318=(
REPRESENTATION_RELATIONSHIP($,$,#18820,#18815)
REPRESENTATION_RELATIONSHIP_WITH_TRANSFORMATION(#11176)
SHAPE_REPRESENTATION_RELATIONSHIP()
);
#11319=(
REPRESENTATION_RELATIONSHIP($,$,#18829,#18815)
REPRESENTATION_RELATIONSHIP_WITH_TRANSFORMATION(#11177)
SHAPE_REPRESENTATION_RELATIONSHIP()
);
#11320=(
REPRESENTATION_RELATIONSHIP($,$,#18820,#18815)
REPRESENTATION_RELATIONSHIP_WITH_TRANSFORMATION(#11178)
SHAPE_REPRESENTATION_RELATIONSHIP()
);
#11321=(
REPRESENTATION_RELATIONSHIP($,$,#18820,#18815)
REPRESENTATION_RELATIONSHIP_WITH_TRANSFORMATION(#11179)
SHAPE_REPRESENTATION_RELATIONSHIP()
);
#11322=(
REPRESENTATION_RELATIONSHIP($,$,#18829,#18815)
REPRESENTATION_RELATIONSHIP_WITH_TRANSFORMATION(#11180)
SHAPE_REPRESENTATION_RELATIONSHIP()
);
#11323=(
REPRESENTATION_RELATIONSHIP($,$,#18820,#18815)
REPRESENTATION_RELATIONSHIP_WITH_TRANSFORMATION(#11181)
SHAPE_REPRESENTATION_RELATIONSHIP()
);
#11324=(
REPRESENTATION_RELATIONSHIP($,$,#18829,#18815)
REPRESENTATION_RELATIONSHIP_WITH_TRANSFORMATION(#11182)
SHAPE_REPRESENTATION_RELATIONSHIP()
);
#11325=(
REPRESENTATION_RELATIONSHIP($,$,#18820,#18815)
REPRESENTATION_RELATIONSHIP_WITH_TRANSFORMATION(#11183)
SHAPE_REPRESENTATION_RELATIONSHIP()
);
#11326=(
REPRESENTATION_RELATIONSHIP($,$,#18820,#18815)
REPRESENTATION_RELATIONSHIP_WITH_TRANSFORMATION(#11184)
SHAPE_REPRESENTATION_RELATIONSHIP()
);
#11327=(
REPRESENTATION_RELATIONSHIP($,$,#18820,#18815)
REPRESENTATION_RELATIONSHIP_WITH_TRANSFORMATION(#11185)
SHAPE_REPRESENTATION_RELATIONSHIP()
);
#11328=(
REPRESENTATION_RELATIONSHIP($,$,#18829,#18815)
REPRESENTATION_RELATIONSHIP_WITH_TRANSFORMATION(#11186)
SHAPE_REPRESENTATION_RELATIONSHIP()
);
#11329=(
REPRESENTATION_RELATIONSHIP($,$,#18820,#18815)
REPRESENTATION_RELATIONSHIP_WITH_TRANSFORMATION(#11187)
SHAPE_REPRESENTATION_RELATIONSHIP()
);
#11330=(
REPRESENTATION_RELATIONSHIP($,$,#18829,#18815)
REPRESENTATION_RELATIONSHIP_WITH_TRANSFORMATION(#11188)
SHAPE_REPRESENTATION_RELATIONSHIP()
);
#11331=(
REPRESENTATION_RELATIONSHIP($,$,#18820,#18815)
REPRESENTATION_RELATIONSHIP_WITH_TRANSFORMATION(#11189)
SHAPE_REPRESENTATION_RELATIONSHIP()
);
#11332=(
REPRESENTATION_RELATIONSHIP($,$,#18829,#18815)
REPRESENTATION_RELATIONSHIP_WITH_TRANSFORMATION(#11190)
SHAPE_REPRESENTATION_RELATIONSHIP()
);
#11333=(
REPRESENTATION_RELATIONSHIP($,$,#18820,#18815)
REPRESENTATION_RELATIONSHIP_WITH_TRANSFORMATION(#11191)
SHAPE_REPRESENTATION_RELATIONSHIP()
);
#11334=(
REPRESENTATION_RELATIONSHIP($,$,#18829,#18815)
REPRESENTATION_RELATIONSHIP_WITH_TRANSFORMATION(#11192)
SHAPE_REPRESENTATION_RELATIONSHIP()
);
#11335=(
REPRESENTATION_RELATIONSHIP($,$,#18820,#18815)
REPRESENTATION_RELATIONSHIP_WITH_TRANSFORMATION(#11193)
SHAPE_REPRESENTATION_RELATIONSHIP()
);
#11336=(
REPRESENTATION_RELATIONSHIP($,$,#18829,#18815)
REPRESENTATION_RELATIONSHIP_WITH_TRANSFORMATION(#11194)
SHAPE_REPRESENTATION_RELATIONSHIP()
);
#11337=(
REPRESENTATION_RELATIONSHIP($,$,#18820,#18815)
REPRESENTATION_RELATIONSHIP_WITH_TRANSFORMATION(#11195)
SHAPE_REPRESENTATION_RELATIONSHIP()
);
#11338=(
REPRESENTATION_RELATIONSHIP($,$,#18820,#18815)
REPRESENTATION_RELATIONSHIP_WITH_TRANSFORMATION(#11196)
SHAPE_REPRESENTATION_RELATIONSHIP()
);
#11339=(
REPRESENTATION_RELATIONSHIP($,$,#18829,#18815)
REPRESENTATION_RELATIONSHIP_WITH_TRANSFORMATION(#11197)
SHAPE_REPRESENTATION_RELATIONSHIP()
);
#11340=(
REPRESENTATION_RELATIONSHIP($,$,#18820,#18815)
REPRESENTATION_RELATIONSHIP_WITH_TRANSFORMATION(#11198)
SHAPE_REPRESENTATION_RELATIONSHIP()
);
#11341=(
REPRESENTATION_RELATIONSHIP($,$,#18829,#18815)
REPRESENTATION_RELATIONSHIP_WITH_TRANSFORMATION(#11199)
SHAPE_REPRESENTATION_RELATIONSHIP()
);
#11342=(
REPRESENTATION_RELATIONSHIP($,$,#18820,#18815)
REPRESENTATION_RELATIONSHIP_WITH_TRANSFORMATION(#11200)
SHAPE_REPRESENTATION_RELATIONSHIP()
);
#11343=(
REPRESENTATION_RELATIONSHIP($,$,#18829,#18815)
REPRESENTATION_RELATIONSHIP_WITH_TRANSFORMATION(#11201)
SHAPE_REPRESENTATION_RELATIONSHIP()
);
#11344=(
REPRESENTATION_RELATIONSHIP($,$,#18820,#18815)
REPRESENTATION_RELATIONSHIP_WITH_TRANSFORMATION(#11202)
SHAPE_REPRESENTATION_RELATIONSHIP()
);
#11345=(
REPRESENTATION_RELATIONSHIP($,$,#18829,#18815)
REPRESENTATION_RELATIONSHIP_WITH_TRANSFORMATION(#11203)
SHAPE_REPRESENTATION_RELATIONSHIP()
);
#11346=(
REPRESENTATION_RELATIONSHIP($,$,#18831,#18815)
REPRESENTATION_RELATIONSHIP_WITH_TRANSFORMATION(#11204)
SHAPE_REPRESENTATION_RELATIONSHIP()
);
#11347=(
REPRESENTATION_RELATIONSHIP($,$,#18832,#18815)
REPRESENTATION_RELATIONSHIP_WITH_TRANSFORMATION(#11205)
SHAPE_REPRESENTATION_RELATIONSHIP()
);
#11348=CONTEXT_DEPENDENT_SHAPE_REPRESENTATION(#11206,#18658);
#11349=CONTEXT_DEPENDENT_SHAPE_REPRESENTATION(#11207,#18661);
#11350=CONTEXT_DEPENDENT_SHAPE_REPRESENTATION(#11208,#18671);
#11351=CONTEXT_DEPENDENT_SHAPE_REPRESENTATION(#11209,#18672);
#11352=CONTEXT_DEPENDENT_SHAPE_REPRESENTATION(#11210,#18673);
#11353=CONTEXT_DEPENDENT_SHAPE_REPRESENTATION(#11211,#18674);
#11354=CONTEXT_DEPENDENT_SHAPE_REPRESENTATION(#11212,#18675);
#11355=CONTEXT_DEPENDENT_SHAPE_REPRESENTATION(#11213,#18676);
#11356=CONTEXT_DEPENDENT_SHAPE_REPRESENTATION(#11214,#18677);
#11357=CONTEXT_DEPENDENT_SHAPE_REPRESENTATION(#11215,#18678);
#11358=CONTEXT_DEPENDENT_SHAPE_REPRESENTATION(#11216,#18681);
#11359=CONTEXT_DEPENDENT_SHAPE_REPRESENTATION(#11217,#18684);
#11360=CONTEXT_DEPENDENT_SHAPE_REPRESENTATION(#11218,#18685);
#11361=CONTEXT_DEPENDENT_SHAPE_REPRESENTATION(#11219,#18686);
#11362=CONTEXT_DEPENDENT_SHAPE_REPRESENTATION(#11220,#18687);
#11363=CONTEXT_DEPENDENT_SHAPE_REPRESENTATION(#11221,#18688);
#11364=CONTEXT_DEPENDENT_SHAPE_REPRESENTATION(#11222,#18689);
#11365=CONTEXT_DEPENDENT_SHAPE_REPRESENTATION(#11223,#18690);
#11366=CONTEXT_DEPENDENT_SHAPE_REPRESENTATION(#11224,#18691);
#11367=CONTEXT_DEPENDENT_SHAPE_REPRESENTATION(#11225,#18692);
#11368=CONTEXT_DEPENDENT_SHAPE_REPRESENTATION(#11226,#18693);
#11369=CONTEXT_DEPENDENT_SHAPE_REPRESENTATION(#11227,#18694);
#11370=CONTEXT_DEPENDENT_SHAPE_REPRESENTATION(#11228,#18695);
#11371=CONTEXT_DEPENDENT_SHAPE_REPRESENTATION(#11229,#18696);
#11372=CONTEXT_DEPENDENT_SHAPE_REPRESENTATION(#11230,#18697);
#11373=CONTEXT_DEPENDENT_SHAPE_REPRESENTATION(#11231,#18698);
#11374=CONTEXT_DEPENDENT_SHAPE_REPRESENTATION(#11232,#18699);
#11375=CONTEXT_DEPENDENT_SHAPE_REPRESENTATION(#11233,#18700);
#11376=CONTEXT_DEPENDENT_SHAPE_REPRESENTATION(#11234,#18701);
#11377=CONTEXT_DEPENDENT_SHAPE_REPRESENTATION(#11235,#18702);
#11378=CONTEXT_DEPENDENT_SHAPE_REPRESENTATION(#11236,#18703);
#11379=CONTEXT_DEPENDENT_SHAPE_REPRESENTATION(#11237,#18704);
#11380=CONTEXT_DEPENDENT_SHAPE_REPRESENTATION(#11238,#18705);
#11381=CONTEXT_DEPENDENT_SHAPE_REPRESENTATION(#11239,#18706);
#11382=CONTEXT_DEPENDENT_SHAPE_REPRESENTATION(#11240,#18707);
#11383=CONTEXT_DEPENDENT_SHAPE_REPRESENTATION(#11241,#18708);
#11384=CONTEXT_DEPENDENT_SHAPE_REPRESENTATION(#11242,#18709);
#11385=CONTEXT_DEPENDENT_SHAPE_REPRESENTATION(#11243,#18710);
#11386=CONTEXT_DEPENDENT_SHAPE_REPRESENTATION(#11244,#18711);
#11387=CONTEXT_DEPENDENT_SHAPE_REPRESENTATION(#11245,#18712);
#11388=CONTEXT_DEPENDENT_SHAPE_REPRESENTATION(#11246,#18713);
#11389=CONTEXT_DEPENDENT_SHAPE_REPRESENTATION(#11247,#18714);
#11390=CONTEXT_DEPENDENT_SHAPE_REPRESENTATION(#11248,#18715);
#11391=CONTEXT_DEPENDENT_SHAPE_REPRESENTATION(#11249,#18716);
#11392=CONTEXT_DEPENDENT_SHAPE_REPRESENTATION(#11250,#18717);
#11393=CONTEXT_DEPENDENT_SHAPE_REPRESENTATION(#11251,#18718);
#11394=CONTEXT_DEPENDENT_SHAPE_REPRESENTATION(#11252,#18719);
#11395=CONTEXT_DEPENDENT_SHAPE_REPRESENTATION(#11253,#18720);
#11396=CONTEXT_DEPENDENT_SHAPE_REPRESENTATION(#11254,#18721);
#11397=CONTEXT_DEPENDENT_SHAPE_REPRESENTATION(#11255,#18722);
#11398=CONTEXT_DEPENDENT_SHAPE_REPRESENTATION(#11256,#18723);
#11399=CONTEXT_DEPENDENT_SHAPE_REPRESENTATION(#11257,#18724);
#11400=CONTEXT_DEPENDENT_SHAPE_REPRESENTATION(#11258,#18725);
#11401=CONTEXT_DEPENDENT_SHAPE_REPRESENTATION(#11259,#18726);
#11402=CONTEXT_DEPENDENT_SHAPE_REPRESENTATION(#11260,#18727);
#11403=CONTEXT_DEPENDENT_SHAPE_REPRESENTATION(#11261,#18728);
#11404=CONTEXT_DEPENDENT_SHAPE_REPRESENTATION(#11262,#18729);
#11405=CONTEXT_DEPENDENT_SHAPE_REPRESENTATION(#11263,#18730);
#11406=CONTEXT_DEPENDENT_SHAPE_REPRESENTATION(#11264,#18731);
#11407=CONTEXT_DEPENDENT_SHAPE_REPRESENTATION(#11265,#18732);
#11408=CONTEXT_DEPENDENT_SHAPE_REPRESENTATION(#11266,#18733);
#11409=CONTEXT_DEPENDENT_SHAPE_REPRESENTATION(#11267,#18734);
#11410=CONTEXT_DEPENDENT_SHAPE_REPRESENTATION(#11268,#18735);
#11411=CONTEXT_DEPENDENT_SHAPE_REPRESENTATION(#11269,#18736);
#11412=CONTEXT_DEPENDENT_SHAPE_REPRESENTATION(#11270,#18737);
#11413=CONTEXT_DEPENDENT_SHAPE_REPRESENTATION(#11271,#18738);
#11414=CONTEXT_DEPENDENT_SHAPE_REPRESENTATION(#11272,#18739);
#11415=CONTEXT_DEPENDENT_SHAPE_REPRESENTATION(#11273,#18740);
#11416=CONTEXT_DEPENDENT_SHAPE_REPRESENTATION(#11274,#18741);
#11417=CONTEXT_DEPENDENT_SHAPE_REPRESENTATION(#11275,#18742);
#11418=CONTEXT_DEPENDENT_SHAPE_REPRESENTATION(#11276,#18743);
#11419=CONTEXT_DEPENDENT_SHAPE_REPRESENTATION(#11277,#18744);
#11420=CONTEXT_DEPENDENT_SHAPE_REPRESENTATION(#11278,#18745);
#11421=CONTEXT_DEPENDENT_SHAPE_REPRESENTATION(#11279,#18746);
#11422=CONTEXT_DEPENDENT_SHAPE_REPRESENTATION(#11280,#18747);
#11423=CONTEXT_DEPENDENT_SHAPE_REPRESENTATION(#11281,#18748);
#11424=CONTEXT_DEPENDENT_SHAPE_REPRESENTATION(#11282,#18749);
#11425=CONTEXT_DEPENDENT_SHAPE_REPRESENTATION(#11283,#18750);
#11426=CONTEXT_DEPENDENT_SHAPE_REPRESENTATION(#11284,#18751);
#11427=CONTEXT_DEPENDENT_SHAPE_REPRESENTATION(#11285,#18752);
#11428=CONTEXT_DEPENDENT_SHAPE_REPRESENTATION(#11286,#18753);
#11429=CONTEXT_DEPENDENT_SHAPE_REPRESENTATION(#11287,#18754);
#11430=CONTEXT_DEPENDENT_SHAPE_REPRESENTATION(#11288,#18755);
#11431=CONTEXT_DEPENDENT_SHAPE_REPRESENTATION(#11289,#18756);
#11432=CONTEXT_DEPENDENT_SHAPE_REPRESENTATION(#11290,#18757);
#11433=CONTEXT_DEPENDENT_SHAPE_REPRESENTATION(#11291,#18758);
#11434=CONTEXT_DEPENDENT_SHAPE_REPRESENTATION(#11292,#18759);
#11435=CONTEXT_DEPENDENT_SHAPE_REPRESENTATION(#11293,#18760);
#11436=CONTEXT_DEPENDENT_SHAPE_REPRESENTATION(#11294,#18761);
#11437=CONTEXT_DEPENDENT_SHAPE_REPRESENTATION(#11295,#18762);
#11438=CONTEXT_DEPENDENT_SHAPE_REPRESENTATION(#11296,#18763);
#11439=CONTEXT_DEPENDENT_SHAPE_REPRESENTATION(#11297,#18764);
#11440=CONTEXT_DEPENDENT_SHAPE_REPRESENTATION(#11298,#18765);
#11441=CONTEXT_DEPENDENT_SHAPE_REPRESENTATION(#11299,#18766);
#11442=CONTEXT_DEPENDENT_SHAPE_REPRESENTATION(#11300,#18767);
#11443=CONTEXT_DEPENDENT_SHAPE_REPRESENTATION(#11301,#18768);
#11444=CONTEXT_DEPENDENT_SHAPE_REPRESENTATION(#11302,#18769);
#11445=CONTEXT_DEPENDENT_SHAPE_REPRESENTATION(#11303,#18770);
#11446=CONTEXT_DEPENDENT_SHAPE_REPRESENTATION(#11304,#18771);
#11447=CONTEXT_DEPENDENT_SHAPE_REPRESENTATION(#11305,#18772);
#11448=CONTEXT_DEPENDENT_SHAPE_REPRESENTATION(#11306,#18773);
#11449=CONTEXT_DEPENDENT_SHAPE_REPRESENTATION(#11307,#18774);
#11450=CONTEXT_DEPENDENT_SHAPE_REPRESENTATION(#11308,#18775);
#11451=CONTEXT_DEPENDENT_SHAPE_REPRESENTATION(#11309,#18776);
#11452=CONTEXT_DEPENDENT_SHAPE_REPRESENTATION(#11310,#18777);
#11453=CONTEXT_DEPENDENT_SHAPE_REPRESENTATION(#11311,#18778);
#11454=CONTEXT_DEPENDENT_SHAPE_REPRESENTATION(#11312,#18779);
#11455=CONTEXT_DEPENDENT_SHAPE_REPRESENTATION(#11313,#18780);
#11456=CONTEXT_DEPENDENT_SHAPE_REPRESENTATION(#11314,#18781);
#11457=CONTEXT_DEPENDENT_SHAPE_REPRESENTATION(#11315,#18782);
#11458=CONTEXT_DEPENDENT_SHAPE_REPRESENTATION(#11316,#18783);
#11459=CONTEXT_DEPENDENT_SHAPE_REPRESENTATION(#11317,#18784);
#11460=CONTEXT_DEPENDENT_SHAPE_REPRESENTATION(#11318,#18785);
#11461=CONTEXT_DEPENDENT_SHAPE_REPRESENTATION(#11319,#18786);
#11462=CONTEXT_DEPENDENT_SHAPE_REPRESENTATION(#11320,#18787);
#11463=CONTEXT_DEPENDENT_SHAPE_REPRESENTATION(#11321,#18788);
#11464=CONTEXT_DEPENDENT_SHAPE_REPRESENTATION(#11322,#18789);
#11465=CONTEXT_DEPENDENT_SHAPE_REPRESENTATION(#11323,#18790);
#11466=CONTEXT_DEPENDENT_SHAPE_REPRESENTATION(#11324,#18791);
#11467=CONTEXT_DEPENDENT_SHAPE_REPRESENTATION(#11325,#18792);
#11468=CONTEXT_DEPENDENT_SHAPE_REPRESENTATION(#11326,#18793);
#11469=CONTEXT_DEPENDENT_SHAPE_REPRESENTATION(#11327,#18794);
#11470=CONTEXT_DEPENDENT_SHAPE_REPRESENTATION(#11328,#18795);
#11471=CONTEXT_DEPENDENT_SHAPE_REPRESENTATION(#11329,#18796);
#11472=CONTEXT_DEPENDENT_SHAPE_REPRESENTATION(#11330,#18797);
#11473=CONTEXT_DEPENDENT_SHAPE_REPRESENTATION(#11331,#18798);
#11474=CONTEXT_DEPENDENT_SHAPE_REPRESENTATION(#11332,#18799);
#11475=CONTEXT_DEPENDENT_SHAPE_REPRESENTATION(#11333,#18800);
#11476=CONTEXT_DEPENDENT_SHAPE_REPRESENTATION(#11334,#18801);
#11477=CONTEXT_DEPENDENT_SHAPE_REPRESENTATION(#11335,#18802);
#11478=CONTEXT_DEPENDENT_SHAPE_REPRESENTATION(#11336,#18803);
#11479=CONTEXT_DEPENDENT_SHAPE_REPRESENTATION(#11337,#18804);
#11480=CONTEXT_DEPENDENT_SHAPE_REPRESENTATION(#11338,#18805);
#11481=CONTEXT_DEPENDENT_SHAPE_REPRESENTATION(#11339,#18806);
#11482=CONTEXT_DEPENDENT_SHAPE_REPRESENTATION(#11340,#18807);
#11483=CONTEXT_DEPENDENT_SHAPE_REPRESENTATION(#11341,#18808);
#11484=CONTEXT_DEPENDENT_SHAPE_REPRESENTATION(#11342,#18809);
#11485=CONTEXT_DEPENDENT_SHAPE_REPRESENTATION(#11343,#18810);
#11486=CONTEXT_DEPENDENT_SHAPE_REPRESENTATION(#11344,#18811);
#11487=CONTEXT_DEPENDENT_SHAPE_REPRESENTATION(#11345,#18812);
#11488=CONTEXT_DEPENDENT_SHAPE_REPRESENTATION(#11346,#18813);
#11489=CONTEXT_DEPENDENT_SHAPE_REPRESENTATION(#11347,#18814);
#11490=NEXT_ASSEMBLY_USAGE_OCCURRENCE('RaspberryPi_Pico_KiCad:1',
'RaspberryPi_Pico_KiCad:1','RaspberryPi_Pico_KiCad:1',#18835,#18836,
'RaspberryPi_Pico_KiCad:1');
#11491=NEXT_ASSEMBLY_USAGE_OCCURRENCE('\X2\047D05EA00B110EB01F7\X0\:1',
'\X2\047D05EA00B110EB01F7\X0\:1','\X2\047D05EA00B110EB01F7\X0\:1',#18837,
#18838,'\X2\047D05EA00B110EB01F7\X0\:1');
#11492=NEXT_ASSEMBLY_USAGE_OCCURRENCE('Bottom:1','Bottom:1','Bottom:1',
#18840,#18841,'Bottom:1');
#11493=NEXT_ASSEMBLY_USAGE_OCCURRENCE('Pulsador:1','Pulsador:1',
'Pulsador:1',#18840,#18842,'Pulsador:1');
#11494=NEXT_ASSEMBLY_USAGE_OCCURRENCE('Top:1','Top:1','Top:1',#18840,#18843,
'Top:1');
#11495=NEXT_ASSEMBLY_USAGE_OCCURRENCE('Pieza5^Cherry MX:1',
'Pieza5^Cherry MX:1','Pieza5^Cherry MX:1',#18840,#18844,
'Pieza5^Cherry MX:1');
#11496=NEXT_ASSEMBLY_USAGE_OCCURRENCE('Pin1:1','Pin1:1','Pin1:1',#18840,
#18845,'Pin1:1');
#11497=NEXT_ASSEMBLY_USAGE_OCCURRENCE('Pin2:1','Pin2:1','Pin2:1',#18840,
#18846,'Pin2:1');
#11498=NEXT_ASSEMBLY_USAGE_OCCURRENCE('Led 3mm_trans:1',
'Led 3mm_trans:1','Led 3mm_trans:1',#18840,#18847,'Led 3mm_trans:1');
#11499=NEXT_ASSEMBLY_USAGE_OCCURRENCE('Cherry MX:1','Cherry MX:1',
'Cherry MX:1',#18839,#18840,'Cherry MX:1');
#11500=NEXT_ASSEMBLY_USAGE_OCCURRENCE('Keycap_adjusted v39:1',
'Keycap_adjusted v39:1','Keycap_adjusted v39:1',#18848,#18849,
'Keycap_adjusted v39:1');
#11501=NEXT_ASSEMBLY_USAGE_OCCURRENCE('Cherry MX (1):1',
'Cherry MX (1):1','Cherry MX (1):1',#18834,#18839,'Cherry MX (1):1');
#11502=NEXT_ASSEMBLY_USAGE_OCCURRENCE('DSA_Keycap_CherryMX:1',
'DSA_Keycap_CherryMX:1','DSA_Keycap_CherryMX:1',#18834,#18848,
'DSA_Keycap_CherryMX:1');
#11503=NEXT_ASSEMBLY_USAGE_OCCURRENCE('Cherry MX (1):2',
'Cherry MX (1):2','Cherry MX (1):2',#18834,#18839,'Cherry MX (1):2');
#11504=NEXT_ASSEMBLY_USAGE_OCCURRENCE('DSA_Keycap_CherryMX:2',
'DSA_Keycap_CherryMX:2','DSA_Keycap_CherryMX:2',#18834,#18848,
'DSA_Keycap_CherryMX:2');
#11505=NEXT_ASSEMBLY_USAGE_OCCURRENCE('RaspberryPi_Pico:1',
'RaspberryPi_Pico:1','RaspberryPi_Pico:1',#18834,#18835,
'RaspberryPi_Pico:1');
#11506=NEXT_ASSEMBLY_USAGE_OCCURRENCE('Cherry MX (1):3',
'Cherry MX (1):3','Cherry MX (1):3',#18834,#18839,'Cherry MX (1):3');
#11507=NEXT_ASSEMBLY_USAGE_OCCURRENCE('Cherry MX (1):4',
'Cherry MX (1):4','Cherry MX (1):4',#18834,#18839,'Cherry MX (1):4');
#11508=NEXT_ASSEMBLY_USAGE_OCCURRENCE('DSA_Keycap_CherryMX:4',
'DSA_Keycap_CherryMX:4','DSA_Keycap_CherryMX:4',#18834,#18848,
'DSA_Keycap_CherryMX:4');
#11509=NEXT_ASSEMBLY_USAGE_OCCURRENCE('Cherry MX (1):5',
'Cherry MX (1):5','Cherry MX (1):5',#18834,#18839,'Cherry MX (1):5');
#11510=NEXT_ASSEMBLY_USAGE_OCCURRENCE('DSA_Keycap_CherryMX:5',
'DSA_Keycap_CherryMX:5','DSA_Keycap_CherryMX:5',#18834,#18848,
'DSA_Keycap_CherryMX:5');
#11511=NEXT_ASSEMBLY_USAGE_OCCURRENCE('Cherry MX (1):6',
'Cherry MX (1):6','Cherry MX (1):6',#18834,#18839,'Cherry MX (1):6');
#11512=NEXT_ASSEMBLY_USAGE_OCCURRENCE('DSA_Keycap_CherryMX:6',
'DSA_Keycap_CherryMX:6','DSA_Keycap_CherryMX:6',#18834,#18848,
'DSA_Keycap_CherryMX:6');
#11513=NEXT_ASSEMBLY_USAGE_OCCURRENCE('Cherry MX (1):7',
'Cherry MX (1):7','Cherry MX (1):7',#18834,#18839,'Cherry MX (1):7');
#11514=NEXT_ASSEMBLY_USAGE_OCCURRENCE('Cherry MX (1):8',
'Cherry MX (1):8','Cherry MX (1):8',#18834,#18839,'Cherry MX (1):8');
#11515=NEXT_ASSEMBLY_USAGE_OCCURRENCE('DSA_Keycap_CherryMX:7',
'DSA_Keycap_CherryMX:7','DSA_Keycap_CherryMX:7',#18834,#18848,
'DSA_Keycap_CherryMX:7');
#11516=NEXT_ASSEMBLY_USAGE_OCCURRENCE('DSA_Keycap_CherryMX:8',
'DSA_Keycap_CherryMX:8','DSA_Keycap_CherryMX:8',#18834,#18848,
'DSA_Keycap_CherryMX:8');
#11517=NEXT_ASSEMBLY_USAGE_OCCURRENCE('Cherry MX (1):9',
'Cherry MX (1):9','Cherry MX (1):9',#18834,#18839,'Cherry MX (1):9');
#11518=NEXT_ASSEMBLY_USAGE_OCCURRENCE('Cherry MX (1):10',
'Cherry MX (1):10','Cherry MX (1):10',#18834,#18839,'Cherry MX (1):10');
#11519=NEXT_ASSEMBLY_USAGE_OCCURRENCE('DSA_Keycap_CherryMX:9',
'DSA_Keycap_CherryMX:9','DSA_Keycap_CherryMX:9',#18834,#18848,
'DSA_Keycap_CherryMX:9');
#11520=NEXT_ASSEMBLY_USAGE_OCCURRENCE('Cherry MX (1):11',
'Cherry MX (1):11','Cherry MX (1):11',#18834,#18839,'Cherry MX (1):11');
#11521=NEXT_ASSEMBLY_USAGE_OCCURRENCE('DSA_Keycap_CherryMX:10',
'DSA_Keycap_CherryMX:10','DSA_Keycap_CherryMX:10',#18834,#18848,
'DSA_Keycap_CherryMX:10');
#11522=NEXT_ASSEMBLY_USAGE_OCCURRENCE('Cherry MX (1):12',
'Cherry MX (1):12','Cherry MX (1):12',#18834,#18839,'Cherry MX (1):12');
#11523=NEXT_ASSEMBLY_USAGE_OCCURRENCE('Cherry MX (1):13',
'Cherry MX (1):13','Cherry MX (1):13',#18834,#18839,'Cherry MX (1):13');
#11524=NEXT_ASSEMBLY_USAGE_OCCURRENCE('DSA_Keycap_CherryMX:11',
'DSA_Keycap_CherryMX:11','DSA_Keycap_CherryMX:11',#18834,#18848,
'DSA_Keycap_CherryMX:11');
#11525=NEXT_ASSEMBLY_USAGE_OCCURRENCE('Cherry MX (1):14',
'Cherry MX (1):14','Cherry MX (1):14',#18834,#18839,'Cherry MX (1):14');
#11526=NEXT_ASSEMBLY_USAGE_OCCURRENCE('DSA_Keycap_CherryMX:12',
'DSA_Keycap_CherryMX:12','DSA_Keycap_CherryMX:12',#18834,#18848,
'DSA_Keycap_CherryMX:12');
#11527=NEXT_ASSEMBLY_USAGE_OCCURRENCE('Cherry MX (1):15',
'Cherry MX (1):15','Cherry MX (1):15',#18834,#18839,'Cherry MX (1):15');
#11528=NEXT_ASSEMBLY_USAGE_OCCURRENCE('Cherry MX (1):16',
'Cherry MX (1):16','Cherry MX (1):16',#18834,#18839,'Cherry MX (1):16');
#11529=NEXT_ASSEMBLY_USAGE_OCCURRENCE('DSA_Keycap_CherryMX:13',
'DSA_Keycap_CherryMX:13','DSA_Keycap_CherryMX:13',#18834,#18848,
'DSA_Keycap_CherryMX:13');
#11530=NEXT_ASSEMBLY_USAGE_OCCURRENCE(
'\X\E6\X\97\X\8B\X\E8\X\BD\X\AC\X\E7\X\BC\X\96\X\E7\X\A0\X\81\X\E5\X\99
\X\A8:1','\X\E6\X\97\X\8B\X\E8\X\BD\X\AC\X\E7\X\BC\X\96\X\E7\X\A0\X\81
\X\E5\X\99\X\A8:1','\X\E6\X\97\X\8B\X\E8\X\BD\X\AC\X\E7\X\BC\X\96\X\E7
\X\A0\X\81\X\E5\X\99\X\A8:1',#18834,#18837,
'\X\E6\X\97\X\8B\X\E8\X\BD\X\AC\X\E7\X\BC\X\96\X\E7\X\A0\X\81\X\E5\X\99
\X\A8:1');
#11531=NEXT_ASSEMBLY_USAGE_OCCURRENCE('Cherry MX (1):17',
'Cherry MX (1):17','Cherry MX (1):17',#18834,#18839,'Cherry MX (1):17');
#11532=NEXT_ASSEMBLY_USAGE_OCCURRENCE('DSA_Keycap_CherryMX:14',
'DSA_Keycap_CherryMX:14','DSA_Keycap_CherryMX:14',#18834,#18848,
'DSA_Keycap_CherryMX:14');
#11533=NEXT_ASSEMBLY_USAGE_OCCURRENCE('Cherry MX (1):18',
'Cherry MX (1):18','Cherry MX (1):18',#18834,#18839,'Cherry MX (1):18');
#11534=NEXT_ASSEMBLY_USAGE_OCCURRENCE('DSA_Keycap_CherryMX:15',
'DSA_Keycap_CherryMX:15','DSA_Keycap_CherryMX:15',#18834,#18848,
'DSA_Keycap_CherryMX:15');
#11535=NEXT_ASSEMBLY_USAGE_OCCURRENCE('Cherry MX (1):19',
'Cherry MX (1):19','Cherry MX (1):19',#18834,#18839,'Cherry MX (1):19');
#11536=NEXT_ASSEMBLY_USAGE_OCCURRENCE('DSA_Keycap_CherryMX:16',
'DSA_Keycap_CherryMX:16','DSA_Keycap_CherryMX:16',#18834,#18848,
'DSA_Keycap_CherryMX:16');
#11537=NEXT_ASSEMBLY_USAGE_OCCURRENCE('Cherry MX (1):20',
'Cherry MX (1):20','Cherry MX (1):20',#18834,#18839,'Cherry MX (1):20');
#11538=NEXT_ASSEMBLY_USAGE_OCCURRENCE('DSA_Keycap_CherryMX:17',
'DSA_Keycap_CherryMX:17','DSA_Keycap_CherryMX:17',#18834,#18848,
'DSA_Keycap_CherryMX:17');
#11539=NEXT_ASSEMBLY_USAGE_OCCURRENCE('Cherry MX (1):21',
'Cherry MX (1):21','Cherry MX (1):21',#18834,#18839,'Cherry MX (1):21');
#11540=NEXT_ASSEMBLY_USAGE_OCCURRENCE('DSA_Keycap_CherryMX:18',
'DSA_Keycap_CherryMX:18','DSA_Keycap_CherryMX:18',#18834,#18848,
'DSA_Keycap_CherryMX:18');
#11541=NEXT_ASSEMBLY_USAGE_OCCURRENCE('Cherry MX (1):22',
'Cherry MX (1):22','Cherry MX (1):22',#18834,#18839,'Cherry MX (1):22');
#11542=NEXT_ASSEMBLY_USAGE_OCCURRENCE('DSA_Keycap_CherryMX:19',
'DSA_Keycap_CherryMX:19','DSA_Keycap_CherryMX:19',#18834,#18848,
'DSA_Keycap_CherryMX:19');
#11543=NEXT_ASSEMBLY_USAGE_OCCURRENCE('Cherry MX (1):23',
'Cherry MX (1):23','Cherry MX (1):23',#18834,#18839,'Cherry MX (1):23');
#11544=NEXT_ASSEMBLY_USAGE_OCCURRENCE('DSA_Keycap_CherryMX:20',
'DSA_Keycap_CherryMX:20','DSA_Keycap_CherryMX:20',#18834,#18848,
'DSA_Keycap_CherryMX:20');
#11545=NEXT_ASSEMBLY_USAGE_OCCURRENCE('Cherry MX (1):24',
'Cherry MX (1):24','Cherry MX (1):24',#18834,#18839,'Cherry MX (1):24');
#11546=NEXT_ASSEMBLY_USAGE_OCCURRENCE('Cherry MX (1):25',
'Cherry MX (1):25','Cherry MX (1):25',#18834,#18839,'Cherry MX (1):25');
#11547=NEXT_ASSEMBLY_USAGE_OCCURRENCE('DSA_Keycap_CherryMX:21',
'DSA_Keycap_CherryMX:21','DSA_Keycap_CherryMX:21',#18834,#18848,
'DSA_Keycap_CherryMX:21');
#11548=NEXT_ASSEMBLY_USAGE_OCCURRENCE('Cherry MX (1):26',
'Cherry MX (1):26','Cherry MX (1):26',#18834,#18839,'Cherry MX (1):26');
#11549=NEXT_ASSEMBLY_USAGE_OCCURRENCE('DSA_Keycap_CherryMX:22',
'DSA_Keycap_CherryMX:22','DSA_Keycap_CherryMX:22',#18834,#18848,
'DSA_Keycap_CherryMX:22');
#11550=NEXT_ASSEMBLY_USAGE_OCCURRENCE('Cherry MX (1):27',
'Cherry MX (1):27','Cherry MX (1):27',#18834,#18839,'Cherry MX (1):27');
#11551=NEXT_ASSEMBLY_USAGE_OCCURRENCE('DSA_Keycap_CherryMX:23',
'DSA_Keycap_CherryMX:23','DSA_Keycap_CherryMX:23',#18834,#18848,
'DSA_Keycap_CherryMX:23');
#11552=NEXT_ASSEMBLY_USAGE_OCCURRENCE('Cherry MX (1):28',
'Cherry MX (1):28','Cherry MX (1):28',#18834,#18839,'Cherry MX (1):28');
#11553=NEXT_ASSEMBLY_USAGE_OCCURRENCE('DSA_Keycap_CherryMX:24',
'DSA_Keycap_CherryMX:24','DSA_Keycap_CherryMX:24',#18834,#18848,
'DSA_Keycap_CherryMX:24');
#11554=NEXT_ASSEMBLY_USAGE_OCCURRENCE('Cherry MX (1):29',
'Cherry MX (1):29','Cherry MX (1):29',#18834,#18839,'Cherry MX (1):29');
#11555=NEXT_ASSEMBLY_USAGE_OCCURRENCE('DSA_Keycap_CherryMX:25',
'DSA_Keycap_CherryMX:25','DSA_Keycap_CherryMX:25',#18834,#18848,
'DSA_Keycap_CherryMX:25');
#11556=NEXT_ASSEMBLY_USAGE_OCCURRENCE('Cherry MX (1):30',
'Cherry MX (1):30','Cherry MX (1):30',#18834,#18839,'Cherry MX (1):30');
#11557=NEXT_ASSEMBLY_USAGE_OCCURRENCE('DSA_Keycap_CherryMX:26',
'DSA_Keycap_CherryMX:26','DSA_Keycap_CherryMX:26',#18834,#18848,
'DSA_Keycap_CherryMX:26');
#11558=NEXT_ASSEMBLY_USAGE_OCCURRENCE('Cherry MX (1):31',
'Cherry MX (1):31','Cherry MX (1):31',#18834,#18839,'Cherry MX (1):31');
#11559=NEXT_ASSEMBLY_USAGE_OCCURRENCE('DSA_Keycap_CherryMX:27',
'DSA_Keycap_CherryMX:27','DSA_Keycap_CherryMX:27',#18834,#18848,
'DSA_Keycap_CherryMX:27');
#11560=NEXT_ASSEMBLY_USAGE_OCCURRENCE('Cherry MX (1):32',
'Cherry MX (1):32','Cherry MX (1):32',#18834,#18839,'Cherry MX (1):32');
#11561=NEXT_ASSEMBLY_USAGE_OCCURRENCE('DSA_Keycap_CherryMX:28',
'DSA_Keycap_CherryMX:28','DSA_Keycap_CherryMX:28',#18834,#18848,
'DSA_Keycap_CherryMX:28');
#11562=NEXT_ASSEMBLY_USAGE_OCCURRENCE('Cherry MX (1):33',
'Cherry MX (1):33','Cherry MX (1):33',#18834,#18839,'Cherry MX (1):33');
#11563=NEXT_ASSEMBLY_USAGE_OCCURRENCE('DSA_Keycap_CherryMX:29',
'DSA_Keycap_CherryMX:29','DSA_Keycap_CherryMX:29',#18834,#18848,
'DSA_Keycap_CherryMX:29');
#11564=NEXT_ASSEMBLY_USAGE_OCCURRENCE('Cherry MX (1):34',
'Cherry MX (1):34','Cherry MX (1):34',#18834,#18839,'Cherry MX (1):34');
#11565=NEXT_ASSEMBLY_USAGE_OCCURRENCE('DSA_Keycap_CherryMX:30',
'DSA_Keycap_CherryMX:30','DSA_Keycap_CherryMX:30',#18834,#18848,
'DSA_Keycap_CherryMX:30');
#11566=NEXT_ASSEMBLY_USAGE_OCCURRENCE('Cherry MX (1):35',
'Cherry MX (1):35','Cherry MX (1):35',#18834,#18839,'Cherry MX (1):35');
#11567=NEXT_ASSEMBLY_USAGE_OCCURRENCE('DSA_Keycap_CherryMX:31',
'DSA_Keycap_CherryMX:31','DSA_Keycap_CherryMX:31',#18834,#18848,
'DSA_Keycap_CherryMX:31');
#11568=NEXT_ASSEMBLY_USAGE_OCCURRENCE('Cherry MX (1):36',
'Cherry MX (1):36','Cherry MX (1):36',#18834,#18839,'Cherry MX (1):36');
#11569=NEXT_ASSEMBLY_USAGE_OCCURRENCE('DSA_Keycap_CherryMX:32',
'DSA_Keycap_CherryMX:32','DSA_Keycap_CherryMX:32',#18834,#18848,
'DSA_Keycap_CherryMX:32');
#11570=NEXT_ASSEMBLY_USAGE_OCCURRENCE('Cherry MX (1):37',
'Cherry MX (1):37','Cherry MX (1):37',#18834,#18839,'Cherry MX (1):37');
#11571=NEXT_ASSEMBLY_USAGE_OCCURRENCE('DSA_Keycap_CherryMX:33',
'DSA_Keycap_CherryMX:33','DSA_Keycap_CherryMX:33',#18834,#18848,
'DSA_Keycap_CherryMX:33');
#11572=NEXT_ASSEMBLY_USAGE_OCCURRENCE('Cherry MX (1):38',
'Cherry MX (1):38','Cherry MX (1):38',#18834,#18839,'Cherry MX (1):38');
#11573=NEXT_ASSEMBLY_USAGE_OCCURRENCE('DSA_Keycap_CherryMX:34',
'DSA_Keycap_CherryMX:34','DSA_Keycap_CherryMX:34',#18834,#18848,
'DSA_Keycap_CherryMX:34');
#11574=NEXT_ASSEMBLY_USAGE_OCCURRENCE('Cherry MX (1):39',
'Cherry MX (1):39','Cherry MX (1):39',#18834,#18839,'Cherry MX (1):39');
#11575=NEXT_ASSEMBLY_USAGE_OCCURRENCE('DSA_Keycap_CherryMX:35',
'DSA_Keycap_CherryMX:35','DSA_Keycap_CherryMX:35',#18834,#18848,
'DSA_Keycap_CherryMX:35');
#11576=NEXT_ASSEMBLY_USAGE_OCCURRENCE('Cherry MX (1):40',
'Cherry MX (1):40','Cherry MX (1):40',#18834,#18839,'Cherry MX (1):40');
#11577=NEXT_ASSEMBLY_USAGE_OCCURRENCE('DSA_Keycap_CherryMX:36',
'DSA_Keycap_CherryMX:36','DSA_Keycap_CherryMX:36',#18834,#18848,
'DSA_Keycap_CherryMX:36');
#11578=NEXT_ASSEMBLY_USAGE_OCCURRENCE('Cherry MX (1):41',
'Cherry MX (1):41','Cherry MX (1):41',#18834,#18839,'Cherry MX (1):41');
#11579=NEXT_ASSEMBLY_USAGE_OCCURRENCE('Cherry MX (1):42',
'Cherry MX (1):42','Cherry MX (1):42',#18834,#18839,'Cherry MX (1):42');
#11580=NEXT_ASSEMBLY_USAGE_OCCURRENCE('Cherry MX (1):43',
'Cherry MX (1):43','Cherry MX (1):43',#18834,#18839,'Cherry MX (1):43');
#11581=NEXT_ASSEMBLY_USAGE_OCCURRENCE('DSA_Keycap_CherryMX:37',
'DSA_Keycap_CherryMX:37','DSA_Keycap_CherryMX:37',#18834,#18848,
'DSA_Keycap_CherryMX:37');
#11582=NEXT_ASSEMBLY_USAGE_OCCURRENCE('Cherry MX (1):44',
'Cherry MX (1):44','Cherry MX (1):44',#18834,#18839,'Cherry MX (1):44');
#11583=NEXT_ASSEMBLY_USAGE_OCCURRENCE('DSA_Keycap_CherryMX:38',
'DSA_Keycap_CherryMX:38','DSA_Keycap_CherryMX:38',#18834,#18848,
'DSA_Keycap_CherryMX:38');
#11584=NEXT_ASSEMBLY_USAGE_OCCURRENCE('Cherry MX (1):45',
'Cherry MX (1):45','Cherry MX (1):45',#18834,#18839,'Cherry MX (1):45');
#11585=NEXT_ASSEMBLY_USAGE_OCCURRENCE('Cherry MX (1):46',
'Cherry MX (1):46','Cherry MX (1):46',#18834,#18839,'Cherry MX (1):46');
#11586=NEXT_ASSEMBLY_USAGE_OCCURRENCE('DSA_Keycap_CherryMX:39',
'DSA_Keycap_CherryMX:39','DSA_Keycap_CherryMX:39',#18834,#18848,
'DSA_Keycap_CherryMX:39');
#11587=NEXT_ASSEMBLY_USAGE_OCCURRENCE('Cherry MX (1):47',
'Cherry MX (1):47','Cherry MX (1):47',#18834,#18839,'Cherry MX (1):47');
#11588=NEXT_ASSEMBLY_USAGE_OCCURRENCE('DSA_Keycap_CherryMX:40',
'DSA_Keycap_CherryMX:40','DSA_Keycap_CherryMX:40',#18834,#18848,
'DSA_Keycap_CherryMX:40');
#11589=NEXT_ASSEMBLY_USAGE_OCCURRENCE('Cherry MX (1):48',
'Cherry MX (1):48','Cherry MX (1):48',#18834,#18839,'Cherry MX (1):48');
#11590=NEXT_ASSEMBLY_USAGE_OCCURRENCE('DSA_Keycap_CherryMX:41',
'DSA_Keycap_CherryMX:41','DSA_Keycap_CherryMX:41',#18834,#18848,
'DSA_Keycap_CherryMX:41');
#11591=NEXT_ASSEMBLY_USAGE_OCCURRENCE('Cherry MX (1):49',
'Cherry MX (1):49','Cherry MX (1):49',#18834,#18839,'Cherry MX (1):49');
#11592=NEXT_ASSEMBLY_USAGE_OCCURRENCE('DSA_Keycap_CherryMX:42',
'DSA_Keycap_CherryMX:42','DSA_Keycap_CherryMX:42',#18834,#18848,
'DSA_Keycap_CherryMX:42');
#11593=NEXT_ASSEMBLY_USAGE_OCCURRENCE('Cherry MX (1):50',
'Cherry MX (1):50','Cherry MX (1):50',#18834,#18839,'Cherry MX (1):50');
#11594=NEXT_ASSEMBLY_USAGE_OCCURRENCE('Cherry MX (1):51',
'Cherry MX (1):51','Cherry MX (1):51',#18834,#18839,'Cherry MX (1):51');
#11595=NEXT_ASSEMBLY_USAGE_OCCURRENCE('DSA_Keycap_CherryMX:43',
'DSA_Keycap_CherryMX:43','DSA_Keycap_CherryMX:43',#18834,#18848,
'DSA_Keycap_CherryMX:43');
#11596=NEXT_ASSEMBLY_USAGE_OCCURRENCE('Cherry MX (1):52',
'Cherry MX (1):52','Cherry MX (1):52',#18834,#18839,'Cherry MX (1):52');
#11597=NEXT_ASSEMBLY_USAGE_OCCURRENCE('DSA_Keycap_CherryMX:44',
'DSA_Keycap_CherryMX:44','DSA_Keycap_CherryMX:44',#18834,#18848,
'DSA_Keycap_CherryMX:44');
#11598=NEXT_ASSEMBLY_USAGE_OCCURRENCE('Cherry MX (1):53',
'Cherry MX (1):53','Cherry MX (1):53',#18834,#18839,'Cherry MX (1):53');
#11599=NEXT_ASSEMBLY_USAGE_OCCURRENCE('DSA_Keycap_CherryMX:45',
'DSA_Keycap_CherryMX:45','DSA_Keycap_CherryMX:45',#18834,#18848,
'DSA_Keycap_CherryMX:45');
#11600=NEXT_ASSEMBLY_USAGE_OCCURRENCE('Cherry MX (1):54',
'Cherry MX (1):54','Cherry MX (1):54',#18834,#18839,'Cherry MX (1):54');
#11601=NEXT_ASSEMBLY_USAGE_OCCURRENCE('DSA_Keycap_CherryMX:46',
'DSA_Keycap_CherryMX:46','DSA_Keycap_CherryMX:46',#18834,#18848,
'DSA_Keycap_CherryMX:46');
#11602=NEXT_ASSEMBLY_USAGE_OCCURRENCE('Cherry MX (1):55',
'Cherry MX (1):55','Cherry MX (1):55',#18834,#18839,'Cherry MX (1):55');
#11603=NEXT_ASSEMBLY_USAGE_OCCURRENCE('DSA_Keycap_CherryMX:47',
'DSA_Keycap_CherryMX:47','DSA_Keycap_CherryMX:47',#18834,#18848,
'DSA_Keycap_CherryMX:47');
#11604=NEXT_ASSEMBLY_USAGE_OCCURRENCE('Cherry MX (1):56',
'Cherry MX (1):56','Cherry MX (1):56',#18834,#18839,'Cherry MX (1):56');
#11605=NEXT_ASSEMBLY_USAGE_OCCURRENCE('Cherry MX (1):57',
'Cherry MX (1):57','Cherry MX (1):57',#18834,#18839,'Cherry MX (1):57');
#11606=NEXT_ASSEMBLY_USAGE_OCCURRENCE('DSA_Keycap_CherryMX:48',
'DSA_Keycap_CherryMX:48','DSA_Keycap_CherryMX:48',#18834,#18848,
'DSA_Keycap_CherryMX:48');
#11607=NEXT_ASSEMBLY_USAGE_OCCURRENCE('Cherry MX (1):58',
'Cherry MX (1):58','Cherry MX (1):58',#18834,#18839,'Cherry MX (1):58');
#11608=NEXT_ASSEMBLY_USAGE_OCCURRENCE('DSA_Keycap_CherryMX:49',
'DSA_Keycap_CherryMX:49','DSA_Keycap_CherryMX:49',#18834,#18848,
'DSA_Keycap_CherryMX:49');
#11609=NEXT_ASSEMBLY_USAGE_OCCURRENCE('Cherry MX (1):59',
'Cherry MX (1):59','Cherry MX (1):59',#18834,#18839,'Cherry MX (1):59');
#11610=NEXT_ASSEMBLY_USAGE_OCCURRENCE('Cherry MX (1):60',
'Cherry MX (1):60','Cherry MX (1):60',#18834,#18839,'Cherry MX (1):60');
#11611=NEXT_ASSEMBLY_USAGE_OCCURRENCE('Cherry MX (1):61',
'Cherry MX (1):61','Cherry MX (1):61',#18834,#18839,'Cherry MX (1):61');
#11612=NEXT_ASSEMBLY_USAGE_OCCURRENCE('DSA_Keycap_CherryMX:50',
'DSA_Keycap_CherryMX:50','DSA_Keycap_CherryMX:50',#18834,#18848,
'DSA_Keycap_CherryMX:50');
#11613=NEXT_ASSEMBLY_USAGE_OCCURRENCE('Cherry MX (1):62',
'Cherry MX (1):62','Cherry MX (1):62',#18834,#18839,'Cherry MX (1):62');
#11614=NEXT_ASSEMBLY_USAGE_OCCURRENCE('DSA_Keycap_CherryMX:51',
'DSA_Keycap_CherryMX:51','DSA_Keycap_CherryMX:51',#18834,#18848,
'DSA_Keycap_CherryMX:51');
#11615=NEXT_ASSEMBLY_USAGE_OCCURRENCE('Cherry MX (1):63',
'Cherry MX (1):63','Cherry MX (1):63',#18834,#18839,'Cherry MX (1):63');
#11616=NEXT_ASSEMBLY_USAGE_OCCURRENCE('DSA_Keycap_CherryMX:52',
'DSA_Keycap_CherryMX:52','DSA_Keycap_CherryMX:52',#18834,#18848,
'DSA_Keycap_CherryMX:52');
#11617=NEXT_ASSEMBLY_USAGE_OCCURRENCE('Cherry MX (1):64',
'Cherry MX (1):64','Cherry MX (1):64',#18834,#18839,'Cherry MX (1):64');
#11618=NEXT_ASSEMBLY_USAGE_OCCURRENCE('DSA_Keycap_CherryMX:53',
'DSA_Keycap_CherryMX:53','DSA_Keycap_CherryMX:53',#18834,#18848,
'DSA_Keycap_CherryMX:53');
#11619=NEXT_ASSEMBLY_USAGE_OCCURRENCE('Cherry MX (1):65',
'Cherry MX (1):65','Cherry MX (1):65',#18834,#18839,'Cherry MX (1):65');
#11620=NEXT_ASSEMBLY_USAGE_OCCURRENCE('DSA_Keycap_CherryMX:54',
'DSA_Keycap_CherryMX:54','DSA_Keycap_CherryMX:54',#18834,#18848,
'DSA_Keycap_CherryMX:54');
#11621=NEXT_ASSEMBLY_USAGE_OCCURRENCE('Cherry MX (1):66',
'Cherry MX (1):66','Cherry MX (1):66',#18834,#18839,'Cherry MX (1):66');
#11622=NEXT_ASSEMBLY_USAGE_OCCURRENCE('Cherry MX (1):67',
'Cherry MX (1):67','Cherry MX (1):67',#18834,#18839,'Cherry MX (1):67');
#11623=NEXT_ASSEMBLY_USAGE_OCCURRENCE('DSA_Keycap_CherryMX:55',
'DSA_Keycap_CherryMX:55','DSA_Keycap_CherryMX:55',#18834,#18848,
'DSA_Keycap_CherryMX:55');
#11624=NEXT_ASSEMBLY_USAGE_OCCURRENCE('Cherry MX (1):68',
'Cherry MX (1):68','Cherry MX (1):68',#18834,#18839,'Cherry MX (1):68');
#11625=NEXT_ASSEMBLY_USAGE_OCCURRENCE('DSA_Keycap_CherryMX:56',
'DSA_Keycap_CherryMX:56','DSA_Keycap_CherryMX:56',#18834,#18848,
'DSA_Keycap_CherryMX:56');
#11626=NEXT_ASSEMBLY_USAGE_OCCURRENCE('Cherry MX (1):69',
'Cherry MX (1):69','Cherry MX (1):69',#18834,#18839,'Cherry MX (1):69');
#11627=NEXT_ASSEMBLY_USAGE_OCCURRENCE('DSA_Keycap_CherryMX:57',
'DSA_Keycap_CherryMX:57','DSA_Keycap_CherryMX:57',#18834,#18848,
'DSA_Keycap_CherryMX:57');
#11628=NEXT_ASSEMBLY_USAGE_OCCURRENCE('Cherry MX (1):70',
'Cherry MX (1):70','Cherry MX (1):70',#18834,#18839,'Cherry MX (1):70');
#11629=NEXT_ASSEMBLY_USAGE_OCCURRENCE('DSA_Keycap_CherryMX:58',
'DSA_Keycap_CherryMX:58','DSA_Keycap_CherryMX:58',#18834,#18848,
'DSA_Keycap_CherryMX:58');
#11630=NEXT_ASSEMBLY_USAGE_OCCURRENCE('keeb_PCB:1','keeb_PCB:1',
'keeb_PCB:1',#18834,#18850,'keeb_PCB:1');
#11631=NEXT_ASSEMBLY_USAGE_OCCURRENCE(
'7d6a6da40763a7a307e45ebd9f32a425f9ecc603_switch:1',
'7d6a6da40763a7a307e45ebd9f32a425f9ecc603_switch:1',
'7d6a6da40763a7a307e45ebd9f32a425f9ecc603_switch:1',#18834,#18851,
'7d6a6da40763a7a307e45ebd9f32a425f9ecc603_switch:1');
#11632=DERIVED_UNIT_ELEMENT(#11656,1.);
#11633=DERIVED_UNIT_ELEMENT(#18634,-3.);
#11634=DERIVED_UNIT_ELEMENT(#11656,1.);
#11635=DERIVED_UNIT_ELEMENT(#18634,-3.);
#11636=DERIVED_UNIT_ELEMENT(#11656,1.);
#11637=DERIVED_UNIT_ELEMENT(#18634,-3.);
#11638=DERIVED_UNIT_ELEMENT(#11656,1.);
#11639=DERIVED_UNIT_ELEMENT(#18634,-3.);
#11640=DERIVED_UNIT_ELEMENT(#11656,1.);
#11641=DERIVED_UNIT_ELEMENT(#18634,-3.);
#11642=DERIVED_UNIT_ELEMENT(#11656,1.);
#11643=DERIVED_UNIT_ELEMENT(#18634,-3.);
#11644=DERIVED_UNIT_ELEMENT(#11656,1.);
#11645=DERIVED_UNIT_ELEMENT(#18634,-3.);
#11646=DERIVED_UNIT_ELEMENT(#11656,1.);
#11647=DERIVED_UNIT_ELEMENT(#18634,-3.);
#11648=DERIVED_UNIT_ELEMENT(#11656,1.);
#11649=DERIVED_UNIT_ELEMENT(#18634,-3.);
#11650=DERIVED_UNIT_ELEMENT(#11656,1.);
#11651=DERIVED_UNIT_ELEMENT(#18634,-3.);
#11652=DERIVED_UNIT_ELEMENT(#11656,1.);
#11653=DERIVED_UNIT_ELEMENT(#18634,-3.);
#11654=DERIVED_UNIT_ELEMENT(#11656,1.);
#11655=DERIVED_UNIT_ELEMENT(#18634,-3.);
#11656=(
MASS_UNIT()
NAMED_UNIT(*)
SI_UNIT(.KILO.,.GRAM.)
);
#11657=DERIVED_UNIT((#11632,#11633));
#11658=DERIVED_UNIT((#11634,#11635));
#11659=DERIVED_UNIT((#11636,#11637));
#11660=DERIVED_UNIT((#11638,#11639));
#11661=DERIVED_UNIT((#11640,#11641));
#11662=DERIVED_UNIT((#11642,#11643));
#11663=DERIVED_UNIT((#11644,#11645));
#11664=DERIVED_UNIT((#11646,#11647));
#11665=DERIVED_UNIT((#11648,#11649));
#11666=DERIVED_UNIT((#11650,#11651));
#11667=DERIVED_UNIT((#11652,#11653));
#11668=DERIVED_UNIT((#11654,#11655));
#11669=MEASURE_REPRESENTATION_ITEM('density measure',
POSITIVE_RATIO_MEASURE(7850.),#11657);
#11670=MEASURE_REPRESENTATION_ITEM('density measure',
POSITIVE_RATIO_MEASURE(7850.),#11658);
#11671=MEASURE_REPRESENTATION_ITEM('density measure',
POSITIVE_RATIO_MEASURE(7850.),#11659);
#11672=MEASURE_REPRESENTATION_ITEM('density measure',
POSITIVE_RATIO_MEASURE(7850.),#11660);
#11673=MEASURE_REPRESENTATION_ITEM('density measure',
POSITIVE_RATIO_MEASURE(7850.),#11661);
#11674=MEASURE_REPRESENTATION_ITEM('density measure',
POSITIVE_RATIO_MEASURE(7850.),#11662);
#11675=MEASURE_REPRESENTATION_ITEM('density measure',
POSITIVE_RATIO_MEASURE(7850.),#11663);
#11676=MEASURE_REPRESENTATION_ITEM('density measure',
POSITIVE_RATIO_MEASURE(7850.),#11664);
#11677=MEASURE_REPRESENTATION_ITEM('density measure',
POSITIVE_RATIO_MEASURE(7850.),#11665);
#11678=MEASURE_REPRESENTATION_ITEM('density measure',
POSITIVE_RATIO_MEASURE(7.85),#11666);
#11679=MEASURE_REPRESENTATION_ITEM('density measure',
POSITIVE_RATIO_MEASURE(7850.),#11667);
#11680=MEASURE_REPRESENTATION_ITEM('density measure',
POSITIVE_RATIO_MEASURE(7850.),#11668);
#11681=PROPERTY_DEFINITION_REPRESENTATION(#11741,#11705);
#11682=PROPERTY_DEFINITION_REPRESENTATION(#11742,#11706);
#11683=PROPERTY_DEFINITION_REPRESENTATION(#11743,#11707);
#11684=PROPERTY_DEFINITION_REPRESENTATION(#11744,#11708);
#11685=PROPERTY_DEFINITION_REPRESENTATION(#11745,#11709);
#11686=PROPERTY_DEFINITION_REPRESENTATION(#11746,#11710);
#11687=PROPERTY_DEFINITION_REPRESENTATION(#11747,#11711);
#11688=PROPERTY_DEFINITION_REPRESENTATION(#11748,#11712);
#11689=PROPERTY_DEFINITION_REPRESENTATION(#11749,#11713);
#11690=PROPERTY_DEFINITION_REPRESENTATION(#11750,#11714);
#11691=PROPERTY_DEFINITION_REPRESENTATION(#11751,#11715);
#11692=PROPERTY_DEFINITION_REPRESENTATION(#11752,#11716);
#11693=PROPERTY_DEFINITION_REPRESENTATION(#11753,#11717);
#11694=PROPERTY_DEFINITION_REPRESENTATION(#11754,#11718);
#11695=PROPERTY_DEFINITION_REPRESENTATION(#11755,#11719);
#11696=PROPERTY_DEFINITION_REPRESENTATION(#11756,#11720);
#11697=PROPERTY_DEFINITION_REPRESENTATION(#11757,#11721);
#11698=PROPERTY_DEFINITION_REPRESENTATION(#11758,#11722);
#11699=PROPERTY_DEFINITION_REPRESENTATION(#11759,#11723);
#11700=PROPERTY_DEFINITION_REPRESENTATION(#11760,#11724);
#11701=PROPERTY_DEFINITION_REPRESENTATION(#11761,#11725);
#11702=PROPERTY_DEFINITION_REPRESENTATION(#11762,#11726);
#11703=PROPERTY_DEFINITION_REPRESENTATION(#11763,#11727);
#11704=PROPERTY_DEFINITION_REPRESENTATION(#11764,#11728);
#11705=REPRESENTATION('material name',(#11729),#18616);
#11706=REPRESENTATION('density',(#11669),#18616);
#11707=REPRESENTATION('material name',(#11730),#18618);
#11708=REPRESENTATION('density',(#11670),#18618);
#11709=REPRESENTATION('material name',(#11731),#18621);
#11710=REPRESENTATION('density',(#11671),#18621);
#11711=REPRESENTATION('material name',(#11732),#18622);
#11712=REPRESENTATION('density',(#11672),#18622);
#11713=REPRESENTATION('material name',(#11733),#18623);
#11714=REPRESENTATION('density',(#11673),#18623);
#11715=REPRESENTATION('material name',(#11734),#18624);
#11716=REPRESENTATION('density',(#11674),#18624);
#11717=REPRESENTATION('material name',(#11735),#18625);
#11718=REPRESENTATION('density',(#11675),#18625);
#11719=REPRESENTATION('material name',(#11736),#18626);
#11720=REPRESENTATION('density',(#11676),#18626);
#11721=REPRESENTATION('material name',(#11737),#18627);
#11722=REPRESENTATION('density',(#11677),#18627);
#11723=REPRESENTATION('material name',(#11738),#18629);
#11724=REPRESENTATION('density',(#11678),#18629);
#11725=REPRESENTATION('material name',(#11739),#18630);
#11726=REPRESENTATION('density',(#11679),#18630);
#11727=REPRESENTATION('material name',(#11740),#18631);
#11728=REPRESENTATION('density',(#11680),#18631);
#11729=DESCRIPTIVE_REPRESENTATION_ITEM('Steel','Steel');
#11730=DESCRIPTIVE_REPRESENTATION_ITEM('Steel','Steel');
#11731=DESCRIPTIVE_REPRESENTATION_ITEM('Steel','Steel');
#11732=DESCRIPTIVE_REPRESENTATION_ITEM('Steel','Steel');
#11733=DESCRIPTIVE_REPRESENTATION_ITEM('Steel','Steel');
#11734=DESCRIPTIVE_REPRESENTATION_ITEM('Steel','Steel');
#11735=DESCRIPTIVE_REPRESENTATION_ITEM('Steel','Steel');
#11736=DESCRIPTIVE_REPRESENTATION_ITEM('Steel','Steel');
#11737=DESCRIPTIVE_REPRESENTATION_ITEM('Steel','Steel');
#11738=DESCRIPTIVE_REPRESENTATION_ITEM('Steel','Steel');
#11739=DESCRIPTIVE_REPRESENTATION_ITEM('Steel','Steel');
#11740=DESCRIPTIVE_REPRESENTATION_ITEM('Steel','Steel');
#11741=PROPERTY_DEFINITION('material property','material name',#18836);
#11742=PROPERTY_DEFINITION('material property','density of part',#18836);
#11743=PROPERTY_DEFINITION('material property','material name',#18838);
#11744=PROPERTY_DEFINITION('material property','density of part',#18838);
#11745=PROPERTY_DEFINITION('material property','material name',#18841);
#11746=PROPERTY_DEFINITION('material property','density of part',#18841);
#11747=PROPERTY_DEFINITION('material property','material name',#18842);
#11748=PROPERTY_DEFINITION('material property','density of part',#18842);
#11749=PROPERTY_DEFINITION('material property','material name',#18843);
#11750=PROPERTY_DEFINITION('material property','density of part',#18843);
#11751=PROPERTY_DEFINITION('material property','material name',#18844);
#11752=PROPERTY_DEFINITION('material property','density of part',#18844);
#11753=PROPERTY_DEFINITION('material property','material name',#18845);
#11754=PROPERTY_DEFINITION('material property','density of part',#18845);
#11755=PROPERTY_DEFINITION('material property','material name',#18846);
#11756=PROPERTY_DEFINITION('material property','density of part',#18846);
#11757=PROPERTY_DEFINITION('material property','material name',#18847);
#11758=PROPERTY_DEFINITION('material property','density of part',#18847);
#11759=PROPERTY_DEFINITION('material property','material name',#18849);
#11760=PROPERTY_DEFINITION('material property','density of part',#18849);
#11761=PROPERTY_DEFINITION('material property','material name',#18850);
#11762=PROPERTY_DEFINITION('material property','density of part',#18850);
#11763=PROPERTY_DEFINITION('material property','material name',#18851);
#11764=PROPERTY_DEFINITION('material property','density of part',#18851);
#11765=AXIS2_PLACEMENT_3D('',#15362,#12457,#12458);
#11766=AXIS2_PLACEMENT_3D('',#15363,#12459,#12460);
#11767=AXIS2_PLACEMENT_3D('',#15364,#12461,#12462);
#11768=AXIS2_PLACEMENT_3D('',#15365,#12463,#12464);
#11769=AXIS2_PLACEMENT_3D('',#15366,#12465,#12466);
#11770=AXIS2_PLACEMENT_3D('',#15367,#12467,#12468);
#11771=AXIS2_PLACEMENT_3D('',#15368,#12469,#12470);
#11772=AXIS2_PLACEMENT_3D('',#15369,#12471,#12472);
#11773=AXIS2_PLACEMENT_3D('',#15370,#12473,#12474);
#11774=AXIS2_PLACEMENT_3D('',#15371,#12475,#12476);
#11775=AXIS2_PLACEMENT_3D('',#15372,#12477,#12478);
#11776=AXIS2_PLACEMENT_3D('',#15373,#12479,#12480);
#11777=AXIS2_PLACEMENT_3D('',#15374,#12481,#12482);
#11778=AXIS2_PLACEMENT_3D('',#15375,#12483,#12484);
#11779=AXIS2_PLACEMENT_3D('',#15376,#12485,#12486);
#11780=AXIS2_PLACEMENT_3D('',#15377,#12487,#12488);
#11781=AXIS2_PLACEMENT_3D('',#15378,#12489,#12490);
#11782=AXIS2_PLACEMENT_3D('',#15379,#12491,#12492);
#11783=AXIS2_PLACEMENT_3D('',#15380,#12493,#12494);
#11784=AXIS2_PLACEMENT_3D('',#15381,#12495,#12496);
#11785=AXIS2_PLACEMENT_3D('',#15382,#12497,#12498);
#11786=AXIS2_PLACEMENT_3D('',#15383,#12499,#12500);
#11787=AXIS2_PLACEMENT_3D('',#15384,#12501,#12502);
#11788=AXIS2_PLACEMENT_3D('',#15385,#12503,#12504);
#11789=AXIS2_PLACEMENT_3D('',#15386,#12505,#12506);
#11790=AXIS2_PLACEMENT_3D('',#15387,#12507,#12508);
#11791=AXIS2_PLACEMENT_3D('',#15388,#12509,#12510);
#11792=AXIS2_PLACEMENT_3D('',#15389,#12511,#12512);
#11793=AXIS2_PLACEMENT_3D('',#15390,#12513,#12514);
#11794=AXIS2_PLACEMENT_3D('',#15391,#12515,#12516);
#11795=AXIS2_PLACEMENT_3D('',#15402,#12522,#12523);
#11796=AXIS2_PLACEMENT_3D('',#15410,#12528,#12529);
#11797=AXIS2_PLACEMENT_3D('',#16235,#12942,#12943);
#11798=AXIS2_PLACEMENT_3D('',#16238,#12946,#12947);
#11799=AXIS2_PLACEMENT_3D('',#16241,#12948,#12949);
#11800=AXIS2_PLACEMENT_3D('',#16245,#12951,#12952);
#11801=AXIS2_PLACEMENT_3D('',#16247,#12954,#12955);
#11802=AXIS2_PLACEMENT_3D('',#16250,#12956,#12957);
#11803=AXIS2_PLACEMENT_3D('',#16254,#12959,#12960);
#11804=AXIS2_PLACEMENT_3D('',#16256,#12962,#12963);
#11805=AXIS2_PLACEMENT_3D('',#16262,#12967,#12968);
#11806=AXIS2_PLACEMENT_3D('',#16268,#12972,#12973);
#11807=AXIS2_PLACEMENT_3D('',#16272,#12976,#12977);
#11808=AXIS2_PLACEMENT_3D('',#16276,#12980,#12981);
#11809=AXIS2_PLACEMENT_3D('',#16278,#12983,#12984);
#11810=AXIS2_PLACEMENT_3D('',#16284,#12988,#12989);
#11811=AXIS2_PLACEMENT_3D('',#16288,#12992,#12993);
#11812=AXIS2_PLACEMENT_3D('',#16292,#12996,#12997);
#11813=AXIS2_PLACEMENT_3D('',#16294,#12999,#13000);
#11814=AXIS2_PLACEMENT_3D('',#16300,#13004,#13005);
#11815=AXIS2_PLACEMENT_3D('',#16304,#13008,#13009);
#11816=AXIS2_PLACEMENT_3D('',#16308,#13012,#13013);
#11817=AXIS2_PLACEMENT_3D('',#16310,#13015,#13016);
#11818=AXIS2_PLACEMENT_3D('',#16316,#13020,#13021);
#11819=AXIS2_PLACEMENT_3D('',#16320,#13024,#13025);
#11820=AXIS2_PLACEMENT_3D('',#16324,#13028,#13029);
#11821=AXIS2_PLACEMENT_3D('',#16326,#13031,#13032);
#11822=AXIS2_PLACEMENT_3D('',#16332,#13036,#13037);
#11823=AXIS2_PLACEMENT_3D('',#16336,#13040,#13041);
#11824=AXIS2_PLACEMENT_3D('',#16340,#13044,#13045);
#11825=AXIS2_PLACEMENT_3D('',#16342,#13047,#13048);
#11826=AXIS2_PLACEMENT_3D('',#16348,#13052,#13053);
#11827=AXIS2_PLACEMENT_3D('',#16352,#13056,#13057);
#11828=AXIS2_PLACEMENT_3D('',#16356,#13060,#13061);
#11829=AXIS2_PLACEMENT_3D('',#16358,#13063,#13064);
#11830=AXIS2_PLACEMENT_3D('',#16364,#13068,#13069);
#11831=AXIS2_PLACEMENT_3D('',#16368,#13072,#13073);
#11832=AXIS2_PLACEMENT_3D('',#16372,#13076,#13077);
#11833=AXIS2_PLACEMENT_3D('',#16376,#13080,#13081);
#11834=AXIS2_PLACEMENT_3D('',#16380,#13084,#13085);
#11835=AXIS2_PLACEMENT_3D('',#16384,#13088,#13089);
#11836=AXIS2_PLACEMENT_3D('',#16388,#13092,#13093);
#11837=AXIS2_PLACEMENT_3D('',#16392,#13096,#13097);
#11838=AXIS2_PLACEMENT_3D('',#16396,#13100,#13101);
#11839=AXIS2_PLACEMENT_3D('',#16400,#13104,#13105);
#11840=AXIS2_PLACEMENT_3D('',#16404,#13108,#13109);
#11841=AXIS2_PLACEMENT_3D('',#16408,#13112,#13113);
#11842=AXIS2_PLACEMENT_3D('',#16412,#13116,#13117);
#11843=AXIS2_PLACEMENT_3D('',#16416,#13120,#13121);
#11844=AXIS2_PLACEMENT_3D('',#16420,#13124,#13125);
#11845=AXIS2_PLACEMENT_3D('',#16424,#13128,#13129);
#11846=AXIS2_PLACEMENT_3D('',#16428,#13132,#13133);
#11847=AXIS2_PLACEMENT_3D('',#16432,#13136,#13137);
#11848=AXIS2_PLACEMENT_3D('',#16436,#13140,#13141);
#11849=AXIS2_PLACEMENT_3D('',#16440,#13144,#13145);
#11850=AXIS2_PLACEMENT_3D('',#16444,#13148,#13149);
#11851=AXIS2_PLACEMENT_3D('',#16448,#13152,#13153);
#11852=AXIS2_PLACEMENT_3D('',#16452,#13156,#13157);
#11853=AXIS2_PLACEMENT_3D('',#16456,#13160,#13161);
#11854=AXIS2_PLACEMENT_3D('',#16460,#13164,#13165);
#11855=AXIS2_PLACEMENT_3D('',#16464,#13168,#13169);
#11856=AXIS2_PLACEMENT_3D('',#16468,#13172,#13173);
#11857=AXIS2_PLACEMENT_3D('',#16472,#13176,#13177);
#11858=AXIS2_PLACEMENT_3D('',#16476,#13180,#13181);
#11859=AXIS2_PLACEMENT_3D('',#16480,#13184,#13185);
#11860=AXIS2_PLACEMENT_3D('',#16484,#13188,#13189);
#11861=AXIS2_PLACEMENT_3D('',#16488,#13192,#13193);
#11862=AXIS2_PLACEMENT_3D('',#16492,#13196,#13197);
#11863=AXIS2_PLACEMENT_3D('',#16496,#13200,#13201);
#11864=AXIS2_PLACEMENT_3D('',#16500,#13204,#13205);
#11865=AXIS2_PLACEMENT_3D('',#16504,#13208,#13209);
#11866=AXIS2_PLACEMENT_3D('',#16508,#13212,#13213);
#11867=AXIS2_PLACEMENT_3D('',#16512,#13216,#13217);
#11868=AXIS2_PLACEMENT_3D('',#16516,#13220,#13221);
#11869=AXIS2_PLACEMENT_3D('',#16520,#13224,#13225);
#11870=AXIS2_PLACEMENT_3D('',#16524,#13228,#13229);
#11871=AXIS2_PLACEMENT_3D('',#16528,#13232,#13233);
#11872=AXIS2_PLACEMENT_3D('',#16532,#13236,#13237);
#11873=AXIS2_PLACEMENT_3D('',#16534,#13239,#13240);
#11874=AXIS2_PLACEMENT_3D('',#16540,#13244,#13245);
#11875=AXIS2_PLACEMENT_3D('',#16544,#13248,#13249);
#11876=AXIS2_PLACEMENT_3D('',#16548,#13252,#13253);
#11877=AXIS2_PLACEMENT_3D('',#16550,#13255,#13256);
#11878=AXIS2_PLACEMENT_3D('',#16556,#13260,#13261);
#11879=AXIS2_PLACEMENT_3D('',#16560,#13264,#13265);
#11880=AXIS2_PLACEMENT_3D('',#16564,#13268,#13269);
#11881=AXIS2_PLACEMENT_3D('',#16566,#13271,#13272);
#11882=AXIS2_PLACEMENT_3D('',#16572,#13276,#13277);
#11883=AXIS2_PLACEMENT_3D('',#16576,#13280,#13281);
#11884=AXIS2_PLACEMENT_3D('',#16580,#13284,#13285);
#11885=AXIS2_PLACEMENT_3D('',#16582,#13287,#13288);
#11886=AXIS2_PLACEMENT_3D('',#16588,#13292,#13293);
#11887=AXIS2_PLACEMENT_3D('',#16592,#13296,#13297);
#11888=AXIS2_PLACEMENT_3D('',#16596,#13300,#13301);
#11889=AXIS2_PLACEMENT_3D('',#16598,#13303,#13304);
#11890=AXIS2_PLACEMENT_3D('',#16604,#13308,#13309);
#11891=AXIS2_PLACEMENT_3D('',#16608,#13312,#13313);
#11892=AXIS2_PLACEMENT_3D('',#16612,#13316,#13317);
#11893=AXIS2_PLACEMENT_3D('',#16614,#13319,#13320);
#11894=AXIS2_PLACEMENT_3D('',#16620,#13324,#13325);
#11895=AXIS2_PLACEMENT_3D('',#16624,#13328,#13329);
#11896=AXIS2_PLACEMENT_3D('',#16628,#13332,#13333);
#11897=AXIS2_PLACEMENT_3D('',#16630,#13335,#13336);
#11898=AXIS2_PLACEMENT_3D('',#16636,#13340,#13341);
#11899=AXIS2_PLACEMENT_3D('',#16640,#13344,#13345);
#11900=AXIS2_PLACEMENT_3D('',#16644,#13348,#13349);
#11901=AXIS2_PLACEMENT_3D('',#16646,#13351,#13352);
#11902=AXIS2_PLACEMENT_3D('',#16652,#13356,#13357);
#11903=AXIS2_PLACEMENT_3D('',#16656,#13360,#13361);
#11904=AXIS2_PLACEMENT_3D('',#16660,#13364,#13365);
#11905=AXIS2_PLACEMENT_3D('',#16662,#13367,#13368);
#11906=AXIS2_PLACEMENT_3D('',#16668,#13372,#13373);
#11907=AXIS2_PLACEMENT_3D('',#16672,#13376,#13377);
#11908=AXIS2_PLACEMENT_3D('',#16676,#13380,#13381);
#11909=AXIS2_PLACEMENT_3D('',#16678,#13383,#13384);
#11910=AXIS2_PLACEMENT_3D('',#16684,#13388,#13389);
#11911=AXIS2_PLACEMENT_3D('',#16688,#13392,#13393);
#11912=AXIS2_PLACEMENT_3D('',#16692,#13396,#13397);
#11913=AXIS2_PLACEMENT_3D('',#16694,#13399,#13400);
#11914=AXIS2_PLACEMENT_3D('',#16700,#13404,#13405);
#11915=AXIS2_PLACEMENT_3D('',#16704,#13408,#13409);
#11916=AXIS2_PLACEMENT_3D('',#16708,#13412,#13413);
#11917=AXIS2_PLACEMENT_3D('',#16710,#13415,#13416);
#11918=AXIS2_PLACEMENT_3D('',#16716,#13420,#13421);
#11919=AXIS2_PLACEMENT_3D('',#16720,#13424,#13425);
#11920=AXIS2_PLACEMENT_3D('',#16724,#13428,#13429);
#11921=AXIS2_PLACEMENT_3D('',#16726,#13431,#13432);
#11922=AXIS2_PLACEMENT_3D('',#16732,#13436,#13437);
#11923=AXIS2_PLACEMENT_3D('',#16736,#13440,#13441);
#11924=AXIS2_PLACEMENT_3D('',#16740,#13444,#13445);
#11925=AXIS2_PLACEMENT_3D('',#16742,#13447,#13448);
#11926=AXIS2_PLACEMENT_3D('',#16748,#13452,#13453);
#11927=AXIS2_PLACEMENT_3D('',#16752,#13456,#13457);
#11928=AXIS2_PLACEMENT_3D('',#16756,#13460,#13461);
#11929=AXIS2_PLACEMENT_3D('',#16758,#13463,#13464);
#11930=AXIS2_PLACEMENT_3D('',#16764,#13468,#13469);
#11931=AXIS2_PLACEMENT_3D('',#16768,#13472,#13473);
#11932=AXIS2_PLACEMENT_3D('',#16772,#13476,#13477);
#11933=AXIS2_PLACEMENT_3D('',#16774,#13479,#13480);
#11934=AXIS2_PLACEMENT_3D('',#16780,#13484,#13485);
#11935=AXIS2_PLACEMENT_3D('',#16784,#13488,#13489);
#11936=AXIS2_PLACEMENT_3D('',#16788,#13492,#13493);
#11937=AXIS2_PLACEMENT_3D('',#16790,#13495,#13496);
#11938=AXIS2_PLACEMENT_3D('',#16796,#13500,#13501);
#11939=AXIS2_PLACEMENT_3D('',#16800,#13504,#13505);
#11940=AXIS2_PLACEMENT_3D('',#16804,#13508,#13509);
#11941=AXIS2_PLACEMENT_3D('',#16806,#13511,#13512);
#11942=AXIS2_PLACEMENT_3D('',#16812,#13516,#13517);
#11943=AXIS2_PLACEMENT_3D('',#16816,#13520,#13521);
#11944=AXIS2_PLACEMENT_3D('',#16820,#13524,#13525);
#11945=AXIS2_PLACEMENT_3D('',#16822,#13527,#13528);
#11946=AXIS2_PLACEMENT_3D('',#16828,#13532,#13533);
#11947=AXIS2_PLACEMENT_3D('',#16832,#13536,#13537);
#11948=AXIS2_PLACEMENT_3D('',#16836,#13540,#13541);
#11949=AXIS2_PLACEMENT_3D('',#16838,#13543,#13544);
#11950=AXIS2_PLACEMENT_3D('',#16844,#13548,#13549);
#11951=AXIS2_PLACEMENT_3D('',#16848,#13552,#13553);
#11952=AXIS2_PLACEMENT_3D('',#16852,#13556,#13557);
#11953=AXIS2_PLACEMENT_3D('',#16854,#13559,#13560);
#11954=AXIS2_PLACEMENT_3D('',#16860,#13564,#13565);
#11955=AXIS2_PLACEMENT_3D('',#16864,#13568,#13569);
#11956=AXIS2_PLACEMENT_3D('',#16868,#13572,#13573);
#11957=AXIS2_PLACEMENT_3D('',#16870,#13575,#13576);
#11958=AXIS2_PLACEMENT_3D('',#16876,#13580,#13581);
#11959=AXIS2_PLACEMENT_3D('',#16880,#13584,#13585);
#11960=AXIS2_PLACEMENT_3D('',#16884,#13588,#13589);
#11961=AXIS2_PLACEMENT_3D('',#16886,#13591,#13592);
#11962=AXIS2_PLACEMENT_3D('',#16892,#13596,#13597);
#11963=AXIS2_PLACEMENT_3D('',#16896,#13600,#13601);
#11964=AXIS2_PLACEMENT_3D('',#16900,#13604,#13605);
#11965=AXIS2_PLACEMENT_3D('',#16902,#13607,#13608);
#11966=AXIS2_PLACEMENT_3D('',#16908,#13612,#13613);
#11967=AXIS2_PLACEMENT_3D('',#16912,#13616,#13617);
#11968=AXIS2_PLACEMENT_3D('',#16916,#13620,#13621);
#11969=AXIS2_PLACEMENT_3D('',#16918,#13623,#13624);
#11970=AXIS2_PLACEMENT_3D('',#16924,#13628,#13629);
#11971=AXIS2_PLACEMENT_3D('',#16928,#13632,#13633);
#11972=AXIS2_PLACEMENT_3D('',#16932,#13636,#13637);
#11973=AXIS2_PLACEMENT_3D('',#16934,#13639,#13640);
#11974=AXIS2_PLACEMENT_3D('',#16940,#13644,#13645);
#11975=AXIS2_PLACEMENT_3D('',#16944,#13648,#13649);
#11976=AXIS2_PLACEMENT_3D('',#16948,#13652,#13653);
#11977=AXIS2_PLACEMENT_3D('',#16950,#13655,#13656);
#11978=AXIS2_PLACEMENT_3D('',#16956,#13660,#13661);
#11979=AXIS2_PLACEMENT_3D('',#16960,#13664,#13665);
#11980=AXIS2_PLACEMENT_3D('',#16964,#13668,#13669);
#11981=AXIS2_PLACEMENT_3D('',#16966,#13671,#13672);
#11982=AXIS2_PLACEMENT_3D('',#16972,#13676,#13677);
#11983=AXIS2_PLACEMENT_3D('',#16976,#13680,#13681);
#11984=AXIS2_PLACEMENT_3D('',#16980,#13684,#13685);
#11985=AXIS2_PLACEMENT_3D('',#16982,#13687,#13688);
#11986=AXIS2_PLACEMENT_3D('',#16988,#13692,#13693);
#11987=AXIS2_PLACEMENT_3D('',#16992,#13696,#13697);
#11988=AXIS2_PLACEMENT_3D('',#16996,#13700,#13701);
#11989=AXIS2_PLACEMENT_3D('',#16998,#13703,#13704);
#11990=AXIS2_PLACEMENT_3D('',#17004,#13708,#13709);
#11991=AXIS2_PLACEMENT_3D('',#17008,#13712,#13713);
#11992=AXIS2_PLACEMENT_3D('',#17012,#13716,#13717);
#11993=AXIS2_PLACEMENT_3D('',#17014,#13719,#13720);
#11994=AXIS2_PLACEMENT_3D('',#17020,#13724,#13725);
#11995=AXIS2_PLACEMENT_3D('',#17024,#13728,#13729);
#11996=AXIS2_PLACEMENT_3D('',#17028,#13732,#13733);
#11997=AXIS2_PLACEMENT_3D('',#17030,#13735,#13736);
#11998=AXIS2_PLACEMENT_3D('',#17036,#13740,#13741);
#11999=AXIS2_PLACEMENT_3D('',#17040,#13744,#13745);
#12000=AXIS2_PLACEMENT_3D('',#17044,#13748,#13749);
#12001=AXIS2_PLACEMENT_3D('',#17046,#13751,#13752);
#12002=AXIS2_PLACEMENT_3D('',#17052,#13756,#13757);
#12003=AXIS2_PLACEMENT_3D('',#17056,#13760,#13761);
#12004=AXIS2_PLACEMENT_3D('',#17060,#13764,#13765);
#12005=AXIS2_PLACEMENT_3D('',#17062,#13767,#13768);
#12006=AXIS2_PLACEMENT_3D('',#17068,#13772,#13773);
#12007=AXIS2_PLACEMENT_3D('',#17072,#13776,#13777);
#12008=AXIS2_PLACEMENT_3D('',#17076,#13780,#13781);
#12009=AXIS2_PLACEMENT_3D('',#17078,#13783,#13784);
#12010=AXIS2_PLACEMENT_3D('',#17084,#13788,#13789);
#12011=AXIS2_PLACEMENT_3D('',#17088,#13792,#13793);
#12012=AXIS2_PLACEMENT_3D('',#17092,#13796,#13797);
#12013=AXIS2_PLACEMENT_3D('',#17094,#13799,#13800);
#12014=AXIS2_PLACEMENT_3D('',#17100,#13804,#13805);
#12015=AXIS2_PLACEMENT_3D('',#17104,#13808,#13809);
#12016=AXIS2_PLACEMENT_3D('',#17108,#13812,#13813);
#12017=AXIS2_PLACEMENT_3D('',#17110,#13815,#13816);
#12018=AXIS2_PLACEMENT_3D('',#17116,#13820,#13821);
#12019=AXIS2_PLACEMENT_3D('',#17120,#13824,#13825);
#12020=AXIS2_PLACEMENT_3D('',#17124,#13828,#13829);
#12021=AXIS2_PLACEMENT_3D('',#17126,#13831,#13832);
#12022=AXIS2_PLACEMENT_3D('',#17132,#13836,#13837);
#12023=AXIS2_PLACEMENT_3D('',#17136,#13840,#13841);
#12024=AXIS2_PLACEMENT_3D('',#17140,#13844,#13845);
#12025=AXIS2_PLACEMENT_3D('',#17142,#13847,#13848);
#12026=AXIS2_PLACEMENT_3D('',#17148,#13852,#13853);
#12027=AXIS2_PLACEMENT_3D('',#17152,#13856,#13857);
#12028=AXIS2_PLACEMENT_3D('',#17156,#13860,#13861);
#12029=AXIS2_PLACEMENT_3D('',#17158,#13863,#13864);
#12030=AXIS2_PLACEMENT_3D('',#17164,#13868,#13869);
#12031=AXIS2_PLACEMENT_3D('',#17168,#13872,#13873);
#12032=AXIS2_PLACEMENT_3D('',#17172,#13876,#13877);
#12033=AXIS2_PLACEMENT_3D('',#17176,#13880,#13881);
#12034=AXIS2_PLACEMENT_3D('',#17180,#13884,#13885);
#12035=AXIS2_PLACEMENT_3D('',#17184,#13888,#13889);
#12036=AXIS2_PLACEMENT_3D('',#17188,#13892,#13893);
#12037=AXIS2_PLACEMENT_3D('',#17192,#13896,#13897);
#12038=AXIS2_PLACEMENT_3D('',#17196,#13900,#13901);
#12039=AXIS2_PLACEMENT_3D('',#17200,#13904,#13905);
#12040=AXIS2_PLACEMENT_3D('',#17204,#13908,#13909);
#12041=AXIS2_PLACEMENT_3D('',#17208,#13912,#13913);
#12042=AXIS2_PLACEMENT_3D('',#17212,#13916,#13917);
#12043=AXIS2_PLACEMENT_3D('',#17216,#13920,#13921);
#12044=AXIS2_PLACEMENT_3D('',#17220,#13924,#13925);
#12045=AXIS2_PLACEMENT_3D('',#17224,#13928,#13929);
#12046=AXIS2_PLACEMENT_3D('',#17228,#13932,#13933);
#12047=AXIS2_PLACEMENT_3D('',#17232,#13936,#13937);
#12048=AXIS2_PLACEMENT_3D('',#17236,#13940,#13941);
#12049=AXIS2_PLACEMENT_3D('',#17240,#13944,#13945);
#12050=AXIS2_PLACEMENT_3D('',#17244,#13948,#13949);
#12051=AXIS2_PLACEMENT_3D('',#17248,#13952,#13953);
#12052=AXIS2_PLACEMENT_3D('',#17252,#13956,#13957);
#12053=AXIS2_PLACEMENT_3D('',#17256,#13960,#13961);
#12054=AXIS2_PLACEMENT_3D('',#17260,#13964,#13965);
#12055=AXIS2_PLACEMENT_3D('',#17264,#13968,#13969);
#12056=AXIS2_PLACEMENT_3D('',#17268,#13972,#13973);
#12057=AXIS2_PLACEMENT_3D('',#17272,#13976,#13977);
#12058=AXIS2_PLACEMENT_3D('',#17276,#13980,#13981);
#12059=AXIS2_PLACEMENT_3D('',#17280,#13984,#13985);
#12060=AXIS2_PLACEMENT_3D('',#17284,#13988,#13989);
#12061=AXIS2_PLACEMENT_3D('',#17288,#13992,#13993);
#12062=AXIS2_PLACEMENT_3D('',#17292,#13996,#13997);
#12063=AXIS2_PLACEMENT_3D('',#17296,#14000,#14001);
#12064=AXIS2_PLACEMENT_3D('',#17300,#14004,#14005);
#12065=AXIS2_PLACEMENT_3D('',#17304,#14008,#14009);
#12066=AXIS2_PLACEMENT_3D('',#17308,#14012,#14013);
#12067=AXIS2_PLACEMENT_3D('',#17312,#14016,#14017);
#12068=AXIS2_PLACEMENT_3D('',#17316,#14020,#14021);
#12069=AXIS2_PLACEMENT_3D('',#17320,#14024,#14025);
#12070=AXIS2_PLACEMENT_3D('',#17324,#14028,#14029);
#12071=AXIS2_PLACEMENT_3D('',#17328,#14032,#14033);
#12072=AXIS2_PLACEMENT_3D('',#17332,#14036,#14037);
#12073=AXIS2_PLACEMENT_3D('',#17334,#14039,#14040);
#12074=AXIS2_PLACEMENT_3D('',#17340,#14044,#14045);
#12075=AXIS2_PLACEMENT_3D('',#17344,#14048,#14049);
#12076=AXIS2_PLACEMENT_3D('',#17348,#14052,#14053);
#12077=AXIS2_PLACEMENT_3D('',#17350,#14055,#14056);
#12078=AXIS2_PLACEMENT_3D('',#17356,#14060,#14061);
#12079=AXIS2_PLACEMENT_3D('',#17360,#14064,#14065);
#12080=AXIS2_PLACEMENT_3D('',#17364,#14068,#14069);
#12081=AXIS2_PLACEMENT_3D('',#17366,#14071,#14072);
#12082=AXIS2_PLACEMENT_3D('',#17372,#14076,#14077);
#12083=AXIS2_PLACEMENT_3D('',#17376,#14080,#14081);
#12084=AXIS2_PLACEMENT_3D('',#17380,#14084,#14085);
#12085=AXIS2_PLACEMENT_3D('',#17382,#14087,#14088);
#12086=AXIS2_PLACEMENT_3D('',#17388,#14092,#14093);
#12087=AXIS2_PLACEMENT_3D('',#17392,#14096,#14097);
#12088=AXIS2_PLACEMENT_3D('',#17396,#14100,#14101);
#12089=AXIS2_PLACEMENT_3D('',#17400,#14104,#14105);
#12090=AXIS2_PLACEMENT_3D('',#17404,#14108,#14109);
#12091=AXIS2_PLACEMENT_3D('',#17408,#14112,#14113);
#12092=AXIS2_PLACEMENT_3D('',#17412,#14116,#14117);
#12093=AXIS2_PLACEMENT_3D('',#17416,#14120,#14121);
#12094=AXIS2_PLACEMENT_3D('',#17420,#14124,#14125);
#12095=AXIS2_PLACEMENT_3D('',#17424,#14128,#14129);
#12096=AXIS2_PLACEMENT_3D('',#17428,#14132,#14133);
#12097=AXIS2_PLACEMENT_3D('',#17432,#14136,#14137);
#12098=AXIS2_PLACEMENT_3D('',#17436,#14140,#14141);
#12099=AXIS2_PLACEMENT_3D('',#17440,#14144,#14145);
#12100=AXIS2_PLACEMENT_3D('',#17444,#14148,#14149);
#12101=AXIS2_PLACEMENT_3D('',#17448,#14152,#14153);
#12102=AXIS2_PLACEMENT_3D('',#17452,#14156,#14157);
#12103=AXIS2_PLACEMENT_3D('',#17456,#14160,#14161);
#12104=AXIS2_PLACEMENT_3D('',#17460,#14164,#14165);
#12105=AXIS2_PLACEMENT_3D('',#17464,#14168,#14169);
#12106=AXIS2_PLACEMENT_3D('',#17468,#14172,#14173);
#12107=AXIS2_PLACEMENT_3D('',#17472,#14176,#14177);
#12108=AXIS2_PLACEMENT_3D('',#17476,#14180,#14181);
#12109=AXIS2_PLACEMENT_3D('',#17480,#14184,#14185);
#12110=AXIS2_PLACEMENT_3D('',#17484,#14188,#14189);
#12111=AXIS2_PLACEMENT_3D('',#17488,#14192,#14193);
#12112=AXIS2_PLACEMENT_3D('',#17492,#14196,#14197);
#12113=AXIS2_PLACEMENT_3D('',#17496,#14200,#14201);
#12114=AXIS2_PLACEMENT_3D('',#17500,#14204,#14205);
#12115=AXIS2_PLACEMENT_3D('',#17504,#14208,#14209);
#12116=AXIS2_PLACEMENT_3D('',#17508,#14212,#14213);
#12117=AXIS2_PLACEMENT_3D('',#17512,#14216,#14217);
#12118=AXIS2_PLACEMENT_3D('',#17516,#14220,#14221);
#12119=AXIS2_PLACEMENT_3D('',#17520,#14224,#14225);
#12120=AXIS2_PLACEMENT_3D('',#17524,#14228,#14229);
#12121=AXIS2_PLACEMENT_3D('',#17528,#14232,#14233);
#12122=AXIS2_PLACEMENT_3D('',#17532,#14236,#14237);
#12123=AXIS2_PLACEMENT_3D('',#17536,#14240,#14241);
#12124=AXIS2_PLACEMENT_3D('',#17540,#14244,#14245);
#12125=AXIS2_PLACEMENT_3D('',#17544,#14248,#14249);
#12126=AXIS2_PLACEMENT_3D('',#17548,#14252,#14253);
#12127=AXIS2_PLACEMENT_3D('',#17552,#14256,#14257);
#12128=AXIS2_PLACEMENT_3D('',#17556,#14260,#14261);
#12129=AXIS2_PLACEMENT_3D('',#17558,#14263,#14264);
#12130=AXIS2_PLACEMENT_3D('',#17564,#14268,#14269);
#12131=AXIS2_PLACEMENT_3D('',#17568,#14272,#14273);
#12132=AXIS2_PLACEMENT_3D('',#17572,#14276,#14277);
#12133=AXIS2_PLACEMENT_3D('',#17574,#14279,#14280);
#12134=AXIS2_PLACEMENT_3D('',#17580,#14284,#14285);
#12135=AXIS2_PLACEMENT_3D('',#17584,#14288,#14289);
#12136=AXIS2_PLACEMENT_3D('',#17588,#14292,#14293);
#12137=AXIS2_PLACEMENT_3D('',#17592,#14296,#14297);
#12138=AXIS2_PLACEMENT_3D('',#17596,#14300,#14301);
#12139=AXIS2_PLACEMENT_3D('',#17600,#14304,#14305);
#12140=AXIS2_PLACEMENT_3D('',#17604,#14308,#14309);
#12141=AXIS2_PLACEMENT_3D('',#17608,#14312,#14313);
#12142=AXIS2_PLACEMENT_3D('',#17612,#14316,#14317);
#12143=AXIS2_PLACEMENT_3D('',#17616,#14320,#14321);
#12144=AXIS2_PLACEMENT_3D('',#17620,#14324,#14325);
#12145=AXIS2_PLACEMENT_3D('',#17624,#14328,#14329);
#12146=AXIS2_PLACEMENT_3D('',#17628,#14332,#14333);
#12147=AXIS2_PLACEMENT_3D('',#17632,#14336,#14337);
#12148=AXIS2_PLACEMENT_3D('',#17636,#14340,#14341);
#12149=AXIS2_PLACEMENT_3D('',#17640,#14344,#14345);
#12150=AXIS2_PLACEMENT_3D('',#17644,#14348,#14349);
#12151=AXIS2_PLACEMENT_3D('',#17648,#14352,#14353);
#12152=AXIS2_PLACEMENT_3D('',#17652,#14356,#14357);
#12153=AXIS2_PLACEMENT_3D('',#17656,#14360,#14361);
#12154=AXIS2_PLACEMENT_3D('',#17660,#14364,#14365);
#12155=AXIS2_PLACEMENT_3D('',#17664,#14368,#14369);
#12156=AXIS2_PLACEMENT_3D('',#17668,#14372,#14373);
#12157=AXIS2_PLACEMENT_3D('',#17672,#14376,#14377);
#12158=AXIS2_PLACEMENT_3D('',#17676,#14380,#14381);
#12159=AXIS2_PLACEMENT_3D('',#17680,#14384,#14385);
#12160=AXIS2_PLACEMENT_3D('',#17684,#14388,#14389);
#12161=AXIS2_PLACEMENT_3D('',#17688,#14392,#14393);
#12162=AXIS2_PLACEMENT_3D('',#17692,#14396,#14397);
#12163=AXIS2_PLACEMENT_3D('',#17696,#14400,#14401);
#12164=AXIS2_PLACEMENT_3D('',#17700,#14404,#14405);
#12165=AXIS2_PLACEMENT_3D('',#17704,#14408,#14409);
#12166=AXIS2_PLACEMENT_3D('',#17708,#14412,#14413);
#12167=AXIS2_PLACEMENT_3D('',#17712,#14416,#14417);
#12168=AXIS2_PLACEMENT_3D('',#17716,#14420,#14421);
#12169=AXIS2_PLACEMENT_3D('',#17720,#14424,#14425);
#12170=AXIS2_PLACEMENT_3D('',#17724,#14428,#14429);
#12171=AXIS2_PLACEMENT_3D('',#17728,#14432,#14433);
#12172=AXIS2_PLACEMENT_3D('',#17732,#14436,#14437);
#12173=AXIS2_PLACEMENT_3D('',#17736,#14440,#14441);
#12174=AXIS2_PLACEMENT_3D('',#17740,#14444,#14445);
#12175=AXIS2_PLACEMENT_3D('',#17744,#14448,#14449);
#12176=AXIS2_PLACEMENT_3D('',#17748,#14452,#14453);
#12177=AXIS2_PLACEMENT_3D('',#17750,#14455,#14456);
#12178=AXIS2_PLACEMENT_3D('',#17756,#14460,#14461);
#12179=AXIS2_PLACEMENT_3D('',#17760,#14464,#14465);
#12180=AXIS2_PLACEMENT_3D('',#17764,#14468,#14469);
#12181=AXIS2_PLACEMENT_3D('',#17766,#14471,#14472);
#12182=AXIS2_PLACEMENT_3D('',#17772,#14476,#14477);
#12183=AXIS2_PLACEMENT_3D('',#17776,#14480,#14481);
#12184=AXIS2_PLACEMENT_3D('',#17780,#14484,#14485);
#12185=AXIS2_PLACEMENT_3D('',#17782,#14487,#14488);
#12186=AXIS2_PLACEMENT_3D('',#17788,#14492,#14493);
#12187=AXIS2_PLACEMENT_3D('',#17792,#14496,#14497);
#12188=AXIS2_PLACEMENT_3D('',#17796,#14500,#14501);
#12189=AXIS2_PLACEMENT_3D('',#17798,#14503,#14504);
#12190=AXIS2_PLACEMENT_3D('',#17804,#14508,#14509);
#12191=AXIS2_PLACEMENT_3D('',#17808,#14512,#14513);
#12192=AXIS2_PLACEMENT_3D('',#17812,#14516,#14517);
#12193=AXIS2_PLACEMENT_3D('',#17814,#14519,#14520);
#12194=AXIS2_PLACEMENT_3D('',#17820,#14524,#14525);
#12195=AXIS2_PLACEMENT_3D('',#17824,#14528,#14529);
#12196=AXIS2_PLACEMENT_3D('',#17828,#14532,#14533);
#12197=AXIS2_PLACEMENT_3D('',#17830,#14535,#14536);
#12198=AXIS2_PLACEMENT_3D('',#17836,#14540,#14541);
#12199=AXIS2_PLACEMENT_3D('',#17840,#14544,#14545);
#12200=AXIS2_PLACEMENT_3D('',#17844,#14548,#14549);
#12201=AXIS2_PLACEMENT_3D('',#17846,#14551,#14552);
#12202=AXIS2_PLACEMENT_3D('',#17852,#14556,#14557);
#12203=AXIS2_PLACEMENT_3D('',#17856,#14560,#14561);
#12204=AXIS2_PLACEMENT_3D('',#17860,#14564,#14565);
#12205=AXIS2_PLACEMENT_3D('',#17862,#14567,#14568);
#12206=AXIS2_PLACEMENT_3D('',#17868,#14572,#14573);
#12207=AXIS2_PLACEMENT_3D('',#17872,#14576,#14577);
#12208=AXIS2_PLACEMENT_3D('',#17876,#14580,#14581);
#12209=AXIS2_PLACEMENT_3D('',#17878,#14583,#14584);
#12210=AXIS2_PLACEMENT_3D('',#17884,#14588,#14589);
#12211=AXIS2_PLACEMENT_3D('',#17888,#14592,#14593);
#12212=AXIS2_PLACEMENT_3D('',#17892,#14596,#14597);
#12213=AXIS2_PLACEMENT_3D('',#17894,#14599,#14600);
#12214=AXIS2_PLACEMENT_3D('',#17904,#14607,#14608);
#12215=AXIS2_PLACEMENT_3D('',#17910,#14612,#14613);
#12216=AXIS2_PLACEMENT_3D('',#17912,#14615,#14616);
#12217=AXIS2_PLACEMENT_3D('',#17914,#14618,#14619);
#12218=AXIS2_PLACEMENT_3D('',#17926,#14626,#14627);
#12219=AXIS2_PLACEMENT_3D('',#17928,#14629,#14630);
#12220=AXIS2_PLACEMENT_3D('',#17932,#14633,#14634);
#12221=AXIS2_PLACEMENT_3D('',#17936,#14637,#14638);
#12222=AXIS2_PLACEMENT_3D('',#17940,#14641,#14642);
#12223=AXIS2_PLACEMENT_3D('',#17944,#14645,#14646);
#12224=AXIS2_PLACEMENT_3D('',#17948,#14649,#14650);
#12225=AXIS2_PLACEMENT_3D('',#17952,#14653,#14654);
#12226=AXIS2_PLACEMENT_3D('',#17956,#14657,#14658);
#12227=AXIS2_PLACEMENT_3D('',#17958,#14660,#14661);
#12228=AXIS2_PLACEMENT_3D('',#17959,#14662,#14663);
#12229=AXIS2_PLACEMENT_3D('',#17961,#14664,#14665);
#12230=AXIS2_PLACEMENT_3D('',#17964,#14667,#14668);
#12231=AXIS2_PLACEMENT_3D('',#17965,#14669,#14670);
#12232=AXIS2_PLACEMENT_3D('',#17966,#14671,#14672);
#12233=AXIS2_PLACEMENT_3D('',#17967,#14673,#14674);
#12234=AXIS2_PLACEMENT_3D('',#17976,#14679,#14680);
#12235=AXIS2_PLACEMENT_3D('',#17982,#14684,#14685);
#12236=AXIS2_PLACEMENT_3D('',#17988,#14689,#14690);
#12237=AXIS2_PLACEMENT_3D('',#17991,#14693,#14694);
#12238=AXIS2_PLACEMENT_3D('',#17992,#14695,#14696);
#12239=AXIS2_PLACEMENT_3D('',#17993,#14697,#14698);
#12240=AXIS2_PLACEMENT_3D('',#18018,#14711,#14712);
#12241=AXIS2_PLACEMENT_3D('',#18024,#14716,#14717);
#12242=AXIS2_PLACEMENT_3D('',#18028,#14720,#14721);
#12243=AXIS2_PLACEMENT_3D('',#18040,#14728,#14729);
#12244=AXIS2_PLACEMENT_3D('',#18046,#14733,#14734);
#12245=AXIS2_PLACEMENT_3D('',#18050,#14737,#14738);
#12246=AXIS2_PLACEMENT_3D('',#18134,#14781,#14782);
#12247=AXIS2_PLACEMENT_3D('',#18151,#14792,#14793);
#12248=AXIS2_PLACEMENT_3D('',#18154,#14794,#14795);
#12249=AXIS2_PLACEMENT_3D('',#18158,#14797,#14798);
#12250=AXIS2_PLACEMENT_3D('',#18160,#14800,#14801);
#12251=AXIS2_PLACEMENT_3D('',#18163,#14803,#14804);
#12252=AXIS2_PLACEMENT_3D('',#18173,#14810,#14811);
#12253=AXIS2_PLACEMENT_3D('',#18182,#14816,#14817);
#12254=AXIS2_PLACEMENT_3D('',#18194,#14824,#14825);
#12255=AXIS2_PLACEMENT_3D('',#18200,#14829,#14830);
#12256=AXIS2_PLACEMENT_3D('',#18212,#14837,#14838);
#12257=AXIS2_PLACEMENT_3D('',#18218,#14842,#14843);
#12258=AXIS2_PLACEMENT_3D('',#18224,#14847,#14848);
#12259=AXIS2_PLACEMENT_3D('',#18225,#14849,#14850);
#12260=AXIS2_PLACEMENT_3D('',#18226,#14851,#14852);
#12261=AXIS2_PLACEMENT_3D('',#18232,#14856,#14857);
#12262=AXIS2_PLACEMENT_3D('',#18238,#14861,#14862);
#12263=AXIS2_PLACEMENT_3D('',#18242,#14865,#14866);
#12264=AXIS2_PLACEMENT_3D('',#18246,#14869,#14870);
#12265=AXIS2_PLACEMENT_3D('',#18248,#14872,#14873);
#12266=AXIS2_PLACEMENT_3D('',#18254,#14877,#14878);
#12267=AXIS2_PLACEMENT_3D('',#18258,#14881,#14882);
#12268=AXIS2_PLACEMENT_3D('',#18262,#14885,#14886);
#12269=AXIS2_PLACEMENT_3D('',#18264,#14888,#14889);
#12270=AXIS2_PLACEMENT_3D('',#18270,#14893,#14894);
#12271=AXIS2_PLACEMENT_3D('',#18274,#14897,#14898);
#12272=AXIS2_PLACEMENT_3D('',#18278,#14901,#14902);
#12273=AXIS2_PLACEMENT_3D('',#18280,#14904,#14905);
#12274=AXIS2_PLACEMENT_3D('',#18286,#14909,#14910);
#12275=AXIS2_PLACEMENT_3D('',#18290,#14913,#14914);
#12276=AXIS2_PLACEMENT_3D('',#18294,#14917,#14918);
#12277=AXIS2_PLACEMENT_3D('',#18296,#14920,#14921);
#12278=AXIS2_PLACEMENT_3D('',#18302,#14925,#14926);
#12279=AXIS2_PLACEMENT_3D('',#18306,#14929,#14930);
#12280=AXIS2_PLACEMENT_3D('',#18310,#14933,#14934);
#12281=AXIS2_PLACEMENT_3D('',#18312,#14936,#14937);
#12282=AXIS2_PLACEMENT_3D('',#18318,#14941,#14942);
#12283=AXIS2_PLACEMENT_3D('',#18322,#14945,#14946);
#12284=AXIS2_PLACEMENT_3D('',#18326,#14949,#14950);
#12285=AXIS2_PLACEMENT_3D('',#18328,#14952,#14953);
#12286=AXIS2_PLACEMENT_3D('',#18334,#14957,#14958);
#12287=AXIS2_PLACEMENT_3D('',#18338,#14961,#14962);
#12288=AXIS2_PLACEMENT_3D('',#18342,#14965,#14966);
#12289=AXIS2_PLACEMENT_3D('',#18344,#14968,#14969);
#12290=AXIS2_PLACEMENT_3D('',#18350,#14973,#14974);
#12291=AXIS2_PLACEMENT_3D('',#18354,#14977,#14978);
#12292=AXIS2_PLACEMENT_3D('',#18358,#14981,#14982);
#12293=AXIS2_PLACEMENT_3D('',#18360,#14984,#14985);
#12294=AXIS2_PLACEMENT_3D('',#18366,#14989,#14990);
#12295=AXIS2_PLACEMENT_3D('',#18370,#14993,#14994);
#12296=AXIS2_PLACEMENT_3D('',#18374,#14997,#14998);
#12297=AXIS2_PLACEMENT_3D('',#18376,#15000,#15001);
#12298=AXIS2_PLACEMENT_3D('',#18382,#15005,#15006);
#12299=AXIS2_PLACEMENT_3D('',#18386,#15009,#15010);
#12300=AXIS2_PLACEMENT_3D('',#18396,#15016,#15017);
#12301=AXIS2_PLACEMENT_3D('',#18400,#15020,#15021);
#12302=AXIS2_PLACEMENT_3D('',#18407,#15026,#15027);
#12303=AXIS2_PLACEMENT_3D('',#18410,#15030,#15031);
#12304=AXIS2_PLACEMENT_3D('',#18412,#15032,#15033);
#12305=AXIS2_PLACEMENT_3D('',#18417,#15037,#15038);
#12306=AXIS2_PLACEMENT_3D('',#18419,#15040,#15041);
#12307=AXIS2_PLACEMENT_3D('',#18421,#15043,#15044);
#12308=AXIS2_PLACEMENT_3D('',#18423,#15046,#15047);
#12309=AXIS2_PLACEMENT_3D('',#18425,#15049,#15050);
#12310=AXIS2_PLACEMENT_3D('',#18426,#15051,#15052);
#12311=AXIS2_PLACEMENT_3D('',#18430,#15055,#15056);
#12312=AXIS2_PLACEMENT_3D('',#18434,#15059,#15060);
#12313=AXIS2_PLACEMENT_3D('',#18438,#15063,#15064);
#12314=AXIS2_PLACEMENT_3D('',#18444,#15068,#15069);
#12315=AXIS2_PLACEMENT_3D('',#18447,#15072,#15073);
#12316=AXIS2_PLACEMENT_3D('',#18448,#15074,#15075);
#12317=AXIS2_PLACEMENT_3D('',#18450,#15077,#15078);
#12318=AXIS2_PLACEMENT_3D('',#18452,#15080,#15081);
#12319=AXIS2_PLACEMENT_3D('',#18453,#15082,#15083);
#12320=AXIS2_PLACEMENT_3D('',#18455,#15085,#15086);
#12321=AXIS2_PLACEMENT_3D('',#18457,#15088,#15089);
#12322=AXIS2_PLACEMENT_3D('',#18459,#15091,#15092);
#12323=AXIS2_PLACEMENT_3D('',#18460,#15093,#15094);
#12324=AXIS2_PLACEMENT_3D('',#18462,#15096,#15097);
#12325=AXIS2_PLACEMENT_3D('',#18463,#15098,#15099);
#12326=AXIS2_PLACEMENT_3D('',#18464,#15100,#15101);
#12327=AXIS2_PLACEMENT_3D('',#18465,#15102,#15103);
#12328=AXIS2_PLACEMENT_3D('',#18466,#15104,#15105);
#12329=AXIS2_PLACEMENT_3D('',#18467,#15106,#15107);
#12330=AXIS2_PLACEMENT_3D('',#18468,#15108,#15109);
#12331=AXIS2_PLACEMENT_3D('',#18469,#15110,#15111);
#12332=AXIS2_PLACEMENT_3D('',#18470,#15112,#15113);
#12333=AXIS2_PLACEMENT_3D('',#18471,#15114,#15115);
#12334=AXIS2_PLACEMENT_3D('',#18472,#15116,#15117);
#12335=AXIS2_PLACEMENT_3D('',#18473,#15118,#15119);
#12336=AXIS2_PLACEMENT_3D('',#18474,#15120,#15121);
#12337=AXIS2_PLACEMENT_3D('',#18475,#15122,#15123);
#12338=AXIS2_PLACEMENT_3D('',#18476,#15124,#15125);
#12339=AXIS2_PLACEMENT_3D('',#18477,#15126,#15127);
#12340=AXIS2_PLACEMENT_3D('',#18478,#15128,#15129);
#12341=AXIS2_PLACEMENT_3D('',#18479,#15130,#15131);
#12342=AXIS2_PLACEMENT_3D('',#18480,#15132,#15133);
#12343=AXIS2_PLACEMENT_3D('',#18481,#15134,#15135);
#12344=AXIS2_PLACEMENT_3D('',#18482,#15136,#15137);
#12345=AXIS2_PLACEMENT_3D('',#18483,#15138,#15139);
#12346=AXIS2_PLACEMENT_3D('',#18484,#15140,#15141);
#12347=AXIS2_PLACEMENT_3D('',#18485,#15142,#15143);
#12348=AXIS2_PLACEMENT_3D('',#18486,#15144,#15145);
#12349=AXIS2_PLACEMENT_3D('',#18487,#15146,#15147);
#12350=AXIS2_PLACEMENT_3D('',#18488,#15148,#15149);
#12351=AXIS2_PLACEMENT_3D('',#18489,#15150,#15151);
#12352=AXIS2_PLACEMENT_3D('',#18490,#15152,#15153);
#12353=AXIS2_PLACEMENT_3D('',#18491,#15154,#15155);
#12354=AXIS2_PLACEMENT_3D('',#18492,#15156,#15157);
#12355=AXIS2_PLACEMENT_3D('',#18493,#15158,#15159);
#12356=AXIS2_PLACEMENT_3D('',#18494,#15160,#15161);
#12357=AXIS2_PLACEMENT_3D('',#18495,#15162,#15163);
#12358=AXIS2_PLACEMENT_3D('',#18496,#15164,#15165);
#12359=AXIS2_PLACEMENT_3D('',#18497,#15166,#15167);
#12360=AXIS2_PLACEMENT_3D('',#18498,#15168,#15169);
#12361=AXIS2_PLACEMENT_3D('',#18499,#15170,#15171);
#12362=AXIS2_PLACEMENT_3D('',#18500,#15172,#15173);
#12363=AXIS2_PLACEMENT_3D('',#18501,#15174,#15175);
#12364=AXIS2_PLACEMENT_3D('',#18502,#15176,#15177);
#12365=AXIS2_PLACEMENT_3D('',#18503,#15178,#15179);
#12366=AXIS2_PLACEMENT_3D('',#18504,#15180,#15181);
#12367=AXIS2_PLACEMENT_3D('',#18505,#15182,#15183);
#12368=AXIS2_PLACEMENT_3D('',#18506,#15184,#15185);
#12369=AXIS2_PLACEMENT_3D('',#18507,#15186,#15187);
#12370=AXIS2_PLACEMENT_3D('',#18508,#15188,#15189);
#12371=AXIS2_PLACEMENT_3D('',#18509,#15190,#15191);
#12372=AXIS2_PLACEMENT_3D('',#18510,#15192,#15193);
#12373=AXIS2_PLACEMENT_3D('',#18511,#15194,#15195);
#12374=AXIS2_PLACEMENT_3D('',#18512,#15196,#15197);
#12375=AXIS2_PLACEMENT_3D('',#18513,#15198,#15199);
#12376=AXIS2_PLACEMENT_3D('',#18514,#15200,#15201);
#12377=AXIS2_PLACEMENT_3D('',#18515,#15202,#15203);
#12378=AXIS2_PLACEMENT_3D('',#18516,#15204,#15205);
#12379=AXIS2_PLACEMENT_3D('',#18517,#15206,#15207);
#12380=AXIS2_PLACEMENT_3D('',#18518,#15208,#15209);
#12381=AXIS2_PLACEMENT_3D('',#18519,#15210,#15211);
#12382=AXIS2_PLACEMENT_3D('',#18520,#15212,#15213);
#12383=AXIS2_PLACEMENT_3D('',#18521,#15214,#15215);
#12384=AXIS2_PLACEMENT_3D('',#18522,#15216,#15217);
#12385=AXIS2_PLACEMENT_3D('',#18523,#15218,#15219);
#12386=AXIS2_PLACEMENT_3D('',#18524,#15220,#15221);
#12387=AXIS2_PLACEMENT_3D('',#18525,#15222,#15223);
#12388=AXIS2_PLACEMENT_3D('',#18526,#15224,#15225);
#12389=AXIS2_PLACEMENT_3D('',#18527,#15226,#15227);
#12390=AXIS2_PLACEMENT_3D('',#18528,#15228,#15229);
#12391=AXIS2_PLACEMENT_3D('',#18529,#15230,#15231);
#12392=AXIS2_PLACEMENT_3D('',#18530,#15232,#15233);
#12393=AXIS2_PLACEMENT_3D('',#18531,#15234,#15235);
#12394=AXIS2_PLACEMENT_3D('',#18532,#15236,#15237);
#12395=AXIS2_PLACEMENT_3D('',#18533,#15238,#15239);
#12396=AXIS2_PLACEMENT_3D('',#18534,#15240,#15241);
#12397=AXIS2_PLACEMENT_3D('',#18535,#15242,#15243);
#12398=AXIS2_PLACEMENT_3D('',#18536,#15244,#15245);
#12399=AXIS2_PLACEMENT_3D('',#18537,#15246,#15247);
#12400=AXIS2_PLACEMENT_3D('',#18538,#15248,#15249);
#12401=AXIS2_PLACEMENT_3D('',#18539,#15250,#15251);
#12402=AXIS2_PLACEMENT_3D('',#18540,#15252,#15253);
#12403=AXIS2_PLACEMENT_3D('',#18541,#15254,#15255);
#12404=AXIS2_PLACEMENT_3D('',#18542,#15256,#15257);
#12405=AXIS2_PLACEMENT_3D('',#18543,#15258,#15259);
#12406=AXIS2_PLACEMENT_3D('',#18544,#15260,#15261);
#12407=AXIS2_PLACEMENT_3D('',#18545,#15262,#15263);
#12408=AXIS2_PLACEMENT_3D('',#18546,#15264,#15265);
#12409=AXIS2_PLACEMENT_3D('',#18547,#15266,#15267);
#12410=AXIS2_PLACEMENT_3D('',#18548,#15268,#15269);
#12411=AXIS2_PLACEMENT_3D('',#18549,#15270,#15271);
#12412=AXIS2_PLACEMENT_3D('',#18550,#15272,#15273);
#12413=AXIS2_PLACEMENT_3D('',#18551,#15274,#15275);
#12414=AXIS2_PLACEMENT_3D('',#18552,#15276,#15277);
#12415=AXIS2_PLACEMENT_3D('',#18553,#15278,#15279);
#12416=AXIS2_PLACEMENT_3D('',#18554,#15280,#15281);
#12417=AXIS2_PLACEMENT_3D('',#18555,#15282,#15283);
#12418=AXIS2_PLACEMENT_3D('',#18556,#15284,#15285);
#12419=AXIS2_PLACEMENT_3D('',#18557,#15286,#15287);
#12420=AXIS2_PLACEMENT_3D('',#18558,#15288,#15289);
#12421=AXIS2_PLACEMENT_3D('',#18559,#15290,#15291);
#12422=AXIS2_PLACEMENT_3D('',#18560,#15292,#15293);
#12423=AXIS2_PLACEMENT_3D('',#18561,#15294,#15295);
#12424=AXIS2_PLACEMENT_3D('',#18562,#15296,#15297);
#12425=AXIS2_PLACEMENT_3D('',#18563,#15298,#15299);
#12426=AXIS2_PLACEMENT_3D('',#18564,#15300,#15301);
#12427=AXIS2_PLACEMENT_3D('',#18565,#15302,#15303);
#12428=AXIS2_PLACEMENT_3D('',#18566,#15304,#15305);
#12429=AXIS2_PLACEMENT_3D('',#18567,#15306,#15307);
#12430=AXIS2_PLACEMENT_3D('',#18568,#15308,#15309);
#12431=AXIS2_PLACEMENT_3D('',#18569,#15310,#15311);
#12432=AXIS2_PLACEMENT_3D('',#18570,#15312,#15313);
#12433=AXIS2_PLACEMENT_3D('',#18571,#15314,#15315);
#12434=AXIS2_PLACEMENT_3D('',#18572,#15316,#15317);
#12435=AXIS2_PLACEMENT_3D('',#18573,#15318,#15319);
#12436=AXIS2_PLACEMENT_3D('',#18574,#15320,#15321);
#12437=AXIS2_PLACEMENT_3D('',#18575,#15322,#15323);
#12438=AXIS2_PLACEMENT_3D('',#18576,#15324,#15325);
#12439=AXIS2_PLACEMENT_3D('',#18577,#15326,#15327);
#12440=AXIS2_PLACEMENT_3D('',#18578,#15328,#15329);
#12441=AXIS2_PLACEMENT_3D('',#18579,#15330,#15331);
#12442=AXIS2_PLACEMENT_3D('',#18580,#15332,#15333);
#12443=AXIS2_PLACEMENT_3D('',#18581,#15334,#15335);
#12444=AXIS2_PLACEMENT_3D('',#18582,#15336,#15337);
#12445=AXIS2_PLACEMENT_3D('',#18583,#15338,#15339);
#12446=AXIS2_PLACEMENT_3D('',#18584,#15340,#15341);
#12447=AXIS2_PLACEMENT_3D('',#18585,#15342,#15343);
#12448=AXIS2_PLACEMENT_3D('',#18586,#15344,#15345);
#12449=AXIS2_PLACEMENT_3D('',#18587,#15346,#15347);
#12450=AXIS2_PLACEMENT_3D('',#18588,#15348,#15349);
#12451=AXIS2_PLACEMENT_3D('',#18589,#15350,#15351);
#12452=AXIS2_PLACEMENT_3D('',#18590,#15352,#15353);
#12453=AXIS2_PLACEMENT_3D('',#18591,#15354,#15355);
#12454=AXIS2_PLACEMENT_3D('',#18592,#15356,#15357);
#12455=AXIS2_PLACEMENT_3D('',#18593,#15358,#15359);
#12456=AXIS2_PLACEMENT_3D('',#18594,#15360,#15361);
#12457=DIRECTION('axis',(0.,0.,1.));
#12458=DIRECTION('refdir',(1.,0.,0.));
#12459=DIRECTION('axis',(0.,0.,1.));
#12460=DIRECTION('refdir',(1.,0.,0.));
#12461=DIRECTION('axis',(0.,0.,1.));
#12462=DIRECTION('refdir',(1.,0.,0.));
#12463=DIRECTION('',(0.,0.,1.));
#12464=DIRECTION('',(1.,0.,0.));
#12465=DIRECTION('axis',(0.,0.,1.));
#12466=DIRECTION('refdir',(1.,0.,0.));
#12467=DIRECTION('axis',(0.,0.,1.));
#12468=DIRECTION('refdir',(1.,0.,0.));
#12469=DIRECTION('',(0.,0.,1.));
#12470=DIRECTION('',(1.,0.,0.));
#12471=DIRECTION('axis',(0.,0.,1.));
#12472=DIRECTION('refdir',(1.,0.,0.));
#12473=DIRECTION('axis',(0.,0.,1.));
#12474=DIRECTION('refdir',(1.,0.,0.));
#12475=DIRECTION('axis',(0.,0.,1.));
#12476=DIRECTION('refdir',(1.,0.,0.));
#12477=DIRECTION('axis',(0.,0.,1.));
#12478=DIRECTION('refdir',(1.,0.,0.));
#12479=DIRECTION('axis',(0.,0.,1.));
#12480=DIRECTION('refdir',(1.,0.,0.));
#12481=DIRECTION('axis',(0.,0.,1.));
#12482=DIRECTION('refdir',(1.,0.,0.));
#12483=DIRECTION('axis',(0.,0.,1.));
#12484=DIRECTION('refdir',(1.,0.,0.));
#12485=DIRECTION('axis',(0.,0.,1.));
#12486=DIRECTION('refdir',(1.,0.,0.));
#12487=DIRECTION('axis',(0.,0.,1.));
#12488=DIRECTION('refdir',(1.,0.,0.));
#12489=DIRECTION('',(-7.314265163694E-29,1.,-1.047444401653E-14));
#12490=DIRECTION('',(-1.,4.25994733154744E-43,6.982962677686E-15));
#12491=DIRECTION('',(6.982962677686E-15,1.,3.491481338843E-15));
#12492=DIRECTION('',(1.,-6.98296267768598E-15,-6.982962677686E-15));
#12493=DIRECTION('',(-6.982962677686E-15,1.,-3.491481338843E-15));
#12494=DIRECTION('',(-1.,-6.98296267768595E-15,1.396592535537E-14));
#12495=DIRECTION('',(0.,0.,1.));
#12496=DIRECTION('',(1.,0.,0.));
#12497=DIRECTION('',(2.094888803306E-14,1.,3.491481338843E-15));
#12498=DIRECTION('',(1.,-2.094888803306E-14,-6.982962677686E-15));
#12499=DIRECTION('',(-6.982962677686E-15,0.,-1.));
#12500=DIRECTION('',(-1.,0.,6.982962677686E-15));
#12501=DIRECTION('',(-6.982962677686E-15,1.,-3.491481338843E-15));
#12502=DIRECTION('',(-1.398187121637E-14,-3.4914813388431E-15,-1.));
#12503=DIRECTION('',(0.,0.,1.));
#12504=DIRECTION('',(1.,0.,0.));
#12505=DIRECTION('axis',(0.,0.,1.));
#12506=DIRECTION('refdir',(1.,0.,0.));
#12507=DIRECTION('axis',(0.,0.,1.));
#12508=DIRECTION('refdir',(1.,0.,0.));
#12509=DIRECTION('',(0.,0.,1.));
#12510=DIRECTION('',(1.,0.,0.));
#12511=DIRECTION('axis',(0.,0.,1.));
#12512=DIRECTION('refdir',(1.,0.,0.));
#12513=DIRECTION('axis',(0.,0.,1.));
#12514=DIRECTION('refdir',(1.,0.,0.));
#12515=DIRECTION('center_axis',(0.,-0.942990333582891,0.332820117735134));
#12516=DIRECTION('ref_axis',(0.,-0.332820117735134,-0.942990333582891));
#12517=DIRECTION('',(0.,-0.332820117735134,-0.942990333582891));
#12518=DIRECTION('',(-1.,5.28925924909364E-18,-1.86679738203303E-18));
#12519=DIRECTION('',(0.,-0.332820117735134,-0.942990333582891));
#12520=DIRECTION('',(1.,0.,0.));
#12521=DIRECTION('',(1.,0.,0.));
#12522=DIRECTION('center_axis',(0.,-0.332820117735134,-0.942990333582891));
#12523=DIRECTION('ref_axis',(1.,0.,0.));
#12524=DIRECTION('',(0.,0.942990333582891,-0.332820117735134));
#12525=DIRECTION('',(0.,-0.942990333582891,0.332820117735134));
#12526=DIRECTION('',(1.,0.,0.));
#12527=DIRECTION('',(-1.,0.,0.));
#12528=DIRECTION('center_axis',(0.,-0.0871557427476582,0.996194698091746));
#12529=DIRECTION('ref_axis',(1.,0.,0.));
#12530=DIRECTION('',(0.,0.996194698091746,0.0871557427476582));
#12531=DIRECTION('',(1.,-1.21485569525663E-15,-1.06286101154864E-16));
#12532=DIRECTION('',(0.,-0.996194698091745,-0.087155742747661));
#12533=DIRECTION('',(1.,-9.02039643622908E-15,-7.8918242867969E-16));
#12534=DIRECTION('',(1.,0.,0.));
#12535=DIRECTION('',(0.,0.996194698091746,0.0871557427476582));
#12536=DIRECTION('',(-1.,0.,0.));
#12537=DIRECTION('',(0.,-0.996194698091746,-0.0871557427476582));
#12538=DIRECTION('',(-1.,0.,0.));
#12539=DIRECTION('',(0.,-0.996194698091746,-0.0871557427476582));
#12540=DIRECTION('',(1.,0.,0.));
#12541=DIRECTION('',(0.,0.996194698091746,0.0871557427476582));
#12542=DIRECTION('',(1.,0.,0.));
#12543=DIRECTION('',(0.,0.996194698091746,0.0871557427476582));
#12544=DIRECTION('',(-1.,0.,0.));
#12545=DIRECTION('',(0.,-0.996194698091746,-0.0871557427476582));
#12546=DIRECTION('',(0.,-0.996194698091746,-0.0871557427476582));
#12547=DIRECTION('',(1.,0.,0.));
#12548=DIRECTION('',(0.,0.996194698091746,0.0871557427476582));
#12549=DIRECTION('',(-1.,0.,0.));
#12550=DIRECTION('',(1.,0.,0.));
#12551=DIRECTION('',(0.,0.996194698091746,0.0871557427476582));
#12552=DIRECTION('',(-1.,0.,0.));
#12553=DIRECTION('',(0.,-0.996194698091746,-0.0871557427476582));
#12554=DIRECTION('',(0.,0.996194698091746,0.0871557427476582));
#12555=DIRECTION('',(-1.,0.,0.));
#12556=DIRECTION('',(0.,-0.996194698091746,-0.0871557427476582));
#12557=DIRECTION('',(1.,0.,0.));
#12558=DIRECTION('',(-1.,0.,0.));
#12559=DIRECTION('',(0.,-0.996194698091746,-0.0871557427476582));
#12560=DIRECTION('',(1.,0.,0.));
#12561=DIRECTION('',(0.,0.996194698091746,0.0871557427476582));
#12562=DIRECTION('',(-1.,0.,0.));
#12563=DIRECTION('',(0.,-0.996194698091746,-0.0871557427476582));
#12564=DIRECTION('',(1.,0.,0.));
#12565=DIRECTION('',(0.,0.996194698091746,0.0871557427476582));
#12566=DIRECTION('',(-1.,0.,0.));
#12567=DIRECTION('',(0.,-0.996194698091746,-0.0871557427476582));
#12568=DIRECTION('',(1.,0.,0.));
#12569=DIRECTION('',(0.,0.996194698091746,0.0871557427476582));
#12570=DIRECTION('',(0.,0.996194698091746,0.0871557427476582));
#12571=DIRECTION('',(1.,0.,0.));
#12572=DIRECTION('',(0.,-0.996194698091746,-0.0871557427476582));
#12573=DIRECTION('',(1.,0.,0.));
#12574=DIRECTION('',(0.,-0.996194698091746,-0.0871557427476582));
#12575=DIRECTION('',(1.,0.,0.));
#12576=DIRECTION('',(0.,0.996194698091746,0.0871557427476582));
#12577=DIRECTION('',(1.,0.,0.));
#12578=DIRECTION('',(0.,0.996194698091746,0.0871557427476582));
#12579=DIRECTION('',(1.,0.,0.));
#12580=DIRECTION('',(0.,0.996194698091746,0.0871557427476582));
#12581=DIRECTION('',(-1.,0.,0.));
#12582=DIRECTION('',(0.,0.996194698091746,0.0871557427476582));
#12583=DIRECTION('',(-1.,0.,0.));
#12584=DIRECTION('',(0.,0.996194698091746,0.0871557427476582));
#12585=DIRECTION('',(-1.,0.,0.));
#12586=DIRECTION('',(0.,-0.996194698091746,-0.0871557427476582));
#12587=DIRECTION('',(-1.,0.,0.));
#12588=DIRECTION('',(0.,-0.996194698091746,-0.0871557427476582));
#12589=DIRECTION('',(-1.,0.,0.));
#12590=DIRECTION('',(0.,0.996194698091746,0.0871557427476582));
#12591=DIRECTION('',(-1.,0.,0.));
#12592=DIRECTION('',(0.,-0.996194698091746,-0.0871557427476582));
#12593=DIRECTION('',(-1.,0.,0.));
#12594=DIRECTION('',(0.,0.996194698091746,0.0871557427476582));
#12595=DIRECTION('',(-1.,0.,0.));
#12596=DIRECTION('',(0.,0.996194698091746,0.0871557427476582));
#12597=DIRECTION('',(-1.,0.,0.));
#12598=DIRECTION('',(0.,-0.996194698091746,-0.0871557427476582));
#12599=DIRECTION('',(-1.,0.,0.));
#12600=DIRECTION('',(0.,-0.996194698091746,-0.0871557427476582));
#12601=DIRECTION('',(-1.,0.,0.));
#12602=DIRECTION('',(0.,-0.996194698091746,-0.0871557427476582));
#12603=DIRECTION('',(1.,0.,0.));
#12604=DIRECTION('',(0.,-0.996194698091746,-0.0871557427476582));
#12605=DIRECTION('',(1.,0.,0.));
#12606=DIRECTION('',(0.,-0.996194698091746,-0.0871557427476582));
#12607=DIRECTION('',(1.,0.,0.));
#12608=DIRECTION('',(0.,0.996194698091746,0.0871557427476582));
#12609=DIRECTION('',(1.,0.,0.));
#12610=DIRECTION('',(0.,0.996194698091746,0.0871557427476582));
#12611=DIRECTION('',(1.,0.,0.));
#12612=DIRECTION('',(0.,-0.996194698091746,-0.0871557427476582));
#12613=DIRECTION('',(1.,0.,0.));
#12614=DIRECTION('',(0.,-0.996194698091746,-0.0871557427476582));
#12615=DIRECTION('',(1.,0.,0.));
#12616=DIRECTION('',(0.,0.996194698091746,0.0871557427476582));
#12617=DIRECTION('',(-1.,0.,0.));
#12618=DIRECTION('',(0.,-0.996194698091746,-0.0871557427476582));
#12619=DIRECTION('',(1.,0.,0.));
#12620=DIRECTION('',(0.,0.996194698091746,0.0871557427476582));
#12621=DIRECTION('',(1.,0.,0.));
#12622=DIRECTION('',(0.,-0.996194698091746,-0.0871557427476582));
#12623=DIRECTION('',(1.,0.,0.));
#12624=DIRECTION('',(0.,-0.996194698091746,-0.0871557427476582));
#12625=DIRECTION('',(1.,0.,0.));
#12626=DIRECTION('',(0.,0.996194698091746,0.0871557427476582));
#12627=DIRECTION('',(1.,0.,0.));
#12628=DIRECTION('',(0.,0.996194698091746,0.0871557427476582));
#12629=DIRECTION('',(1.,0.,0.));
#12630=DIRECTION('',(0.,0.996194698091746,0.0871557427476582));
#12631=DIRECTION('',(-1.,0.,0.));
#12632=DIRECTION('',(0.,0.996194698091746,0.0871557427476582));
#12633=DIRECTION('',(-1.,0.,0.));
#12634=DIRECTION('',(0.,0.996194698091746,0.0871557427476582));
#12635=DIRECTION('',(-1.,0.,0.));
#12636=DIRECTION('',(0.,-0.996194698091746,-0.0871557427476582));
#12637=DIRECTION('',(-1.,0.,0.));
#12638=DIRECTION('',(0.,-0.996194698091746,-0.0871557427476582));
#12639=DIRECTION('',(-1.,0.,0.));
#12640=DIRECTION('',(0.,0.996194698091746,0.0871557427476582));
#12641=DIRECTION('',(-1.,0.,0.));
#12642=DIRECTION('',(0.,-0.996194698091746,-0.0871557427476582));
#12643=DIRECTION('',(-1.,0.,0.));
#12644=DIRECTION('',(0.,0.996194698091746,0.0871557427476582));
#12645=DIRECTION('',(-1.,0.,0.));
#12646=DIRECTION('',(0.,0.996194698091746,0.0871557427476582));
#12647=DIRECTION('',(-1.,0.,0.));
#12648=DIRECTION('',(0.,-0.996194698091746,-0.0871557427476582));
#12649=DIRECTION('',(-1.,0.,0.));
#12650=DIRECTION('',(0.,-0.996194698091746,-0.0871557427476582));
#12651=DIRECTION('',(-1.,0.,0.));
#12652=DIRECTION('',(0.,-0.996194698091746,-0.0871557427476582));
#12653=DIRECTION('',(1.,0.,0.));
#12654=DIRECTION('',(0.,-0.996194698091746,-0.0871557427476582));
#12655=DIRECTION('',(1.,0.,0.));
#12656=DIRECTION('',(0.,-0.996194698091746,-0.0871557427476582));
#12657=DIRECTION('',(1.,0.,0.));
#12658=DIRECTION('',(0.,0.996194698091746,0.0871557427476582));
#12659=DIRECTION('',(1.,0.,0.));
#12660=DIRECTION('',(0.,0.996194698091746,0.0871557427476582));
#12661=DIRECTION('',(1.,0.,0.));
#12662=DIRECTION('',(-1.,0.,0.));
#12663=DIRECTION('',(0.,-0.996194698091746,-0.0871557427476582));
#12664=DIRECTION('',(1.,0.,0.));
#12665=DIRECTION('',(0.,0.996194698091746,0.0871557427476582));
#12666=DIRECTION('',(1.,0.,0.));
#12667=DIRECTION('',(0.,0.996194698091746,0.0871557427476582));
#12668=DIRECTION('',(-1.,0.,0.));
#12669=DIRECTION('',(0.,-0.996194698091746,-0.0871557427476582));
#12670=DIRECTION('',(0.,-0.996194698091746,-0.0871557427476582));
#12671=DIRECTION('',(1.,0.,0.));
#12672=DIRECTION('',(0.,0.996194698091746,0.0871557427476582));
#12673=DIRECTION('',(-1.,0.,0.));
#12674=DIRECTION('',(0.,-0.996194698091746,-0.0871557427476582));
#12675=DIRECTION('',(1.,0.,0.));
#12676=DIRECTION('',(0.,0.996194698091746,0.0871557427476582));
#12677=DIRECTION('',(1.,0.,0.));
#12678=DIRECTION('',(0.,-0.996194698091746,-0.0871557427476582));
#12679=DIRECTION('',(1.,0.,0.));
#12680=DIRECTION('',(0.,-0.996194698091746,-0.0871557427476582));
#12681=DIRECTION('',(1.,0.,0.));
#12682=DIRECTION('',(0.,0.996194698091746,0.0871557427476582));
#12683=DIRECTION('',(1.,0.,0.));
#12684=DIRECTION('',(0.,0.996194698091746,0.0871557427476582));
#12685=DIRECTION('',(1.,0.,0.));
#12686=DIRECTION('',(0.,0.996194698091746,0.0871557427476582));
#12687=DIRECTION('',(-1.,0.,0.));
#12688=DIRECTION('',(0.,0.996194698091746,0.0871557427476582));
#12689=DIRECTION('',(-1.,0.,0.));
#12690=DIRECTION('',(0.,0.996194698091746,0.0871557427476582));
#12691=DIRECTION('',(-1.,0.,0.));
#12692=DIRECTION('',(0.,-0.996194698091746,-0.0871557427476582));
#12693=DIRECTION('',(-1.,0.,0.));
#12694=DIRECTION('',(0.,-0.996194698091746,-0.0871557427476582));
#12695=DIRECTION('',(-1.,0.,0.));
#12696=DIRECTION('',(0.,0.996194698091746,0.0871557427476582));
#12697=DIRECTION('',(-1.,0.,0.));
#12698=DIRECTION('',(0.,-0.996194698091746,-0.0871557427476582));
#12699=DIRECTION('',(-1.,0.,0.));
#12700=DIRECTION('',(0.,0.996194698091746,0.0871557427476582));
#12701=DIRECTION('',(-1.,0.,0.));
#12702=DIRECTION('',(0.,0.996194698091746,0.0871557427476582));
#12703=DIRECTION('',(-1.,0.,0.));
#12704=DIRECTION('',(0.,-0.996194698091746,-0.0871557427476582));
#12705=DIRECTION('',(-1.,0.,0.));
#12706=DIRECTION('',(0.,-0.996194698091746,-0.0871557427476582));
#12707=DIRECTION('',(-1.,0.,0.));
#12708=DIRECTION('',(0.,-0.996194698091746,-0.0871557427476582));
#12709=DIRECTION('',(1.,0.,0.));
#12710=DIRECTION('',(0.,-0.996194698091746,-0.0871557427476582));
#12711=DIRECTION('',(1.,0.,0.));
#12712=DIRECTION('',(0.,-0.996194698091746,-0.0871557427476582));
#12713=DIRECTION('',(1.,0.,0.));
#12714=DIRECTION('',(0.,0.996194698091746,0.0871557427476582));
#12715=DIRECTION('',(1.,0.,0.));
#12716=DIRECTION('',(0.,0.996194698091746,0.0871557427476582));
#12717=DIRECTION('',(1.,0.,0.));
#12718=DIRECTION('',(0.,0.996194698091746,0.0871557427476582));
#12719=DIRECTION('',(-1.,0.,0.));
#12720=DIRECTION('',(0.,-0.996194698091746,-0.0871557427476582));
#12721=DIRECTION('',(1.,0.,0.));
#12722=DIRECTION('',(0.,-0.996194698091746,-0.0871557427476582));
#12723=DIRECTION('',(1.,0.,0.));
#12724=DIRECTION('',(0.,0.996194698091746,0.0871557427476582));
#12725=DIRECTION('',(-1.,0.,0.));
#12726=DIRECTION('',(1.,0.,0.));
#12727=DIRECTION('',(0.,0.996194698091746,0.0871557427476582));
#12728=DIRECTION('',(-1.,0.,0.));
#12729=DIRECTION('',(0.,-0.996194698091746,-0.0871557427476582));
#12730=DIRECTION('',(-1.,0.,0.));
#12731=DIRECTION('',(0.,-0.996194698091746,-0.0871557427476582));
#12732=DIRECTION('',(1.,0.,0.));
#12733=DIRECTION('',(0.,0.996194698091746,0.0871557427476582));
#12734=DIRECTION('',(1.,0.,0.));
#12735=DIRECTION('',(0.,0.996194698091746,0.0871557427476582));
#12736=DIRECTION('',(-1.,0.,0.));
#12737=DIRECTION('',(0.,-0.996194698091746,-0.0871557427476582));
#12738=DIRECTION('',(-1.,0.,0.));
#12739=DIRECTION('',(0.,-0.996194698091746,-0.0871557427476582));
#12740=DIRECTION('',(1.,0.,0.));
#12741=DIRECTION('',(0.,0.996194698091746,0.0871557427476582));
#12742=DIRECTION('',(-1.,0.,0.));
#12743=DIRECTION('',(0.,-0.996194698091746,-0.0871557427476582));
#12744=DIRECTION('',(1.,0.,0.));
#12745=DIRECTION('',(0.,0.996194698091746,0.0871557427476582));
#12746=DIRECTION('',(0.,0.996194698091746,0.0871557427476582));
#12747=DIRECTION('',(-1.,0.,0.));
#12748=DIRECTION('',(0.,-0.996194698091746,-0.0871557427476582));
#12749=DIRECTION('',(1.,0.,0.));
#12750=DIRECTION('',(0.,0.996194698091746,0.0871557427476582));
#12751=DIRECTION('',(-1.,0.,0.));
#12752=DIRECTION('',(0.,-0.996194698091746,-0.0871557427476582));
#12753=DIRECTION('',(1.,0.,0.));
#12754=DIRECTION('',(-1.,0.,0.));
#12755=DIRECTION('',(0.,-0.996194698091746,-0.0871557427476582));
#12756=DIRECTION('',(1.,0.,0.));
#12757=DIRECTION('',(0.,0.996194698091746,0.0871557427476582));
#12758=DIRECTION('',(-1.,0.,0.));
#12759=DIRECTION('',(0.,-0.996194698091746,-0.0871557427476582));
#12760=DIRECTION('',(1.,0.,0.));
#12761=DIRECTION('',(0.,0.996194698091746,0.0871557427476582));
#12762=DIRECTION('',(0.,0.996194698091746,0.0871557427476582));
#12763=DIRECTION('',(-1.,0.,0.));
#12764=DIRECTION('',(0.,-0.996194698091746,-0.0871557427476582));
#12765=DIRECTION('',(1.,0.,0.));
#12766=DIRECTION('',(0.,0.996194698091746,0.0871557427476582));
#12767=DIRECTION('',(-1.,0.,0.));
#12768=DIRECTION('',(0.,-0.996194698091746,-0.0871557427476582));
#12769=DIRECTION('',(1.,0.,0.));
#12770=DIRECTION('',(0.,0.996194698091746,0.0871557427476582));
#12771=DIRECTION('',(-1.,0.,0.));
#12772=DIRECTION('',(0.,-0.996194698091746,-0.0871557427476582));
#12773=DIRECTION('',(1.,0.,0.));
#12774=DIRECTION('',(0.,0.996194698091746,0.0871557427476582));
#12775=DIRECTION('',(-1.,0.,0.));
#12776=DIRECTION('',(0.,-0.996194698091746,-0.0871557427476582));
#12777=DIRECTION('',(1.,0.,0.));
#12778=DIRECTION('',(1.,0.,0.));
#12779=DIRECTION('',(0.,0.996194698091746,0.0871557427476582));
#12780=DIRECTION('',(-1.,0.,0.));
#12781=DIRECTION('',(0.,-0.996194698091746,-0.0871557427476582));
#12782=DIRECTION('',(-1.,0.,0.));
#12783=DIRECTION('',(0.,-0.996194698091746,-0.0871557427476582));
#12784=DIRECTION('',(1.,0.,0.));
#12785=DIRECTION('',(0.,0.996194698091746,0.0871557427476582));
#12786=DIRECTION('',(-1.,0.,0.));
#12787=DIRECTION('',(0.,-0.996194698091746,-0.0871557427476582));
#12788=DIRECTION('',(1.,0.,0.));
#12789=DIRECTION('',(0.,0.996194698091746,0.0871557427476582));
#12790=DIRECTION('',(-1.,0.,0.));
#12791=DIRECTION('',(0.,-0.996194698091746,-0.0871557427476582));
#12792=DIRECTION('',(1.,0.,0.));
#12793=DIRECTION('',(0.,0.996194698091746,0.0871557427476582));
#12794=DIRECTION('',(1.,0.,0.));
#12795=DIRECTION('',(0.,0.996194698091746,0.0871557427476582));
#12796=DIRECTION('',(-1.,0.,0.));
#12797=DIRECTION('',(0.,-0.996194698091746,-0.0871557427476582));
#12798=DIRECTION('',(1.,0.,0.));
#12799=DIRECTION('',(0.,0.996194698091746,0.0871557427476582));
#12800=DIRECTION('',(-1.,0.,0.));
#12801=DIRECTION('',(0.,-0.996194698091746,-0.0871557427476582));
#12802=DIRECTION('',(-1.,0.,0.));
#12803=DIRECTION('',(0.,-0.996194698091746,-0.0871557427476582));
#12804=DIRECTION('',(1.,0.,0.));
#12805=DIRECTION('',(0.,0.996194698091746,0.0871557427476582));
#12806=DIRECTION('',(-1.,0.,0.));
#12807=DIRECTION('',(0.,-0.996194698091746,-0.0871557427476582));
#12808=DIRECTION('',(1.,0.,0.));
#12809=DIRECTION('',(0.,0.996194698091746,0.0871557427476582));
#12810=DIRECTION('',(-1.,0.,0.));
#12811=DIRECTION('',(0.,-0.996194698091746,-0.0871557427476582));
#12812=DIRECTION('',(1.,0.,0.));
#12813=DIRECTION('',(0.,0.996194698091746,0.0871557427476582));
#12814=DIRECTION('',(-1.,0.,0.));
#12815=DIRECTION('',(0.,-0.996194698091746,-0.0871557427476582));
#12816=DIRECTION('',(1.,0.,0.));
#12817=DIRECTION('',(0.,0.996194698091746,0.0871557427476582));
#12818=DIRECTION('',(0.,-0.996194698091746,-0.0871557427476582));
#12819=DIRECTION('',(1.,0.,0.));
#12820=DIRECTION('',(0.,0.996194698091746,0.0871557427476582));
#12821=DIRECTION('',(-1.,0.,0.));
#12822=DIRECTION('',(0.,0.996194698091746,0.0871557427476582));
#12823=DIRECTION('',(-1.,0.,0.));
#12824=DIRECTION('',(0.,-0.996194698091746,-0.0871557427476582));
#12825=DIRECTION('',(1.,0.,0.));
#12826=DIRECTION('',(0.,-0.996194698091746,-0.0871557427476582));
#12827=DIRECTION('',(1.,0.,0.));
#12828=DIRECTION('',(0.,0.996194698091746,0.0871557427476582));
#12829=DIRECTION('',(-1.,0.,0.));
#12830=DIRECTION('',(-1.,0.,0.));
#12831=DIRECTION('',(0.,-0.996194698091746,-0.0871557427476582));
#12832=DIRECTION('',(1.,0.,0.));
#12833=DIRECTION('',(0.,0.996194698091746,0.0871557427476582));
#12834=DIRECTION('',(-1.,0.,0.));
#12835=DIRECTION('',(0.,-0.996194698091746,-0.0871557427476582));
#12836=DIRECTION('',(1.,0.,0.));
#12837=DIRECTION('',(0.,0.996194698091746,0.0871557427476582));
#12838=DIRECTION('',(-1.,0.,0.));
#12839=DIRECTION('',(0.,-0.996194698091746,-0.0871557427476582));
#12840=DIRECTION('',(1.,0.,0.));
#12841=DIRECTION('',(0.,0.996194698091746,0.0871557427476582));
#12842=DIRECTION('',(0.,-0.996194698091746,-0.0871557427476582));
#12843=DIRECTION('',(1.,0.,0.));
#12844=DIRECTION('',(0.,0.996194698091746,0.0871557427476582));
#12845=DIRECTION('',(-1.,0.,0.));
#12846=DIRECTION('',(0.,-0.996194698091746,-0.0871557427476582));
#12847=DIRECTION('',(1.,0.,0.));
#12848=DIRECTION('',(0.,0.996194698091746,0.0871557427476582));
#12849=DIRECTION('',(-1.,0.,0.));
#12850=DIRECTION('',(1.,0.,0.));
#12851=DIRECTION('',(0.,0.996194698091746,0.0871557427476582));
#12852=DIRECTION('',(-1.,0.,0.));
#12853=DIRECTION('',(0.,-0.996194698091746,-0.0871557427476582));
#12854=DIRECTION('',(-1.,0.,0.));
#12855=DIRECTION('',(0.,-0.996194698091746,-0.0871557427476582));
#12856=DIRECTION('',(1.,0.,0.));
#12857=DIRECTION('',(0.,0.996194698091746,0.0871557427476582));
#12858=DIRECTION('',(0.,0.996194698091746,0.0871557427476582));
#12859=DIRECTION('',(-1.,0.,0.));
#12860=DIRECTION('',(0.,-0.996194698091746,-0.0871557427476582));
#12861=DIRECTION('',(1.,0.,0.));
#12862=DIRECTION('',(1.,0.,0.));
#12863=DIRECTION('',(0.,0.996194698091746,0.0871557427476582));
#12864=DIRECTION('',(-1.,0.,0.));
#12865=DIRECTION('',(0.,-0.996194698091746,-0.0871557427476582));
#12866=DIRECTION('',(0.,0.996194698091746,0.0871557427476582));
#12867=DIRECTION('',(-1.,0.,0.));
#12868=DIRECTION('',(0.,-0.996194698091746,-0.0871557427476582));
#12869=DIRECTION('',(1.,0.,0.));
#12870=DIRECTION('',(-1.,0.,0.));
#12871=DIRECTION('',(0.,-0.996194698091746,-0.0871557427476582));
#12872=DIRECTION('',(1.,0.,0.));
#12873=DIRECTION('',(0.,0.996194698091746,0.0871557427476582));
#12874=DIRECTION('',(0.,0.996194698091746,0.0871557427476582));
#12875=DIRECTION('',(1.,0.,0.));
#12876=DIRECTION('',(0.,-0.996194698091746,-0.0871557427476582));
#12877=DIRECTION('',(1.,0.,0.));
#12878=DIRECTION('',(0.,0.996194698091746,0.0871557427476582));
#12879=DIRECTION('',(1.,0.,0.));
#12880=DIRECTION('',(0.,-0.996194698091746,-0.0871557427476582));
#12881=DIRECTION('',(1.,0.,0.));
#12882=DIRECTION('',(0.,-0.996194698091746,-0.0871557427476582));
#12883=DIRECTION('',(1.,0.,0.));
#12884=DIRECTION('',(0.,0.996194698091746,0.0871557427476582));
#12885=DIRECTION('',(1.,0.,0.));
#12886=DIRECTION('',(0.,0.996194698091746,0.0871557427476582));
#12887=DIRECTION('',(1.,0.,0.));
#12888=DIRECTION('',(0.,0.996194698091746,0.0871557427476582));
#12889=DIRECTION('',(-1.,0.,0.));
#12890=DIRECTION('',(0.,0.996194698091746,0.0871557427476582));
#12891=DIRECTION('',(-1.,0.,0.));
#12892=DIRECTION('',(0.,0.996194698091746,0.0871557427476582));
#12893=DIRECTION('',(-1.,0.,0.));
#12894=DIRECTION('',(0.,-0.996194698091746,-0.0871557427476582));
#12895=DIRECTION('',(-1.,0.,0.));
#12896=DIRECTION('',(0.,-0.996194698091746,-0.0871557427476582));
#12897=DIRECTION('',(-1.,0.,0.));
#12898=DIRECTION('',(0.,0.996194698091746,0.0871557427476582));
#12899=DIRECTION('',(-1.,0.,0.));
#12900=DIRECTION('',(0.,-0.996194698091746,-0.0871557427476582));
#12901=DIRECTION('',(-1.,0.,0.));
#12902=DIRECTION('',(0.,0.996194698091746,0.0871557427476582));
#12903=DIRECTION('',(-1.,0.,0.));
#12904=DIRECTION('',(0.,0.996194698091746,0.0871557427476582));
#12905=DIRECTION('',(-1.,0.,0.));
#12906=DIRECTION('',(0.,-0.996194698091746,-0.0871557427476582));
#12907=DIRECTION('',(-1.,0.,0.));
#12908=DIRECTION('',(0.,-0.996194698091746,-0.0871557427476582));
#12909=DIRECTION('',(-1.,0.,0.));
#12910=DIRECTION('',(0.,-0.996194698091746,-0.0871557427476582));
#12911=DIRECTION('',(1.,0.,0.));
#12912=DIRECTION('',(0.,-0.996194698091746,-0.0871557427476582));
#12913=DIRECTION('',(1.,0.,0.));
#12914=DIRECTION('',(0.,-0.996194698091746,-0.0871557427476582));
#12915=DIRECTION('',(1.,0.,0.));
#12916=DIRECTION('',(0.,0.996194698091746,0.0871557427476582));
#12917=DIRECTION('',(1.,0.,0.));
#12918=DIRECTION('',(0.,-0.996194698091746,-0.0871557427476582));
#12919=DIRECTION('',(1.,0.,0.));
#12920=DIRECTION('',(0.,0.996194698091746,0.0871557427476582));
#12921=DIRECTION('',(-1.,0.,0.));
#12922=DIRECTION('',(-1.,0.,0.));
#12923=DIRECTION('',(0.,-0.996194698091746,-0.0871557427476582));
#12924=DIRECTION('',(1.,0.,0.));
#12925=DIRECTION('',(0.,0.996194698091746,0.0871557427476582));
#12926=DIRECTION('',(-1.,0.,0.));
#12927=DIRECTION('',(0.,-0.996194698091746,-0.0871557427476582));
#12928=DIRECTION('',(1.,0.,0.));
#12929=DIRECTION('',(0.,0.996194698091746,0.0871557427476582));
#12930=DIRECTION('',(0.,-0.996194698091746,-0.0871557427476582));
#12931=DIRECTION('',(1.,0.,0.));
#12932=DIRECTION('',(0.,0.996194698091746,0.0871557427476582));
#12933=DIRECTION('',(-1.,0.,0.));
#12934=DIRECTION('',(0.,-0.996194698091746,-0.0871557427476582));
#12935=DIRECTION('',(1.,0.,0.));
#12936=DIRECTION('',(0.,0.996194698091746,0.0871557427476582));
#12937=DIRECTION('',(-1.,0.,0.));
#12938=DIRECTION('',(0.,-0.996194698091746,-0.0871557427476582));
#12939=DIRECTION('',(1.,0.,0.));
#12940=DIRECTION('',(0.,0.996194698091746,0.0871557427476582));
#12941=DIRECTION('',(-1.,0.,0.));
#12942=DIRECTION('center_axis',(-1.11022302462516E-15,-0.942990333582891,
0.332820117735134));
#12943=DIRECTION('ref_axis',(1.,-1.04692958034268E-15,3.69504557768001E-16));
#12944=DIRECTION('',(0.,0.332820117735134,0.942990333582891));
#12945=DIRECTION('',(0.,-0.332820117735134,-0.942990333582891));
#12946=DIRECTION('center_axis',(-1.,1.26415445860199E-47,1.11118434583536E-48));
#12947=DIRECTION('ref_axis',(0.,-0.997371645685309,0.0724555062295406));
#12948=DIRECTION('center_axis',(-1.,0.,0.));
#12949=DIRECTION('ref_axis',(0.,-0.997371645685309,0.0724555062295406));
#12950=DIRECTION('',(-1.,1.26415445860199E-47,1.11118434583536E-48));
#12951=DIRECTION('center_axis',(1.,0.,0.));
#12952=DIRECTION('ref_axis',(0.,-0.997371645685309,0.0724555062295406));
#12953=DIRECTION('',(-1.,-7.41081352838033E-35,8.43101596857775E-34));
#12954=DIRECTION('center_axis',(1.,7.85830960993086E-31,6.90740800213558E-32));
#12955=DIRECTION('ref_axis',(0.,0.987303388185706,0.158845899150795));
#12956=DIRECTION('center_axis',(1.,0.,0.));
#12957=DIRECTION('ref_axis',(0.,0.987303388185706,0.158845899150795));
#12958=DIRECTION('',(1.,7.85830960993086E-31,6.90740800213558E-32));
#12959=DIRECTION('center_axis',(-1.,0.,0.));
#12960=DIRECTION('ref_axis',(0.,0.987303388185706,0.158845899150795));
#12961=DIRECTION('',(1.,4.00506781106547E-15,-4.55642157787552E-14));
#12962=DIRECTION('center_axis',(0.,0.,-1.));
#12963=DIRECTION('ref_axis',(0.,1.,0.));
#12964=DIRECTION('',(0.,1.,0.));
#12965=DIRECTION('',(1.,0.,0.));
#12966=DIRECTION('',(0.,1.,0.));
#12967=DIRECTION('center_axis',(-1.,0.,0.));
#12968=DIRECTION('ref_axis',(0.,-0.996194698091746,-0.0871557427476582));
#12969=DIRECTION('',(0.,-0.0871557427476582,0.996194698091746));
#12970=DIRECTION('',(0.,-0.996194698091746,-0.0871557427476582));
#12971=DIRECTION('',(0.,-0.0871557427476582,0.996194698091746));
#12972=DIRECTION('center_axis',(0.,0.996194698091746,0.0871557427476582));
#12973=DIRECTION('ref_axis',(-1.,0.,0.));
#12974=DIRECTION('',(0.,-0.0871557427476582,0.996194698091746));
#12975=DIRECTION('',(-1.,0.,0.));
#12976=DIRECTION('center_axis',(1.,0.,0.));
#12977=DIRECTION('ref_axis',(0.,0.996194698091746,0.0871557427476582));
#12978=DIRECTION('',(0.,-0.0871557427476582,0.996194698091746));
#12979=DIRECTION('',(0.,0.996194698091746,0.0871557427476582));
#12980=DIRECTION('center_axis',(0.,-0.996194698091746,-0.0871557427476582));
#12981=DIRECTION('ref_axis',(1.,0.,0.));
#12982=DIRECTION('',(1.,0.,0.));
#12983=DIRECTION('center_axis',(-1.,0.,0.));
#12984=DIRECTION('ref_axis',(0.,-0.996194698091746,-0.0871557427476582));
#12985=DIRECTION('',(0.,-0.0871557427476582,0.996194698091746));
#12986=DIRECTION('',(0.,-0.996194698091746,-0.0871557427476582));
#12987=DIRECTION('',(0.,-0.0871557427476582,0.996194698091746));
#12988=DIRECTION('center_axis',(0.,0.996194698091746,0.0871557427476582));
#12989=DIRECTION('ref_axis',(-1.,0.,0.));
#12990=DIRECTION('',(0.,-0.0871557427476582,0.996194698091746));
#12991=DIRECTION('',(-1.,0.,0.));
#12992=DIRECTION('center_axis',(1.,0.,0.));
#12993=DIRECTION('ref_axis',(0.,0.996194698091746,0.0871557427476582));
#12994=DIRECTION('',(0.,-0.0871557427476582,0.996194698091746));
#12995=DIRECTION('',(0.,0.996194698091746,0.0871557427476582));
#12996=DIRECTION('center_axis',(0.,-0.996194698091746,-0.0871557427476582));
#12997=DIRECTION('ref_axis',(1.,0.,0.));
#12998=DIRECTION('',(1.,0.,0.));
#12999=DIRECTION('center_axis',(-1.,0.,0.));
#13000=DIRECTION('ref_axis',(0.,-0.996194698091746,-0.0871557427476582));
#13001=DIRECTION('',(0.,-0.0871557427476582,0.996194698091746));
#13002=DIRECTION('',(0.,-0.996194698091746,-0.0871557427476582));
#13003=DIRECTION('',(0.,-0.0871557427476582,0.996194698091746));
#13004=DIRECTION('center_axis',(0.,0.996194698091746,0.0871557427476582));
#13005=DIRECTION('ref_axis',(-1.,0.,0.));
#13006=DIRECTION('',(0.,-0.0871557427476582,0.996194698091746));
#13007=DIRECTION('',(-1.,0.,0.));
#13008=DIRECTION('center_axis',(1.,0.,0.));
#13009=DIRECTION('ref_axis',(0.,0.996194698091746,0.0871557427476582));
#13010=DIRECTION('',(0.,-0.0871557427476582,0.996194698091746));
#13011=DIRECTION('',(0.,0.996194698091746,0.0871557427476582));
#13012=DIRECTION('center_axis',(0.,-0.996194698091746,-0.0871557427476582));
#13013=DIRECTION('ref_axis',(1.,0.,0.));
#13014=DIRECTION('',(1.,0.,0.));
#13015=DIRECTION('center_axis',(0.,0.996194698091746,0.0871557427476582));
#13016=DIRECTION('ref_axis',(-1.,0.,0.));
#13017=DIRECTION('',(0.,-0.0871557427476582,0.996194698091746));
#13018=DIRECTION('',(-1.,0.,0.));
#13019=DIRECTION('',(0.,-0.0871557427476582,0.996194698091746));
#13020=DIRECTION('center_axis',(1.,0.,0.));
#13021=DIRECTION('ref_axis',(0.,0.996194698091746,0.0871557427476582));
#13022=DIRECTION('',(0.,-0.0871557427476582,0.996194698091746));
#13023=DIRECTION('',(0.,0.996194698091746,0.0871557427476582));
#13024=DIRECTION('center_axis',(0.,-0.996194698091746,-0.0871557427476582));
#13025=DIRECTION('ref_axis',(1.,0.,0.));
#13026=DIRECTION('',(0.,-0.0871557427476582,0.996194698091746));
#13027=DIRECTION('',(1.,0.,0.));
#13028=DIRECTION('center_axis',(-1.,0.,0.));
#13029=DIRECTION('ref_axis',(0.,-0.996194698091746,-0.0871557427476582));
#13030=DIRECTION('',(0.,-0.996194698091746,-0.0871557427476582));
#13031=DIRECTION('center_axis',(0.,0.996194698091746,0.0871557427476582));
#13032=DIRECTION('ref_axis',(-1.,0.,0.));
#13033=DIRECTION('',(0.,-0.0871557427476582,0.996194698091746));
#13034=DIRECTION('',(-1.,0.,0.));
#13035=DIRECTION('',(0.,-0.0871557427476582,0.996194698091746));
#13036=DIRECTION('center_axis',(1.,0.,0.));
#13037=DIRECTION('ref_axis',(0.,0.996194698091746,0.0871557427476582));
#13038=DIRECTION('',(0.,-0.0871557427476582,0.996194698091746));
#13039=DIRECTION('',(0.,0.996194698091746,0.0871557427476582));
#13040=DIRECTION('center_axis',(0.,-0.996194698091746,-0.0871557427476582));
#13041=DIRECTION('ref_axis',(1.,0.,0.));
#13042=DIRECTION('',(0.,-0.0871557427476582,0.996194698091746));
#13043=DIRECTION('',(1.,0.,0.));
#13044=DIRECTION('center_axis',(-1.,0.,0.));
#13045=DIRECTION('ref_axis',(0.,-0.996194698091746,-0.0871557427476582));
#13046=DIRECTION('',(0.,-0.996194698091746,-0.0871557427476582));
#13047=DIRECTION('center_axis',(-1.,0.,0.));
#13048=DIRECTION('ref_axis',(0.,-0.996194698091746,-0.0871557427476582));
#13049=DIRECTION('',(0.,-0.0871557427476582,0.996194698091746));
#13050=DIRECTION('',(0.,-0.996194698091746,-0.0871557427476582));
#13051=DIRECTION('',(0.,-0.0871557427476582,0.996194698091746));
#13052=DIRECTION('center_axis',(0.,0.996194698091746,0.0871557427476582));
#13053=DIRECTION('ref_axis',(-1.,0.,0.));
#13054=DIRECTION('',(0.,-0.0871557427476582,0.996194698091746));
#13055=DIRECTION('',(-1.,0.,0.));
#13056=DIRECTION('center_axis',(1.,0.,0.));
#13057=DIRECTION('ref_axis',(0.,0.996194698091746,0.0871557427476582));
#13058=DIRECTION('',(0.,-0.0871557427476582,0.996194698091746));
#13059=DIRECTION('',(0.,0.996194698091746,0.0871557427476582));
#13060=DIRECTION('center_axis',(0.,-0.996194698091746,-0.0871557427476582));
#13061=DIRECTION('ref_axis',(1.,0.,0.));
#13062=DIRECTION('',(1.,0.,0.));
#13063=DIRECTION('center_axis',(1.,0.,0.));
#13064=DIRECTION('ref_axis',(0.,0.996194698091746,0.0871557427476582));
#13065=DIRECTION('',(0.,-0.0871557427476582,0.996194698091746));
#13066=DIRECTION('',(0.,0.996194698091746,0.0871557427476582));
#13067=DIRECTION('',(0.,-0.0871557427476582,0.996194698091746));
#13068=DIRECTION('center_axis',(0.,-0.996194698091746,-0.0871557427476582));
#13069=DIRECTION('ref_axis',(1.,0.,0.));
#13070=DIRECTION('',(0.,-0.0871557427476582,0.996194698091746));
#13071=DIRECTION('',(1.,0.,0.));
#13072=DIRECTION('center_axis',(1.,0.,0.));
#13073=DIRECTION('ref_axis',(0.,0.996194698091746,0.0871557427476582));
#13074=DIRECTION('',(0.,-0.0871557427476582,0.996194698091746));
#13075=DIRECTION('',(0.,0.996194698091746,0.0871557427476582));
#13076=DIRECTION('center_axis',(0.,-0.996194698091746,-0.0871557427476582));
#13077=DIRECTION('ref_axis',(1.,0.,0.));
#13078=DIRECTION('',(0.,-0.0871557427476582,0.996194698091746));
#13079=DIRECTION('',(1.,0.,0.));
#13080=DIRECTION('center_axis',(-1.,0.,0.));
#13081=DIRECTION('ref_axis',(0.,-0.996194698091746,-0.0871557427476582));
#13082=DIRECTION('',(0.,-0.0871557427476582,0.996194698091746));
#13083=DIRECTION('',(0.,-0.996194698091746,-0.0871557427476582));
#13084=DIRECTION('center_axis',(0.,-0.996194698091746,-0.0871557427476582));
#13085=DIRECTION('ref_axis',(1.,0.,0.));
#13086=DIRECTION('',(0.,-0.0871557427476582,0.996194698091746));
#13087=DIRECTION('',(1.,0.,0.));
#13088=DIRECTION('center_axis',(-1.,0.,0.));
#13089=DIRECTION('ref_axis',(0.,-0.996194698091746,-0.0871557427476582));
#13090=DIRECTION('',(0.,-0.0871557427476582,0.996194698091746));
#13091=DIRECTION('',(0.,-0.996194698091746,-0.0871557427476582));
#13092=DIRECTION('center_axis',(0.,-0.996194698091746,-0.0871557427476582));
#13093=DIRECTION('ref_axis',(1.,0.,0.));
#13094=DIRECTION('',(0.,-0.0871557427476582,0.996194698091746));
#13095=DIRECTION('',(1.,0.,0.));
#13096=DIRECTION('center_axis',(-1.,0.,0.));
#13097=DIRECTION('ref_axis',(0.,-0.996194698091746,-0.0871557427476582));
#13098=DIRECTION('',(0.,-0.0871557427476582,0.996194698091746));
#13099=DIRECTION('',(0.,-0.996194698091746,-0.0871557427476582));
#13100=DIRECTION('center_axis',(0.,0.996194698091746,0.0871557427476582));
#13101=DIRECTION('ref_axis',(-1.,0.,0.));
#13102=DIRECTION('',(0.,-0.0871557427476582,0.996194698091746));
#13103=DIRECTION('',(-1.,0.,0.));
#13104=DIRECTION('center_axis',(-1.,0.,0.));
#13105=DIRECTION('ref_axis',(0.,-0.996194698091746,-0.0871557427476582));
#13106=DIRECTION('',(0.,-0.0871557427476582,0.996194698091746));
#13107=DIRECTION('',(0.,-0.996194698091746,-0.0871557427476582));
#13108=DIRECTION('center_axis',(0.,0.996194698091746,0.0871557427476582));
#13109=DIRECTION('ref_axis',(-1.,0.,0.));
#13110=DIRECTION('',(0.,-0.0871557427476582,0.996194698091746));
#13111=DIRECTION('',(-1.,0.,0.));
#13112=DIRECTION('center_axis',(-1.,0.,0.));
#13113=DIRECTION('ref_axis',(0.,-0.996194698091746,-0.0871557427476582));
#13114=DIRECTION('',(0.,-0.0871557427476582,0.996194698091746));
#13115=DIRECTION('',(0.,-0.996194698091746,-0.0871557427476582));
#13116=DIRECTION('center_axis',(0.,0.996194698091746,0.0871557427476582));
#13117=DIRECTION('ref_axis',(-1.,0.,0.));
#13118=DIRECTION('',(0.,-0.0871557427476582,0.996194698091746));
#13119=DIRECTION('',(-1.,0.,0.));
#13120=DIRECTION('center_axis',(1.,0.,0.));
#13121=DIRECTION('ref_axis',(0.,0.996194698091746,0.0871557427476582));
#13122=DIRECTION('',(0.,-0.0871557427476582,0.996194698091746));
#13123=DIRECTION('',(0.,0.996194698091746,0.0871557427476582));
#13124=DIRECTION('center_axis',(0.,0.996194698091746,0.0871557427476582));
#13125=DIRECTION('ref_axis',(-1.,0.,0.));
#13126=DIRECTION('',(0.,-0.0871557427476582,0.996194698091746));
#13127=DIRECTION('',(-1.,0.,0.));
#13128=DIRECTION('center_axis',(1.,0.,0.));
#13129=DIRECTION('ref_axis',(0.,0.996194698091746,0.0871557427476582));
#13130=DIRECTION('',(0.,-0.0871557427476582,0.996194698091746));
#13131=DIRECTION('',(0.,0.996194698091746,0.0871557427476582));
#13132=DIRECTION('center_axis',(0.,0.996194698091746,0.0871557427476582));
#13133=DIRECTION('ref_axis',(-1.,0.,0.));
#13134=DIRECTION('',(0.,-0.0871557427476582,0.996194698091746));
#13135=DIRECTION('',(-1.,0.,0.));
#13136=DIRECTION('center_axis',(-1.,0.,0.));
#13137=DIRECTION('ref_axis',(0.,-0.996194698091746,-0.0871557427476582));
#13138=DIRECTION('',(0.,-0.0871557427476582,0.996194698091746));
#13139=DIRECTION('',(0.,-0.996194698091746,-0.0871557427476582));
#13140=DIRECTION('center_axis',(0.,0.996194698091746,0.0871557427476582));
#13141=DIRECTION('ref_axis',(-1.,0.,0.));
#13142=DIRECTION('',(0.,-0.0871557427476582,0.996194698091746));
#13143=DIRECTION('',(-1.,0.,0.));
#13144=DIRECTION('center_axis',(1.,0.,0.));
#13145=DIRECTION('ref_axis',(0.,0.996194698091746,0.0871557427476582));
#13146=DIRECTION('',(0.,-0.0871557427476582,0.996194698091746));
#13147=DIRECTION('',(0.,0.996194698091746,0.0871557427476582));
#13148=DIRECTION('center_axis',(0.,0.996194698091746,0.0871557427476582));
#13149=DIRECTION('ref_axis',(-1.,0.,0.));
#13150=DIRECTION('',(0.,-0.0871557427476582,0.996194698091746));
#13151=DIRECTION('',(-1.,0.,0.));
#13152=DIRECTION('center_axis',(-1.,0.,0.));
#13153=DIRECTION('ref_axis',(0.,-0.996194698091746,-0.0871557427476582));
#13154=DIRECTION('',(0.,-0.0871557427476582,0.996194698091746));
#13155=DIRECTION('',(0.,-0.996194698091746,-0.0871557427476582));
#13156=DIRECTION('center_axis',(0.,0.996194698091746,0.0871557427476582));
#13157=DIRECTION('ref_axis',(-1.,0.,0.));
#13158=DIRECTION('',(0.,-0.0871557427476582,0.996194698091746));
#13159=DIRECTION('',(-1.,0.,0.));
#13160=DIRECTION('center_axis',(-1.,0.,0.));
#13161=DIRECTION('ref_axis',(0.,-0.996194698091746,-0.0871557427476582));
#13162=DIRECTION('',(0.,-0.0871557427476582,0.996194698091746));
#13163=DIRECTION('',(0.,-0.996194698091746,-0.0871557427476582));
#13164=DIRECTION('center_axis',(0.,0.996194698091746,0.0871557427476582));
#13165=DIRECTION('ref_axis',(-1.,0.,0.));
#13166=DIRECTION('',(0.,-0.0871557427476582,0.996194698091746));
#13167=DIRECTION('',(-1.,0.,0.));
#13168=DIRECTION('center_axis',(1.,0.,0.));
#13169=DIRECTION('ref_axis',(0.,0.996194698091746,0.0871557427476582));
#13170=DIRECTION('',(0.,-0.0871557427476582,0.996194698091746));
#13171=DIRECTION('',(0.,0.996194698091746,0.0871557427476582));
#13172=DIRECTION('center_axis',(0.,0.996194698091746,0.0871557427476582));
#13173=DIRECTION('ref_axis',(-1.,0.,0.));
#13174=DIRECTION('',(0.,-0.0871557427476582,0.996194698091746));
#13175=DIRECTION('',(-1.,0.,0.));
#13176=DIRECTION('center_axis',(1.,0.,0.));
#13177=DIRECTION('ref_axis',(0.,0.996194698091746,0.0871557427476582));
#13178=DIRECTION('',(0.,-0.0871557427476582,0.996194698091746));
#13179=DIRECTION('',(0.,0.996194698091746,0.0871557427476582));
#13180=DIRECTION('center_axis',(0.,0.996194698091746,0.0871557427476582));
#13181=DIRECTION('ref_axis',(-1.,0.,0.));
#13182=DIRECTION('',(0.,-0.0871557427476582,0.996194698091746));
#13183=DIRECTION('',(-1.,0.,0.));
#13184=DIRECTION('center_axis',(1.,0.,0.));
#13185=DIRECTION('ref_axis',(0.,0.996194698091746,0.0871557427476582));
#13186=DIRECTION('',(0.,-0.0871557427476582,0.996194698091746));
#13187=DIRECTION('',(0.,0.996194698091746,0.0871557427476582));
#13188=DIRECTION('center_axis',(0.,-0.996194698091746,-0.0871557427476582));
#13189=DIRECTION('ref_axis',(1.,0.,0.));
#13190=DIRECTION('',(0.,-0.0871557427476582,0.996194698091746));
#13191=DIRECTION('',(1.,0.,0.));
#13192=DIRECTION('center_axis',(1.,0.,0.));
#13193=DIRECTION('ref_axis',(0.,0.996194698091746,0.0871557427476582));
#13194=DIRECTION('',(0.,-0.0871557427476582,0.996194698091746));
#13195=DIRECTION('',(0.,0.996194698091746,0.0871557427476582));
#13196=DIRECTION('center_axis',(0.,-0.996194698091746,-0.0871557427476582));
#13197=DIRECTION('ref_axis',(1.,0.,0.));
#13198=DIRECTION('',(0.,-0.0871557427476582,0.996194698091746));
#13199=DIRECTION('',(1.,0.,0.));
#13200=DIRECTION('center_axis',(1.,0.,0.));
#13201=DIRECTION('ref_axis',(0.,0.996194698091746,0.0871557427476582));
#13202=DIRECTION('',(0.,-0.0871557427476582,0.996194698091746));
#13203=DIRECTION('',(0.,0.996194698091746,0.0871557427476582));
#13204=DIRECTION('center_axis',(0.,-0.996194698091746,-0.0871557427476582));
#13205=DIRECTION('ref_axis',(1.,0.,0.));
#13206=DIRECTION('',(0.,-0.0871557427476582,0.996194698091746));
#13207=DIRECTION('',(1.,0.,0.));
#13208=DIRECTION('center_axis',(-1.,0.,0.));
#13209=DIRECTION('ref_axis',(0.,-0.996194698091746,-0.0871557427476582));
#13210=DIRECTION('',(0.,-0.0871557427476582,0.996194698091746));
#13211=DIRECTION('',(0.,-0.996194698091746,-0.0871557427476582));
#13212=DIRECTION('center_axis',(0.,-0.996194698091746,-0.0871557427476582));
#13213=DIRECTION('ref_axis',(1.,0.,0.));
#13214=DIRECTION('',(0.,-0.0871557427476582,0.996194698091746));
#13215=DIRECTION('',(1.,0.,0.));
#13216=DIRECTION('center_axis',(-1.,0.,0.));
#13217=DIRECTION('ref_axis',(0.,-0.996194698091746,-0.0871557427476582));
#13218=DIRECTION('',(0.,-0.0871557427476582,0.996194698091746));
#13219=DIRECTION('',(0.,-0.996194698091746,-0.0871557427476582));
#13220=DIRECTION('center_axis',(0.,-0.996194698091746,-0.0871557427476582));
#13221=DIRECTION('ref_axis',(1.,0.,0.));
#13222=DIRECTION('',(0.,-0.0871557427476582,0.996194698091746));
#13223=DIRECTION('',(1.,0.,0.));
#13224=DIRECTION('center_axis',(1.,0.,0.));
#13225=DIRECTION('ref_axis',(0.,0.996194698091746,0.0871557427476582));
#13226=DIRECTION('',(0.,-0.0871557427476582,0.996194698091746));
#13227=DIRECTION('',(0.,0.996194698091746,0.0871557427476582));
#13228=DIRECTION('center_axis',(0.,-0.996194698091746,-0.0871557427476582));
#13229=DIRECTION('ref_axis',(1.,0.,0.));
#13230=DIRECTION('',(0.,-0.0871557427476582,0.996194698091746));
#13231=DIRECTION('',(1.,0.,0.));
#13232=DIRECTION('center_axis',(-1.,0.,0.));
#13233=DIRECTION('ref_axis',(0.,-0.996194698091746,-0.0871557427476582));
#13234=DIRECTION('',(0.,-0.0871557427476582,0.996194698091746));
#13235=DIRECTION('',(0.,-0.996194698091746,-0.0871557427476582));
#13236=DIRECTION('center_axis',(0.,-0.996194698091746,-0.0871557427476582));
#13237=DIRECTION('ref_axis',(1.,0.,0.));
#13238=DIRECTION('',(1.,0.,0.));
#13239=DIRECTION('center_axis',(0.,0.996194698091746,0.0871557427476582));
#13240=DIRECTION('ref_axis',(-1.,0.,0.));
#13241=DIRECTION('',(0.,-0.0871557427476582,0.996194698091746));
#13242=DIRECTION('',(-1.,0.,0.));
#13243=DIRECTION('',(0.,-0.0871557427476582,0.996194698091746));
#13244=DIRECTION('center_axis',(1.,0.,0.));
#13245=DIRECTION('ref_axis',(0.,0.996194698091746,0.0871557427476582));
#13246=DIRECTION('',(0.,-0.0871557427476582,0.996194698091746));
#13247=DIRECTION('',(0.,0.996194698091746,0.0871557427476582));
#13248=DIRECTION('center_axis',(0.,-0.996194698091746,-0.0871557427476582));
#13249=DIRECTION('ref_axis',(1.,0.,0.));
#13250=DIRECTION('',(0.,-0.0871557427476582,0.996194698091746));
#13251=DIRECTION('',(1.,0.,0.));
#13252=DIRECTION('center_axis',(-1.,0.,0.));
#13253=DIRECTION('ref_axis',(0.,-0.996194698091746,-0.0871557427476582));
#13254=DIRECTION('',(0.,-0.996194698091746,-0.0871557427476582));
#13255=DIRECTION('center_axis',(1.,0.,0.));
#13256=DIRECTION('ref_axis',(0.,0.996194698091746,0.0871557427476582));
#13257=DIRECTION('',(0.,-0.0871557427476582,0.996194698091746));
#13258=DIRECTION('',(0.,0.996194698091746,0.0871557427476582));
#13259=DIRECTION('',(0.,-0.0871557427476582,0.996194698091746));
#13260=DIRECTION('center_axis',(0.,-0.996194698091746,-0.0871557427476582));
#13261=DIRECTION('ref_axis',(1.,0.,0.));
#13262=DIRECTION('',(0.,-0.0871557427476582,0.996194698091746));
#13263=DIRECTION('',(1.,0.,0.));
#13264=DIRECTION('center_axis',(-1.,0.,0.));
#13265=DIRECTION('ref_axis',(0.,-0.996194698091746,-0.0871557427476582));
#13266=DIRECTION('',(0.,-0.0871557427476582,0.996194698091746));
#13267=DIRECTION('',(0.,-0.996194698091746,-0.0871557427476582));
#13268=DIRECTION('center_axis',(0.,0.996194698091746,0.0871557427476582));
#13269=DIRECTION('ref_axis',(-1.,0.,0.));
#13270=DIRECTION('',(-1.,0.,0.));
#13271=DIRECTION('center_axis',(0.,-0.996194698091746,-0.0871557427476582));
#13272=DIRECTION('ref_axis',(1.,0.,0.));
#13273=DIRECTION('',(0.,-0.0871557427476582,0.996194698091746));
#13274=DIRECTION('',(1.,0.,0.));
#13275=DIRECTION('',(0.,-0.0871557427476582,0.996194698091746));
#13276=DIRECTION('center_axis',(-1.,0.,0.));
#13277=DIRECTION('ref_axis',(0.,-0.996194698091746,-0.0871557427476582));
#13278=DIRECTION('',(0.,-0.0871557427476582,0.996194698091746));
#13279=DIRECTION('',(0.,-0.996194698091746,-0.0871557427476582));
#13280=DIRECTION('center_axis',(0.,0.996194698091746,0.0871557427476582));
#13281=DIRECTION('ref_axis',(-1.,0.,0.));
#13282=DIRECTION('',(0.,-0.0871557427476582,0.996194698091746));
#13283=DIRECTION('',(-1.,0.,0.));
#13284=DIRECTION('center_axis',(1.,0.,0.));
#13285=DIRECTION('ref_axis',(0.,0.996194698091746,0.0871557427476582));
#13286=DIRECTION('',(0.,0.996194698091746,0.0871557427476582));
#13287=DIRECTION('center_axis',(1.,0.,0.));
#13288=DIRECTION('ref_axis',(0.,0.996194698091746,0.0871557427476582));
#13289=DIRECTION('',(0.,-0.0871557427476582,0.996194698091746));
#13290=DIRECTION('',(0.,0.996194698091746,0.0871557427476582));
#13291=DIRECTION('',(0.,-0.0871557427476582,0.996194698091746));
#13292=DIRECTION('center_axis',(0.,-0.996194698091746,-0.0871557427476582));
#13293=DIRECTION('ref_axis',(1.,0.,0.));
#13294=DIRECTION('',(0.,-0.0871557427476582,0.996194698091746));
#13295=DIRECTION('',(1.,0.,0.));
#13296=DIRECTION('center_axis',(-1.,0.,0.));
#13297=DIRECTION('ref_axis',(0.,-0.996194698091746,-0.0871557427476582));
#13298=DIRECTION('',(0.,-0.0871557427476582,0.996194698091746));
#13299=DIRECTION('',(0.,-0.996194698091746,-0.0871557427476582));
#13300=DIRECTION('center_axis',(0.,0.996194698091746,0.0871557427476582));
#13301=DIRECTION('ref_axis',(-1.,0.,0.));
#13302=DIRECTION('',(-1.,0.,0.));
#13303=DIRECTION('center_axis',(0.,0.996194698091746,0.0871557427476582));
#13304=DIRECTION('ref_axis',(-1.,0.,0.));
#13305=DIRECTION('',(0.,-0.0871557427476582,0.996194698091746));
#13306=DIRECTION('',(-1.,0.,0.));
#13307=DIRECTION('',(0.,-0.0871557427476582,0.996194698091746));
#13308=DIRECTION('center_axis',(1.,0.,0.));
#13309=DIRECTION('ref_axis',(0.,0.996194698091746,0.0871557427476582));
#13310=DIRECTION('',(0.,-0.0871557427476582,0.996194698091746));
#13311=DIRECTION('',(0.,0.996194698091746,0.0871557427476582));
#13312=DIRECTION('center_axis',(0.,-0.996194698091746,-0.0871557427476582));
#13313=DIRECTION('ref_axis',(1.,0.,0.));
#13314=DIRECTION('',(0.,-0.0871557427476582,0.996194698091746));
#13315=DIRECTION('',(1.,0.,0.));
#13316=DIRECTION('center_axis',(-1.,0.,0.));
#13317=DIRECTION('ref_axis',(0.,-0.996194698091746,-0.0871557427476582));
#13318=DIRECTION('',(0.,-0.996194698091746,-0.0871557427476582));
#13319=DIRECTION('center_axis',(0.,-0.996194698091746,-0.0871557427476582));
#13320=DIRECTION('ref_axis',(1.,0.,0.));
#13321=DIRECTION('',(0.,-0.0871557427476582,0.996194698091746));
#13322=DIRECTION('',(1.,0.,0.));
#13323=DIRECTION('',(0.,-0.0871557427476582,0.996194698091746));
#13324=DIRECTION('center_axis',(-1.,0.,0.));
#13325=DIRECTION('ref_axis',(0.,-0.996194698091746,-0.0871557427476582));
#13326=DIRECTION('',(0.,-0.0871557427476582,0.996194698091746));
#13327=DIRECTION('',(0.,-0.996194698091746,-0.0871557427476582));
#13328=DIRECTION('center_axis',(0.,0.996194698091746,0.0871557427476582));
#13329=DIRECTION('ref_axis',(-1.,0.,0.));
#13330=DIRECTION('',(0.,-0.0871557427476582,0.996194698091746));
#13331=DIRECTION('',(-1.,0.,0.));
#13332=DIRECTION('center_axis',(1.,0.,0.));
#13333=DIRECTION('ref_axis',(0.,0.996194698091746,0.0871557427476582));
#13334=DIRECTION('',(0.,0.996194698091746,0.0871557427476582));
#13335=DIRECTION('center_axis',(-1.,0.,0.));
#13336=DIRECTION('ref_axis',(0.,-0.996194698091746,-0.0871557427476582));
#13337=DIRECTION('',(0.,-0.0871557427476582,0.996194698091746));
#13338=DIRECTION('',(0.,-0.996194698091746,-0.0871557427476582));
#13339=DIRECTION('',(0.,-0.0871557427476582,0.996194698091746));
#13340=DIRECTION('center_axis',(0.,0.996194698091746,0.0871557427476582));
#13341=DIRECTION('ref_axis',(-1.,0.,0.));
#13342=DIRECTION('',(0.,-0.0871557427476582,0.996194698091746));
#13343=DIRECTION('',(-1.,0.,0.));
#13344=DIRECTION('center_axis',(1.,0.,0.));
#13345=DIRECTION('ref_axis',(0.,0.996194698091746,0.0871557427476582));
#13346=DIRECTION('',(0.,-0.0871557427476582,0.996194698091746));
#13347=DIRECTION('',(0.,0.996194698091746,0.0871557427476582));
#13348=DIRECTION('center_axis',(0.,-0.996194698091746,-0.0871557427476582));
#13349=DIRECTION('ref_axis',(1.,0.,0.));
#13350=DIRECTION('',(1.,0.,0.));
#13351=DIRECTION('center_axis',(-1.,0.,0.));
#13352=DIRECTION('ref_axis',(0.,-0.996194698091746,-0.0871557427476582));
#13353=DIRECTION('',(0.,-0.0871557427476582,0.996194698091746));
#13354=DIRECTION('',(0.,-0.996194698091746,-0.0871557427476582));
#13355=DIRECTION('',(0.,-0.0871557427476582,0.996194698091746));
#13356=DIRECTION('center_axis',(0.,0.996194698091746,0.0871557427476582));
#13357=DIRECTION('ref_axis',(-1.,0.,0.));
#13358=DIRECTION('',(0.,-0.0871557427476582,0.996194698091746));
#13359=DIRECTION('',(-1.,0.,0.));
#13360=DIRECTION('center_axis',(1.,0.,0.));
#13361=DIRECTION('ref_axis',(0.,0.996194698091746,0.0871557427476582));
#13362=DIRECTION('',(0.,-0.0871557427476582,0.996194698091746));
#13363=DIRECTION('',(0.,0.996194698091746,0.0871557427476582));
#13364=DIRECTION('center_axis',(0.,-0.996194698091746,-0.0871557427476582));
#13365=DIRECTION('ref_axis',(1.,0.,0.));
#13366=DIRECTION('',(1.,0.,0.));
#13367=DIRECTION('center_axis',(0.,0.996194698091746,0.0871557427476582));
#13368=DIRECTION('ref_axis',(-1.,0.,0.));
#13369=DIRECTION('',(0.,-0.0871557427476582,0.996194698091746));
#13370=DIRECTION('',(-1.,0.,0.));
#13371=DIRECTION('',(0.,-0.0871557427476582,0.996194698091746));
#13372=DIRECTION('center_axis',(1.,0.,0.));
#13373=DIRECTION('ref_axis',(0.,0.996194698091746,0.0871557427476582));
#13374=DIRECTION('',(0.,-0.0871557427476582,0.996194698091746));
#13375=DIRECTION('',(0.,0.996194698091746,0.0871557427476582));
#13376=DIRECTION('center_axis',(0.,-0.996194698091746,-0.0871557427476582));
#13377=DIRECTION('ref_axis',(1.,0.,0.));
#13378=DIRECTION('',(0.,-0.0871557427476582,0.996194698091746));
#13379=DIRECTION('',(1.,0.,0.));
#13380=DIRECTION('center_axis',(-1.,0.,0.));
#13381=DIRECTION('ref_axis',(0.,-0.996194698091746,-0.0871557427476582));
#13382=DIRECTION('',(0.,-0.996194698091746,-0.0871557427476582));
#13383=DIRECTION('center_axis',(0.,0.996194698091746,0.0871557427476582));
#13384=DIRECTION('ref_axis',(-1.,0.,0.));
#13385=DIRECTION('',(0.,-0.0871557427476582,0.996194698091746));
#13386=DIRECTION('',(-1.,0.,0.));
#13387=DIRECTION('',(0.,-0.0871557427476582,0.996194698091746));
#13388=DIRECTION('center_axis',(1.,0.,0.));
#13389=DIRECTION('ref_axis',(0.,0.996194698091746,0.0871557427476582));
#13390=DIRECTION('',(0.,-0.0871557427476582,0.996194698091746));
#13391=DIRECTION('',(0.,0.996194698091746,0.0871557427476582));
#13392=DIRECTION('center_axis',(0.,-0.996194698091746,-0.0871557427476582));
#13393=DIRECTION('ref_axis',(1.,0.,0.));
#13394=DIRECTION('',(0.,-0.0871557427476582,0.996194698091746));
#13395=DIRECTION('',(1.,0.,0.));
#13396=DIRECTION('center_axis',(-1.,0.,0.));
#13397=DIRECTION('ref_axis',(0.,-0.996194698091746,-0.0871557427476582));
#13398=DIRECTION('',(0.,-0.996194698091746,-0.0871557427476582));
#13399=DIRECTION('center_axis',(0.,0.996194698091746,0.0871557427476582));
#13400=DIRECTION('ref_axis',(-1.,0.,0.));
#13401=DIRECTION('',(0.,-0.0871557427476582,0.996194698091746));
#13402=DIRECTION('',(-1.,0.,0.));
#13403=DIRECTION('',(0.,-0.0871557427476582,0.996194698091746));
#13404=DIRECTION('center_axis',(1.,0.,0.));
#13405=DIRECTION('ref_axis',(0.,0.996194698091746,0.0871557427476582));
#13406=DIRECTION('',(0.,-0.0871557427476582,0.996194698091746));
#13407=DIRECTION('',(0.,0.996194698091746,0.0871557427476582));
#13408=DIRECTION('center_axis',(0.,-0.996194698091746,-0.0871557427476582));
#13409=DIRECTION('ref_axis',(1.,0.,0.));
#13410=DIRECTION('',(0.,-0.0871557427476582,0.996194698091746));
#13411=DIRECTION('',(1.,0.,0.));
#13412=DIRECTION('center_axis',(-1.,0.,0.));
#13413=DIRECTION('ref_axis',(0.,-0.996194698091746,-0.0871557427476582));
#13414=DIRECTION('',(0.,-0.996194698091746,-0.0871557427476582));
#13415=DIRECTION('center_axis',(-1.,0.,0.));
#13416=DIRECTION('ref_axis',(0.,-0.996194698091746,-0.0871557427476582));
#13417=DIRECTION('',(0.,-0.0871557427476582,0.996194698091746));
#13418=DIRECTION('',(0.,-0.996194698091746,-0.0871557427476582));
#13419=DIRECTION('',(0.,-0.0871557427476582,0.996194698091746));
#13420=DIRECTION('center_axis',(0.,0.996194698091746,0.0871557427476582));
#13421=DIRECTION('ref_axis',(-1.,0.,0.));
#13422=DIRECTION('',(0.,-0.0871557427476582,0.996194698091746));
#13423=DIRECTION('',(-1.,0.,0.));
#13424=DIRECTION('center_axis',(1.,0.,0.));
#13425=DIRECTION('ref_axis',(0.,0.996194698091746,0.0871557427476582));
#13426=DIRECTION('',(0.,-0.0871557427476582,0.996194698091746));
#13427=DIRECTION('',(0.,0.996194698091746,0.0871557427476582));
#13428=DIRECTION('center_axis',(0.,-0.996194698091746,-0.0871557427476582));
#13429=DIRECTION('ref_axis',(1.,0.,0.));
#13430=DIRECTION('',(1.,0.,0.));
#13431=DIRECTION('center_axis',(1.,0.,0.));
#13432=DIRECTION('ref_axis',(0.,0.996194698091746,0.0871557427476582));
#13433=DIRECTION('',(0.,-0.0871557427476582,0.996194698091746));
#13434=DIRECTION('',(0.,0.996194698091746,0.0871557427476582));
#13435=DIRECTION('',(0.,-0.0871557427476582,0.996194698091746));
#13436=DIRECTION('center_axis',(0.,-0.996194698091746,-0.0871557427476582));
#13437=DIRECTION('ref_axis',(1.,0.,0.));
#13438=DIRECTION('',(0.,-0.0871557427476582,0.996194698091746));
#13439=DIRECTION('',(1.,0.,0.));
#13440=DIRECTION('center_axis',(-1.,0.,0.));
#13441=DIRECTION('ref_axis',(0.,-0.996194698091746,-0.0871557427476582));
#13442=DIRECTION('',(0.,-0.0871557427476582,0.996194698091746));
#13443=DIRECTION('',(0.,-0.996194698091746,-0.0871557427476582));
#13444=DIRECTION('center_axis',(0.,0.996194698091746,0.0871557427476582));
#13445=DIRECTION('ref_axis',(-1.,0.,0.));
#13446=DIRECTION('',(-1.,0.,0.));
#13447=DIRECTION('center_axis',(-1.,0.,0.));
#13448=DIRECTION('ref_axis',(0.,-0.996194698091746,-0.0871557427476582));
#13449=DIRECTION('',(0.,-0.0871557427476582,0.996194698091746));
#13450=DIRECTION('',(0.,-0.996194698091746,-0.0871557427476582));
#13451=DIRECTION('',(0.,-0.0871557427476582,0.996194698091746));
#13452=DIRECTION('center_axis',(0.,0.996194698091746,0.0871557427476582));
#13453=DIRECTION('ref_axis',(-1.,0.,0.));
#13454=DIRECTION('',(0.,-0.0871557427476582,0.996194698091746));
#13455=DIRECTION('',(-1.,0.,0.));
#13456=DIRECTION('center_axis',(1.,0.,0.));
#13457=DIRECTION('ref_axis',(0.,0.996194698091746,0.0871557427476582));
#13458=DIRECTION('',(0.,-0.0871557427476582,0.996194698091746));
#13459=DIRECTION('',(0.,0.996194698091746,0.0871557427476582));
#13460=DIRECTION('center_axis',(0.,-0.996194698091746,-0.0871557427476582));
#13461=DIRECTION('ref_axis',(1.,0.,0.));
#13462=DIRECTION('',(1.,0.,0.));
#13463=DIRECTION('center_axis',(0.,0.996194698091746,0.0871557427476582));
#13464=DIRECTION('ref_axis',(-1.,0.,0.));
#13465=DIRECTION('',(0.,-0.0871557427476582,0.996194698091746));
#13466=DIRECTION('',(-1.,0.,0.));
#13467=DIRECTION('',(0.,-0.0871557427476582,0.996194698091746));
#13468=DIRECTION('center_axis',(1.,0.,0.));
#13469=DIRECTION('ref_axis',(0.,0.996194698091746,0.0871557427476582));
#13470=DIRECTION('',(0.,-0.0871557427476582,0.996194698091746));
#13471=DIRECTION('',(0.,0.996194698091746,0.0871557427476582));
#13472=DIRECTION('center_axis',(0.,-0.996194698091746,-0.0871557427476582));
#13473=DIRECTION('ref_axis',(1.,0.,0.));
#13474=DIRECTION('',(0.,-0.0871557427476582,0.996194698091746));
#13475=DIRECTION('',(1.,0.,0.));
#13476=DIRECTION('center_axis',(-1.,0.,0.));
#13477=DIRECTION('ref_axis',(0.,-0.996194698091746,-0.0871557427476582));
#13478=DIRECTION('',(0.,-0.996194698091746,-0.0871557427476582));
#13479=DIRECTION('center_axis',(0.,0.996194698091746,0.0871557427476582));
#13480=DIRECTION('ref_axis',(-1.,0.,0.));
#13481=DIRECTION('',(0.,-0.0871557427476582,0.996194698091746));
#13482=DIRECTION('',(-1.,0.,0.));
#13483=DIRECTION('',(0.,-0.0871557427476582,0.996194698091746));
#13484=DIRECTION('center_axis',(1.,0.,0.));
#13485=DIRECTION('ref_axis',(0.,0.996194698091746,0.0871557427476582));
#13486=DIRECTION('',(0.,-0.0871557427476582,0.996194698091746));
#13487=DIRECTION('',(0.,0.996194698091746,0.0871557427476582));
#13488=DIRECTION('center_axis',(0.,-0.996194698091746,-0.0871557427476582));
#13489=DIRECTION('ref_axis',(1.,0.,0.));
#13490=DIRECTION('',(0.,-0.0871557427476582,0.996194698091746));
#13491=DIRECTION('',(1.,0.,0.));
#13492=DIRECTION('center_axis',(-1.,0.,0.));
#13493=DIRECTION('ref_axis',(0.,-0.996194698091746,-0.0871557427476582));
#13494=DIRECTION('',(0.,-0.996194698091746,-0.0871557427476582));
#13495=DIRECTION('center_axis',(0.,0.996194698091746,0.0871557427476582));
#13496=DIRECTION('ref_axis',(-1.,0.,0.));
#13497=DIRECTION('',(0.,-0.0871557427476582,0.996194698091746));
#13498=DIRECTION('',(-1.,0.,0.));
#13499=DIRECTION('',(0.,-0.0871557427476582,0.996194698091746));
#13500=DIRECTION('center_axis',(1.,0.,0.));
#13501=DIRECTION('ref_axis',(0.,0.996194698091746,0.0871557427476582));
#13502=DIRECTION('',(0.,-0.0871557427476582,0.996194698091746));
#13503=DIRECTION('',(0.,0.996194698091746,0.0871557427476582));
#13504=DIRECTION('center_axis',(0.,-0.996194698091746,-0.0871557427476582));
#13505=DIRECTION('ref_axis',(1.,0.,0.));
#13506=DIRECTION('',(0.,-0.0871557427476582,0.996194698091746));
#13507=DIRECTION('',(1.,0.,0.));
#13508=DIRECTION('center_axis',(-1.,0.,0.));
#13509=DIRECTION('ref_axis',(0.,-0.996194698091746,-0.0871557427476582));
#13510=DIRECTION('',(0.,-0.996194698091746,-0.0871557427476582));
#13511=DIRECTION('center_axis',(0.,0.996194698091746,0.0871557427476582));
#13512=DIRECTION('ref_axis',(-1.,0.,0.));
#13513=DIRECTION('',(0.,-0.0871557427476582,0.996194698091746));
#13514=DIRECTION('',(-1.,0.,0.));
#13515=DIRECTION('',(0.,-0.0871557427476582,0.996194698091746));
#13516=DIRECTION('center_axis',(1.,0.,0.));
#13517=DIRECTION('ref_axis',(0.,0.996194698091746,0.0871557427476582));
#13518=DIRECTION('',(0.,-0.0871557427476582,0.996194698091746));
#13519=DIRECTION('',(0.,0.996194698091746,0.0871557427476582));
#13520=DIRECTION('center_axis',(0.,-0.996194698091746,-0.0871557427476582));
#13521=DIRECTION('ref_axis',(1.,0.,0.));
#13522=DIRECTION('',(0.,-0.0871557427476582,0.996194698091746));
#13523=DIRECTION('',(1.,0.,0.));
#13524=DIRECTION('center_axis',(-1.,0.,0.));
#13525=DIRECTION('ref_axis',(0.,-0.996194698091746,-0.0871557427476582));
#13526=DIRECTION('',(0.,-0.996194698091746,-0.0871557427476582));
#13527=DIRECTION('center_axis',(0.,-0.996194698091746,-0.0871557427476582));
#13528=DIRECTION('ref_axis',(1.,0.,0.));
#13529=DIRECTION('',(0.,-0.0871557427476582,0.996194698091746));
#13530=DIRECTION('',(1.,0.,0.));
#13531=DIRECTION('',(0.,-0.0871557427476582,0.996194698091746));
#13532=DIRECTION('center_axis',(-1.,0.,0.));
#13533=DIRECTION('ref_axis',(0.,-0.996194698091746,-0.0871557427476582));
#13534=DIRECTION('',(0.,-0.0871557427476582,0.996194698091746));
#13535=DIRECTION('',(0.,-0.996194698091746,-0.0871557427476582));
#13536=DIRECTION('center_axis',(0.,0.996194698091746,0.0871557427476582));
#13537=DIRECTION('ref_axis',(-1.,0.,0.));
#13538=DIRECTION('',(0.,-0.0871557427476582,0.996194698091746));
#13539=DIRECTION('',(-1.,0.,0.));
#13540=DIRECTION('center_axis',(1.,0.,0.));
#13541=DIRECTION('ref_axis',(0.,0.996194698091746,0.0871557427476582));
#13542=DIRECTION('',(0.,0.996194698091746,0.0871557427476582));
#13543=DIRECTION('center_axis',(0.,-0.996194698091746,-0.0871557427476582));
#13544=DIRECTION('ref_axis',(1.,0.,0.));
#13545=DIRECTION('',(0.,-0.0871557427476582,0.996194698091746));
#13546=DIRECTION('',(1.,0.,0.));
#13547=DIRECTION('',(0.,-0.0871557427476582,0.996194698091746));
#13548=DIRECTION('center_axis',(-1.,0.,0.));
#13549=DIRECTION('ref_axis',(0.,-0.996194698091746,-0.0871557427476582));
#13550=DIRECTION('',(0.,-0.0871557427476582,0.996194698091746));
#13551=DIRECTION('',(0.,-0.996194698091746,-0.0871557427476582));
#13552=DIRECTION('center_axis',(0.,0.996194698091746,0.0871557427476582));
#13553=DIRECTION('ref_axis',(-1.,0.,0.));
#13554=DIRECTION('',(0.,-0.0871557427476582,0.996194698091746));
#13555=DIRECTION('',(-1.,0.,0.));
#13556=DIRECTION('center_axis',(1.,0.,0.));
#13557=DIRECTION('ref_axis',(0.,0.996194698091746,0.0871557427476582));
#13558=DIRECTION('',(0.,0.996194698091746,0.0871557427476582));
#13559=DIRECTION('center_axis',(0.,0.996194698091746,0.0871557427476582));
#13560=DIRECTION('ref_axis',(-1.,0.,0.));
#13561=DIRECTION('',(0.,-0.0871557427476582,0.996194698091746));
#13562=DIRECTION('',(-1.,0.,0.));
#13563=DIRECTION('',(0.,-0.0871557427476582,0.996194698091746));
#13564=DIRECTION('center_axis',(1.,0.,0.));
#13565=DIRECTION('ref_axis',(0.,0.996194698091746,0.0871557427476582));
#13566=DIRECTION('',(0.,-0.0871557427476582,0.996194698091746));
#13567=DIRECTION('',(0.,0.996194698091746,0.0871557427476582));
#13568=DIRECTION('center_axis',(0.,-0.996194698091746,-0.0871557427476582));
#13569=DIRECTION('ref_axis',(1.,0.,0.));
#13570=DIRECTION('',(0.,-0.0871557427476582,0.996194698091746));
#13571=DIRECTION('',(1.,0.,0.));
#13572=DIRECTION('center_axis',(-1.,0.,0.));
#13573=DIRECTION('ref_axis',(0.,-0.996194698091746,-0.0871557427476582));
#13574=DIRECTION('',(0.,-0.996194698091746,-0.0871557427476582));
#13575=DIRECTION('center_axis',(0.,0.996194698091746,0.0871557427476582));
#13576=DIRECTION('ref_axis',(-1.,0.,0.));
#13577=DIRECTION('',(0.,-0.0871557427476582,0.996194698091746));
#13578=DIRECTION('',(-1.,0.,0.));
#13579=DIRECTION('',(0.,-0.0871557427476582,0.996194698091746));
#13580=DIRECTION('center_axis',(1.,0.,0.));
#13581=DIRECTION('ref_axis',(0.,0.996194698091746,0.0871557427476582));
#13582=DIRECTION('',(0.,-0.0871557427476582,0.996194698091746));
#13583=DIRECTION('',(0.,0.996194698091746,0.0871557427476582));
#13584=DIRECTION('center_axis',(0.,-0.996194698091746,-0.0871557427476582));
#13585=DIRECTION('ref_axis',(1.,0.,0.));
#13586=DIRECTION('',(0.,-0.0871557427476582,0.996194698091746));
#13587=DIRECTION('',(1.,0.,0.));
#13588=DIRECTION('center_axis',(-1.,0.,0.));
#13589=DIRECTION('ref_axis',(0.,-0.996194698091746,-0.0871557427476582));
#13590=DIRECTION('',(0.,-0.996194698091746,-0.0871557427476582));
#13591=DIRECTION('center_axis',(0.,0.996194698091746,0.0871557427476582));
#13592=DIRECTION('ref_axis',(-1.,0.,0.));
#13593=DIRECTION('',(0.,-0.0871557427476582,0.996194698091746));
#13594=DIRECTION('',(-1.,0.,0.));
#13595=DIRECTION('',(0.,-0.0871557427476582,0.996194698091746));
#13596=DIRECTION('center_axis',(1.,0.,0.));
#13597=DIRECTION('ref_axis',(0.,0.996194698091746,0.0871557427476582));
#13598=DIRECTION('',(0.,-0.0871557427476582,0.996194698091746));
#13599=DIRECTION('',(0.,0.996194698091746,0.0871557427476582));
#13600=DIRECTION('center_axis',(0.,-0.996194698091746,-0.0871557427476582));
#13601=DIRECTION('ref_axis',(1.,0.,0.));
#13602=DIRECTION('',(0.,-0.0871557427476582,0.996194698091746));
#13603=DIRECTION('',(1.,0.,0.));
#13604=DIRECTION('center_axis',(-1.,0.,0.));
#13605=DIRECTION('ref_axis',(0.,-0.996194698091746,-0.0871557427476582));
#13606=DIRECTION('',(0.,-0.996194698091746,-0.0871557427476582));
#13607=DIRECTION('center_axis',(0.,-0.996194698091746,-0.0871557427476582));
#13608=DIRECTION('ref_axis',(1.,0.,0.));
#13609=DIRECTION('',(0.,-0.0871557427476582,0.996194698091746));
#13610=DIRECTION('',(1.,0.,0.));
#13611=DIRECTION('',(0.,-0.0871557427476582,0.996194698091746));
#13612=DIRECTION('center_axis',(-1.,0.,0.));
#13613=DIRECTION('ref_axis',(0.,-0.996194698091746,-0.0871557427476582));
#13614=DIRECTION('',(0.,-0.0871557427476582,0.996194698091746));
#13615=DIRECTION('',(0.,-0.996194698091746,-0.0871557427476582));
#13616=DIRECTION('center_axis',(0.,0.996194698091746,0.0871557427476582));
#13617=DIRECTION('ref_axis',(-1.,0.,0.));
#13618=DIRECTION('',(0.,-0.0871557427476582,0.996194698091746));
#13619=DIRECTION('',(-1.,0.,0.));
#13620=DIRECTION('center_axis',(1.,0.,0.));
#13621=DIRECTION('ref_axis',(0.,0.996194698091746,0.0871557427476582));
#13622=DIRECTION('',(0.,0.996194698091746,0.0871557427476582));
#13623=DIRECTION('center_axis',(1.,0.,0.));
#13624=DIRECTION('ref_axis',(0.,0.996194698091746,0.0871557427476582));
#13625=DIRECTION('',(0.,-0.0871557427476582,0.996194698091746));
#13626=DIRECTION('',(0.,0.996194698091746,0.0871557427476582));
#13627=DIRECTION('',(0.,-0.0871557427476582,0.996194698091746));
#13628=DIRECTION('center_axis',(0.,-0.996194698091746,-0.0871557427476582));
#13629=DIRECTION('ref_axis',(1.,0.,0.));
#13630=DIRECTION('',(0.,-0.0871557427476582,0.996194698091746));
#13631=DIRECTION('',(1.,0.,0.));
#13632=DIRECTION('center_axis',(-1.,0.,0.));
#13633=DIRECTION('ref_axis',(0.,-0.996194698091746,-0.0871557427476582));
#13634=DIRECTION('',(0.,-0.0871557427476582,0.996194698091746));
#13635=DIRECTION('',(0.,-0.996194698091746,-0.0871557427476582));
#13636=DIRECTION('center_axis',(0.,0.996194698091746,0.0871557427476582));
#13637=DIRECTION('ref_axis',(-1.,0.,0.));
#13638=DIRECTION('',(-1.,0.,0.));
#13639=DIRECTION('center_axis',(1.,0.,0.));
#13640=DIRECTION('ref_axis',(0.,0.996194698091746,0.0871557427476582));
#13641=DIRECTION('',(0.,-0.0871557427476582,0.996194698091746));
#13642=DIRECTION('',(0.,0.996194698091746,0.0871557427476582));
#13643=DIRECTION('',(0.,-0.0871557427476582,0.996194698091746));
#13644=DIRECTION('center_axis',(0.,-0.996194698091746,-0.0871557427476582));
#13645=DIRECTION('ref_axis',(1.,0.,0.));
#13646=DIRECTION('',(0.,-0.0871557427476582,0.996194698091746));
#13647=DIRECTION('',(1.,0.,0.));
#13648=DIRECTION('center_axis',(-1.,0.,0.));
#13649=DIRECTION('ref_axis',(0.,-0.996194698091746,-0.0871557427476582));
#13650=DIRECTION('',(0.,-0.0871557427476582,0.996194698091746));
#13651=DIRECTION('',(0.,-0.996194698091746,-0.0871557427476582));
#13652=DIRECTION('center_axis',(0.,0.996194698091746,0.0871557427476582));
#13653=DIRECTION('ref_axis',(-1.,0.,0.));
#13654=DIRECTION('',(-1.,0.,0.));
#13655=DIRECTION('center_axis',(1.,0.,0.));
#13656=DIRECTION('ref_axis',(0.,0.996194698091746,0.0871557427476582));
#13657=DIRECTION('',(0.,-0.0871557427476582,0.996194698091746));
#13658=DIRECTION('',(0.,0.996194698091746,0.0871557427476582));
#13659=DIRECTION('',(0.,-0.0871557427476582,0.996194698091746));
#13660=DIRECTION('center_axis',(0.,-0.996194698091746,-0.0871557427476582));
#13661=DIRECTION('ref_axis',(1.,0.,0.));
#13662=DIRECTION('',(0.,-0.0871557427476582,0.996194698091746));
#13663=DIRECTION('',(1.,0.,0.));
#13664=DIRECTION('center_axis',(-1.,0.,0.));
#13665=DIRECTION('ref_axis',(0.,-0.996194698091746,-0.0871557427476582));
#13666=DIRECTION('',(0.,-0.0871557427476582,0.996194698091746));
#13667=DIRECTION('',(0.,-0.996194698091746,-0.0871557427476582));
#13668=DIRECTION('center_axis',(0.,0.996194698091746,0.0871557427476582));
#13669=DIRECTION('ref_axis',(-1.,0.,0.));
#13670=DIRECTION('',(-1.,0.,0.));
#13671=DIRECTION('center_axis',(1.,0.,0.));
#13672=DIRECTION('ref_axis',(0.,0.996194698091746,0.0871557427476582));
#13673=DIRECTION('',(0.,-0.0871557427476582,0.996194698091746));
#13674=DIRECTION('',(0.,0.996194698091746,0.0871557427476582));
#13675=DIRECTION('',(0.,-0.0871557427476582,0.996194698091746));
#13676=DIRECTION('center_axis',(0.,-0.996194698091746,-0.0871557427476582));
#13677=DIRECTION('ref_axis',(1.,0.,0.));
#13678=DIRECTION('',(0.,-0.0871557427476582,0.996194698091746));
#13679=DIRECTION('',(1.,0.,0.));
#13680=DIRECTION('center_axis',(-1.,0.,0.));
#13681=DIRECTION('ref_axis',(0.,-0.996194698091746,-0.0871557427476582));
#13682=DIRECTION('',(0.,-0.0871557427476582,0.996194698091746));
#13683=DIRECTION('',(0.,-0.996194698091746,-0.0871557427476582));
#13684=DIRECTION('center_axis',(0.,0.996194698091746,0.0871557427476582));
#13685=DIRECTION('ref_axis',(-1.,0.,0.));
#13686=DIRECTION('',(-1.,0.,0.));
#13687=DIRECTION('center_axis',(0.,0.996194698091746,0.0871557427476582));
#13688=DIRECTION('ref_axis',(-1.,0.,0.));
#13689=DIRECTION('',(0.,-0.0871557427476582,0.996194698091746));
#13690=DIRECTION('',(-1.,0.,0.));
#13691=DIRECTION('',(0.,-0.0871557427476582,0.996194698091746));
#13692=DIRECTION('center_axis',(1.,0.,0.));
#13693=DIRECTION('ref_axis',(0.,0.996194698091746,0.0871557427476582));
#13694=DIRECTION('',(0.,-0.0871557427476582,0.996194698091746));
#13695=DIRECTION('',(0.,0.996194698091746,0.0871557427476582));
#13696=DIRECTION('center_axis',(0.,-0.996194698091746,-0.0871557427476582));
#13697=DIRECTION('ref_axis',(1.,0.,0.));
#13698=DIRECTION('',(0.,-0.0871557427476582,0.996194698091746));
#13699=DIRECTION('',(1.,0.,0.));
#13700=DIRECTION('center_axis',(-1.,0.,0.));
#13701=DIRECTION('ref_axis',(0.,-0.996194698091746,-0.0871557427476582));
#13702=DIRECTION('',(0.,-0.996194698091746,-0.0871557427476582));
#13703=DIRECTION('center_axis',(0.,0.996194698091746,0.0871557427476582));
#13704=DIRECTION('ref_axis',(-1.,0.,0.));
#13705=DIRECTION('',(0.,-0.0871557427476582,0.996194698091746));
#13706=DIRECTION('',(-1.,0.,0.));
#13707=DIRECTION('',(0.,-0.0871557427476582,0.996194698091746));
#13708=DIRECTION('center_axis',(1.,0.,0.));
#13709=DIRECTION('ref_axis',(0.,0.996194698091746,0.0871557427476582));
#13710=DIRECTION('',(0.,-0.0871557427476582,0.996194698091746));
#13711=DIRECTION('',(0.,0.996194698091746,0.0871557427476582));
#13712=DIRECTION('center_axis',(0.,-0.996194698091746,-0.0871557427476582));
#13713=DIRECTION('ref_axis',(1.,0.,0.));
#13714=DIRECTION('',(0.,-0.0871557427476582,0.996194698091746));
#13715=DIRECTION('',(1.,0.,0.));
#13716=DIRECTION('center_axis',(-1.,0.,0.));
#13717=DIRECTION('ref_axis',(0.,-0.996194698091746,-0.0871557427476582));
#13718=DIRECTION('',(0.,-0.996194698091746,-0.0871557427476582));
#13719=DIRECTION('center_axis',(1.,0.,0.));
#13720=DIRECTION('ref_axis',(0.,0.996194698091746,0.0871557427476582));
#13721=DIRECTION('',(0.,-0.0871557427476582,0.996194698091746));
#13722=DIRECTION('',(0.,0.996194698091746,0.0871557427476582));
#13723=DIRECTION('',(0.,-0.0871557427476582,0.996194698091746));
#13724=DIRECTION('center_axis',(0.,-0.996194698091746,-0.0871557427476582));
#13725=DIRECTION('ref_axis',(1.,0.,0.));
#13726=DIRECTION('',(0.,-0.0871557427476582,0.996194698091746));
#13727=DIRECTION('',(1.,0.,0.));
#13728=DIRECTION('center_axis',(-1.,0.,0.));
#13729=DIRECTION('ref_axis',(0.,-0.996194698091746,-0.0871557427476582));
#13730=DIRECTION('',(0.,-0.0871557427476582,0.996194698091746));
#13731=DIRECTION('',(0.,-0.996194698091746,-0.0871557427476582));
#13732=DIRECTION('center_axis',(0.,0.996194698091746,0.0871557427476582));
#13733=DIRECTION('ref_axis',(-1.,0.,0.));
#13734=DIRECTION('',(-1.,0.,0.));
#13735=DIRECTION('center_axis',(1.,0.,0.));
#13736=DIRECTION('ref_axis',(0.,0.996194698091746,0.0871557427476582));
#13737=DIRECTION('',(0.,-0.0871557427476582,0.996194698091746));
#13738=DIRECTION('',(0.,0.996194698091746,0.0871557427476582));
#13739=DIRECTION('',(0.,-0.0871557427476582,0.996194698091746));
#13740=DIRECTION('center_axis',(0.,-0.996194698091746,-0.0871557427476582));
#13741=DIRECTION('ref_axis',(1.,0.,0.));
#13742=DIRECTION('',(0.,-0.0871557427476582,0.996194698091746));
#13743=DIRECTION('',(1.,0.,0.));
#13744=DIRECTION('center_axis',(-1.,0.,0.));
#13745=DIRECTION('ref_axis',(0.,-0.996194698091746,-0.0871557427476582));
#13746=DIRECTION('',(0.,-0.0871557427476582,0.996194698091746));
#13747=DIRECTION('',(0.,-0.996194698091746,-0.0871557427476582));
#13748=DIRECTION('center_axis',(0.,0.996194698091746,0.0871557427476582));
#13749=DIRECTION('ref_axis',(-1.,0.,0.));
#13750=DIRECTION('',(-1.,0.,0.));
#13751=DIRECTION('center_axis',(0.,0.996194698091746,0.0871557427476582));
#13752=DIRECTION('ref_axis',(-1.,0.,0.));
#13753=DIRECTION('',(0.,-0.0871557427476582,0.996194698091746));
#13754=DIRECTION('',(-1.,0.,0.));
#13755=DIRECTION('',(0.,-0.0871557427476582,0.996194698091746));
#13756=DIRECTION('center_axis',(1.,0.,0.));
#13757=DIRECTION('ref_axis',(0.,0.996194698091746,0.0871557427476582));
#13758=DIRECTION('',(0.,-0.0871557427476582,0.996194698091746));
#13759=DIRECTION('',(0.,0.996194698091746,0.0871557427476582));
#13760=DIRECTION('center_axis',(0.,-0.996194698091746,-0.0871557427476582));
#13761=DIRECTION('ref_axis',(1.,0.,0.));
#13762=DIRECTION('',(0.,-0.0871557427476582,0.996194698091746));
#13763=DIRECTION('',(1.,0.,0.));
#13764=DIRECTION('center_axis',(-1.,0.,0.));
#13765=DIRECTION('ref_axis',(0.,-0.996194698091746,-0.0871557427476582));
#13766=DIRECTION('',(0.,-0.996194698091746,-0.0871557427476582));
#13767=DIRECTION('center_axis',(0.,0.996194698091746,0.0871557427476582));
#13768=DIRECTION('ref_axis',(-1.,0.,0.));
#13769=DIRECTION('',(0.,-0.0871557427476582,0.996194698091746));
#13770=DIRECTION('',(-1.,0.,0.));
#13771=DIRECTION('',(0.,-0.0871557427476582,0.996194698091746));
#13772=DIRECTION('center_axis',(1.,0.,0.));
#13773=DIRECTION('ref_axis',(0.,0.996194698091746,0.0871557427476582));
#13774=DIRECTION('',(0.,-0.0871557427476582,0.996194698091746));
#13775=DIRECTION('',(0.,0.996194698091746,0.0871557427476582));
#13776=DIRECTION('center_axis',(0.,-0.996194698091746,-0.0871557427476582));
#13777=DIRECTION('ref_axis',(1.,0.,0.));
#13778=DIRECTION('',(0.,-0.0871557427476582,0.996194698091746));
#13779=DIRECTION('',(1.,0.,0.));
#13780=DIRECTION('center_axis',(-1.,0.,0.));
#13781=DIRECTION('ref_axis',(0.,-0.996194698091746,-0.0871557427476582));
#13782=DIRECTION('',(0.,-0.996194698091746,-0.0871557427476582));
#13783=DIRECTION('center_axis',(0.,-0.996194698091746,-0.0871557427476582));
#13784=DIRECTION('ref_axis',(1.,0.,0.));
#13785=DIRECTION('',(0.,-0.0871557427476582,0.996194698091746));
#13786=DIRECTION('',(1.,0.,0.));
#13787=DIRECTION('',(0.,-0.0871557427476582,0.996194698091746));
#13788=DIRECTION('center_axis',(-1.,0.,0.));
#13789=DIRECTION('ref_axis',(0.,-0.996194698091746,-0.0871557427476582));
#13790=DIRECTION('',(0.,-0.0871557427476582,0.996194698091746));
#13791=DIRECTION('',(0.,-0.996194698091746,-0.0871557427476582));
#13792=DIRECTION('center_axis',(0.,0.996194698091746,0.0871557427476582));
#13793=DIRECTION('ref_axis',(-1.,0.,0.));
#13794=DIRECTION('',(0.,-0.0871557427476582,0.996194698091746));
#13795=DIRECTION('',(-1.,0.,0.));
#13796=DIRECTION('center_axis',(1.,0.,0.));
#13797=DIRECTION('ref_axis',(0.,0.996194698091746,0.0871557427476582));
#13798=DIRECTION('',(0.,0.996194698091746,0.0871557427476582));
#13799=DIRECTION('center_axis',(0.,0.996194698091746,0.0871557427476582));
#13800=DIRECTION('ref_axis',(-1.,0.,0.));
#13801=DIRECTION('',(0.,-0.0871557427476582,0.996194698091746));
#13802=DIRECTION('',(-1.,0.,0.));
#13803=DIRECTION('',(0.,-0.0871557427476582,0.996194698091746));
#13804=DIRECTION('center_axis',(1.,0.,0.));
#13805=DIRECTION('ref_axis',(0.,0.996194698091746,0.0871557427476582));
#13806=DIRECTION('',(0.,-0.0871557427476582,0.996194698091746));
#13807=DIRECTION('',(0.,0.996194698091746,0.0871557427476582));
#13808=DIRECTION('center_axis',(0.,-0.996194698091746,-0.0871557427476582));
#13809=DIRECTION('ref_axis',(1.,0.,0.));
#13810=DIRECTION('',(0.,-0.0871557427476582,0.996194698091746));
#13811=DIRECTION('',(1.,0.,0.));
#13812=DIRECTION('center_axis',(-1.,0.,0.));
#13813=DIRECTION('ref_axis',(0.,-0.996194698091746,-0.0871557427476582));
#13814=DIRECTION('',(0.,-0.996194698091746,-0.0871557427476582));
#13815=DIRECTION('center_axis',(0.,-0.996194698091746,-0.0871557427476582));
#13816=DIRECTION('ref_axis',(1.,0.,0.));
#13817=DIRECTION('',(0.,-0.0871557427476582,0.996194698091746));
#13818=DIRECTION('',(1.,0.,0.));
#13819=DIRECTION('',(0.,-0.0871557427476582,0.996194698091746));
#13820=DIRECTION('center_axis',(-1.,0.,0.));
#13821=DIRECTION('ref_axis',(0.,-0.996194698091746,-0.0871557427476582));
#13822=DIRECTION('',(0.,-0.0871557427476582,0.996194698091746));
#13823=DIRECTION('',(0.,-0.996194698091746,-0.0871557427476582));
#13824=DIRECTION('center_axis',(0.,0.996194698091746,0.0871557427476582));
#13825=DIRECTION('ref_axis',(-1.,0.,0.));
#13826=DIRECTION('',(0.,-0.0871557427476582,0.996194698091746));
#13827=DIRECTION('',(-1.,0.,0.));
#13828=DIRECTION('center_axis',(1.,0.,0.));
#13829=DIRECTION('ref_axis',(0.,0.996194698091746,0.0871557427476582));
#13830=DIRECTION('',(0.,0.996194698091746,0.0871557427476582));
#13831=DIRECTION('center_axis',(-1.,0.,0.));
#13832=DIRECTION('ref_axis',(0.,-0.996194698091746,-0.0871557427476582));
#13833=DIRECTION('',(0.,-0.0871557427476582,0.996194698091746));
#13834=DIRECTION('',(0.,-0.996194698091746,-0.0871557427476582));
#13835=DIRECTION('',(0.,-0.0871557427476582,0.996194698091746));
#13836=DIRECTION('center_axis',(0.,0.996194698091746,0.0871557427476582));
#13837=DIRECTION('ref_axis',(-1.,0.,0.));
#13838=DIRECTION('',(0.,-0.0871557427476582,0.996194698091746));
#13839=DIRECTION('',(-1.,0.,0.));
#13840=DIRECTION('center_axis',(1.,0.,0.));
#13841=DIRECTION('ref_axis',(0.,0.996194698091746,0.0871557427476582));
#13842=DIRECTION('',(0.,-0.0871557427476582,0.996194698091746));
#13843=DIRECTION('',(0.,0.996194698091746,0.0871557427476582));
#13844=DIRECTION('center_axis',(0.,-0.996194698091746,-0.0871557427476582));
#13845=DIRECTION('ref_axis',(1.,0.,0.));
#13846=DIRECTION('',(1.,0.,0.));
#13847=DIRECTION('center_axis',(1.,0.,0.));
#13848=DIRECTION('ref_axis',(0.,0.996194698091746,0.0871557427476582));
#13849=DIRECTION('',(0.,-0.0871557427476582,0.996194698091746));
#13850=DIRECTION('',(0.,0.996194698091746,0.0871557427476582));
#13851=DIRECTION('',(0.,-0.0871557427476582,0.996194698091746));
#13852=DIRECTION('center_axis',(0.,-0.996194698091746,-0.0871557427476582));
#13853=DIRECTION('ref_axis',(1.,0.,0.));
#13854=DIRECTION('',(0.,-0.0871557427476582,0.996194698091746));
#13855=DIRECTION('',(1.,0.,0.));
#13856=DIRECTION('center_axis',(-1.,0.,0.));
#13857=DIRECTION('ref_axis',(0.,-0.996194698091746,-0.0871557427476582));
#13858=DIRECTION('',(0.,-0.0871557427476582,0.996194698091746));
#13859=DIRECTION('',(0.,-0.996194698091746,-0.0871557427476582));
#13860=DIRECTION('center_axis',(0.,0.996194698091746,0.0871557427476582));
#13861=DIRECTION('ref_axis',(-1.,0.,0.));
#13862=DIRECTION('',(-1.,0.,0.));
#13863=DIRECTION('center_axis',(-1.,0.,0.));
#13864=DIRECTION('ref_axis',(0.,-0.996194698091746,-0.0871557427476582));
#13865=DIRECTION('',(0.,-0.0871557427476582,0.996194698091746));
#13866=DIRECTION('',(0.,-0.996194698091746,-0.0871557427476582));
#13867=DIRECTION('',(0.,-0.0871557427476582,0.996194698091746));
#13868=DIRECTION('center_axis',(0.,-0.996194698091746,-0.0871557427476582));
#13869=DIRECTION('ref_axis',(1.,0.,0.));
#13870=DIRECTION('',(0.,-0.0871557427476582,0.996194698091746));
#13871=DIRECTION('',(1.,0.,0.));
#13872=DIRECTION('center_axis',(1.,0.,0.));
#13873=DIRECTION('ref_axis',(0.,0.996194698091746,0.0871557427476582));
#13874=DIRECTION('',(0.,-0.0871557427476582,0.996194698091746));
#13875=DIRECTION('',(0.,0.996194698091746,0.0871557427476582));
#13876=DIRECTION('center_axis',(0.,-0.996194698091746,-0.0871557427476582));
#13877=DIRECTION('ref_axis',(1.,0.,0.));
#13878=DIRECTION('',(0.,-0.0871557427476582,0.996194698091746));
#13879=DIRECTION('',(1.,0.,0.));
#13880=DIRECTION('center_axis',(1.,0.,0.));
#13881=DIRECTION('ref_axis',(0.,0.996194698091746,0.0871557427476582));
#13882=DIRECTION('',(0.,-0.0871557427476582,0.996194698091746));
#13883=DIRECTION('',(0.,0.996194698091746,0.0871557427476582));
#13884=DIRECTION('center_axis',(0.,-0.996194698091746,-0.0871557427476582));
#13885=DIRECTION('ref_axis',(1.,0.,0.));
#13886=DIRECTION('',(0.,-0.0871557427476582,0.996194698091746));
#13887=DIRECTION('',(1.,0.,0.));
#13888=DIRECTION('center_axis',(-1.,0.,0.));
#13889=DIRECTION('ref_axis',(0.,-0.996194698091746,-0.0871557427476582));
#13890=DIRECTION('',(0.,-0.0871557427476582,0.996194698091746));
#13891=DIRECTION('',(0.,-0.996194698091746,-0.0871557427476582));
#13892=DIRECTION('center_axis',(0.,-0.996194698091746,-0.0871557427476582));
#13893=DIRECTION('ref_axis',(1.,0.,0.));
#13894=DIRECTION('',(0.,-0.0871557427476582,0.996194698091746));
#13895=DIRECTION('',(1.,0.,0.));
#13896=DIRECTION('center_axis',(-1.,0.,0.));
#13897=DIRECTION('ref_axis',(0.,-0.996194698091746,-0.0871557427476582));
#13898=DIRECTION('',(0.,-0.0871557427476582,0.996194698091746));
#13899=DIRECTION('',(0.,-0.996194698091746,-0.0871557427476582));
#13900=DIRECTION('center_axis',(0.,-0.996194698091746,-0.0871557427476582));
#13901=DIRECTION('ref_axis',(1.,0.,0.));
#13902=DIRECTION('',(0.,-0.0871557427476582,0.996194698091746));
#13903=DIRECTION('',(1.,0.,0.));
#13904=DIRECTION('center_axis',(-1.,0.,0.));
#13905=DIRECTION('ref_axis',(0.,-0.996194698091746,-0.0871557427476582));
#13906=DIRECTION('',(0.,-0.0871557427476582,0.996194698091746));
#13907=DIRECTION('',(0.,-0.996194698091746,-0.0871557427476582));
#13908=DIRECTION('center_axis',(0.,0.996194698091746,0.0871557427476582));
#13909=DIRECTION('ref_axis',(-1.,0.,0.));
#13910=DIRECTION('',(0.,-0.0871557427476582,0.996194698091746));
#13911=DIRECTION('',(-1.,0.,0.));
#13912=DIRECTION('center_axis',(-1.,0.,0.));
#13913=DIRECTION('ref_axis',(0.,-0.996194698091746,-0.0871557427476582));
#13914=DIRECTION('',(0.,-0.0871557427476582,0.996194698091746));
#13915=DIRECTION('',(0.,-0.996194698091746,-0.0871557427476582));
#13916=DIRECTION('center_axis',(0.,0.996194698091746,0.0871557427476582));
#13917=DIRECTION('ref_axis',(-1.,0.,0.));
#13918=DIRECTION('',(0.,-0.0871557427476582,0.996194698091746));
#13919=DIRECTION('',(-1.,0.,0.));
#13920=DIRECTION('center_axis',(-1.,0.,0.));
#13921=DIRECTION('ref_axis',(0.,-0.996194698091746,-0.0871557427476582));
#13922=DIRECTION('',(0.,-0.0871557427476582,0.996194698091746));
#13923=DIRECTION('',(0.,-0.996194698091746,-0.0871557427476582));
#13924=DIRECTION('center_axis',(0.,0.996194698091746,0.0871557427476582));
#13925=DIRECTION('ref_axis',(-1.,0.,0.));
#13926=DIRECTION('',(0.,-0.0871557427476582,0.996194698091746));
#13927=DIRECTION('',(-1.,0.,0.));
#13928=DIRECTION('center_axis',(1.,0.,0.));
#13929=DIRECTION('ref_axis',(0.,0.996194698091746,0.0871557427476582));
#13930=DIRECTION('',(0.,-0.0871557427476582,0.996194698091746));
#13931=DIRECTION('',(0.,0.996194698091746,0.0871557427476582));
#13932=DIRECTION('center_axis',(0.,0.996194698091746,0.0871557427476582));
#13933=DIRECTION('ref_axis',(-1.,0.,0.));
#13934=DIRECTION('',(0.,-0.0871557427476582,0.996194698091746));
#13935=DIRECTION('',(-1.,0.,0.));
#13936=DIRECTION('center_axis',(1.,0.,0.));
#13937=DIRECTION('ref_axis',(0.,0.996194698091746,0.0871557427476582));
#13938=DIRECTION('',(0.,-0.0871557427476582,0.996194698091746));
#13939=DIRECTION('',(0.,0.996194698091746,0.0871557427476582));
#13940=DIRECTION('center_axis',(0.,0.996194698091746,0.0871557427476582));
#13941=DIRECTION('ref_axis',(-1.,0.,0.));
#13942=DIRECTION('',(0.,-0.0871557427476582,0.996194698091746));
#13943=DIRECTION('',(-1.,0.,0.));
#13944=DIRECTION('center_axis',(-1.,0.,0.));
#13945=DIRECTION('ref_axis',(0.,-0.996194698091746,-0.0871557427476582));
#13946=DIRECTION('',(0.,-0.0871557427476582,0.996194698091746));
#13947=DIRECTION('',(0.,-0.996194698091746,-0.0871557427476582));
#13948=DIRECTION('center_axis',(0.,0.996194698091746,0.0871557427476582));
#13949=DIRECTION('ref_axis',(-1.,0.,0.));
#13950=DIRECTION('',(0.,-0.0871557427476582,0.996194698091746));
#13951=DIRECTION('',(-1.,0.,0.));
#13952=DIRECTION('center_axis',(1.,0.,0.));
#13953=DIRECTION('ref_axis',(0.,0.996194698091746,0.0871557427476582));
#13954=DIRECTION('',(0.,-0.0871557427476582,0.996194698091746));
#13955=DIRECTION('',(0.,0.996194698091746,0.0871557427476582));
#13956=DIRECTION('center_axis',(0.,0.996194698091746,0.0871557427476582));
#13957=DIRECTION('ref_axis',(-1.,0.,0.));
#13958=DIRECTION('',(0.,-0.0871557427476582,0.996194698091746));
#13959=DIRECTION('',(-1.,0.,0.));
#13960=DIRECTION('center_axis',(-1.,0.,0.));
#13961=DIRECTION('ref_axis',(0.,-0.996194698091746,-0.0871557427476582));
#13962=DIRECTION('',(0.,-0.0871557427476582,0.996194698091746));
#13963=DIRECTION('',(0.,-0.996194698091746,-0.0871557427476582));
#13964=DIRECTION('center_axis',(0.,0.996194698091746,0.0871557427476582));
#13965=DIRECTION('ref_axis',(-1.,0.,0.));
#13966=DIRECTION('',(0.,-0.0871557427476582,0.996194698091746));
#13967=DIRECTION('',(-1.,0.,0.));
#13968=DIRECTION('center_axis',(-1.,0.,0.));
#13969=DIRECTION('ref_axis',(0.,-0.996194698091746,-0.0871557427476582));
#13970=DIRECTION('',(0.,-0.0871557427476582,0.996194698091746));
#13971=DIRECTION('',(0.,-0.996194698091746,-0.0871557427476582));
#13972=DIRECTION('center_axis',(0.,0.996194698091746,0.0871557427476582));
#13973=DIRECTION('ref_axis',(-1.,0.,0.));
#13974=DIRECTION('',(0.,-0.0871557427476582,0.996194698091746));
#13975=DIRECTION('',(-1.,0.,0.));
#13976=DIRECTION('center_axis',(1.,0.,0.));
#13977=DIRECTION('ref_axis',(0.,0.996194698091746,0.0871557427476582));
#13978=DIRECTION('',(0.,-0.0871557427476582,0.996194698091746));
#13979=DIRECTION('',(0.,0.996194698091746,0.0871557427476582));
#13980=DIRECTION('center_axis',(0.,0.996194698091746,0.0871557427476582));
#13981=DIRECTION('ref_axis',(-1.,0.,0.));
#13982=DIRECTION('',(0.,-0.0871557427476582,0.996194698091746));
#13983=DIRECTION('',(-1.,0.,0.));
#13984=DIRECTION('center_axis',(1.,0.,0.));
#13985=DIRECTION('ref_axis',(0.,0.996194698091746,0.0871557427476582));
#13986=DIRECTION('',(0.,-0.0871557427476582,0.996194698091746));
#13987=DIRECTION('',(0.,0.996194698091746,0.0871557427476582));
#13988=DIRECTION('center_axis',(0.,0.996194698091746,0.0871557427476582));
#13989=DIRECTION('ref_axis',(-1.,0.,0.));
#13990=DIRECTION('',(0.,-0.0871557427476582,0.996194698091746));
#13991=DIRECTION('',(-1.,0.,0.));
#13992=DIRECTION('center_axis',(1.,0.,0.));
#13993=DIRECTION('ref_axis',(0.,0.996194698091746,0.0871557427476582));
#13994=DIRECTION('',(0.,-0.0871557427476582,0.996194698091746));
#13995=DIRECTION('',(0.,0.996194698091746,0.0871557427476582));
#13996=DIRECTION('center_axis',(0.,-0.996194698091746,-0.0871557427476582));
#13997=DIRECTION('ref_axis',(1.,0.,0.));
#13998=DIRECTION('',(0.,-0.0871557427476582,0.996194698091746));
#13999=DIRECTION('',(1.,0.,0.));
#14000=DIRECTION('center_axis',(1.,0.,0.));
#14001=DIRECTION('ref_axis',(0.,0.996194698091746,0.0871557427476582));
#14002=DIRECTION('',(0.,-0.0871557427476582,0.996194698091746));
#14003=DIRECTION('',(0.,0.996194698091746,0.0871557427476582));
#14004=DIRECTION('center_axis',(0.,-0.996194698091746,-0.0871557427476582));
#14005=DIRECTION('ref_axis',(1.,0.,0.));
#14006=DIRECTION('',(0.,-0.0871557427476582,0.996194698091746));
#14007=DIRECTION('',(1.,0.,0.));
#14008=DIRECTION('center_axis',(1.,0.,0.));
#14009=DIRECTION('ref_axis',(0.,0.996194698091746,0.0871557427476582));
#14010=DIRECTION('',(0.,-0.0871557427476582,0.996194698091746));
#14011=DIRECTION('',(0.,0.996194698091746,0.0871557427476582));
#14012=DIRECTION('center_axis',(0.,-0.996194698091746,-0.0871557427476582));
#14013=DIRECTION('ref_axis',(1.,0.,0.));
#14014=DIRECTION('',(0.,-0.0871557427476582,0.996194698091746));
#14015=DIRECTION('',(1.,0.,0.));
#14016=DIRECTION('center_axis',(-1.,0.,0.));
#14017=DIRECTION('ref_axis',(0.,-0.996194698091746,-0.0871557427476582));
#14018=DIRECTION('',(0.,-0.0871557427476582,0.996194698091746));
#14019=DIRECTION('',(0.,-0.996194698091746,-0.0871557427476582));
#14020=DIRECTION('center_axis',(0.,-0.996194698091746,-0.0871557427476582));
#14021=DIRECTION('ref_axis',(1.,0.,0.));
#14022=DIRECTION('',(0.,-0.0871557427476582,0.996194698091746));
#14023=DIRECTION('',(1.,0.,0.));
#14024=DIRECTION('center_axis',(-1.,0.,0.));
#14025=DIRECTION('ref_axis',(0.,-0.996194698091746,-0.0871557427476582));
#14026=DIRECTION('',(0.,-0.0871557427476582,0.996194698091746));
#14027=DIRECTION('',(0.,-0.996194698091746,-0.0871557427476582));
#14028=DIRECTION('center_axis',(0.,-0.996194698091746,-0.0871557427476582));
#14029=DIRECTION('ref_axis',(1.,0.,0.));
#14030=DIRECTION('',(0.,-0.0871557427476582,0.996194698091746));
#14031=DIRECTION('',(1.,0.,0.));
#14032=DIRECTION('center_axis',(1.,0.,0.));
#14033=DIRECTION('ref_axis',(0.,0.996194698091746,0.0871557427476582));
#14034=DIRECTION('',(0.,-0.0871557427476582,0.996194698091746));
#14035=DIRECTION('',(0.,0.996194698091746,0.0871557427476582));
#14036=DIRECTION('center_axis',(0.,-0.996194698091746,-0.0871557427476582));
#14037=DIRECTION('ref_axis',(1.,0.,0.));
#14038=DIRECTION('',(1.,0.,0.));
#14039=DIRECTION('center_axis',(-1.,0.,0.));
#14040=DIRECTION('ref_axis',(0.,-0.996194698091746,-0.0871557427476582));
#14041=DIRECTION('',(0.,-0.0871557427476582,0.996194698091746));
#14042=DIRECTION('',(0.,-0.996194698091746,-0.0871557427476582));
#14043=DIRECTION('',(0.,-0.0871557427476582,0.996194698091746));
#14044=DIRECTION('center_axis',(0.,0.996194698091746,0.0871557427476582));
#14045=DIRECTION('ref_axis',(-1.,0.,0.));
#14046=DIRECTION('',(0.,-0.0871557427476582,0.996194698091746));
#14047=DIRECTION('',(-1.,0.,0.));
#14048=DIRECTION('center_axis',(1.,0.,0.));
#14049=DIRECTION('ref_axis',(0.,0.996194698091746,0.0871557427476582));
#14050=DIRECTION('',(0.,-0.0871557427476582,0.996194698091746));
#14051=DIRECTION('',(0.,0.996194698091746,0.0871557427476582));
#14052=DIRECTION('center_axis',(0.,-0.996194698091746,-0.0871557427476582));
#14053=DIRECTION('ref_axis',(1.,0.,0.));
#14054=DIRECTION('',(1.,0.,0.));
#14055=DIRECTION('center_axis',(0.,-0.996194698091746,-0.0871557427476582));
#14056=DIRECTION('ref_axis',(1.,0.,0.));
#14057=DIRECTION('',(0.,-0.0871557427476582,0.996194698091746));
#14058=DIRECTION('',(1.,0.,0.));
#14059=DIRECTION('',(0.,-0.0871557427476582,0.996194698091746));
#14060=DIRECTION('center_axis',(-1.,0.,0.));
#14061=DIRECTION('ref_axis',(0.,-0.996194698091746,-0.0871557427476582));
#14062=DIRECTION('',(0.,-0.0871557427476582,0.996194698091746));
#14063=DIRECTION('',(0.,-0.996194698091746,-0.0871557427476582));
#14064=DIRECTION('center_axis',(0.,0.996194698091746,0.0871557427476582));
#14065=DIRECTION('ref_axis',(-1.,0.,0.));
#14066=DIRECTION('',(0.,-0.0871557427476582,0.996194698091746));
#14067=DIRECTION('',(-1.,0.,0.));
#14068=DIRECTION('center_axis',(1.,0.,0.));
#14069=DIRECTION('ref_axis',(0.,0.996194698091746,0.0871557427476582));
#14070=DIRECTION('',(0.,0.996194698091746,0.0871557427476582));
#14071=DIRECTION('center_axis',(0.,0.996194698091746,0.0871557427476582));
#14072=DIRECTION('ref_axis',(-1.,0.,0.));
#14073=DIRECTION('',(0.,-0.0871557427476582,0.996194698091746));
#14074=DIRECTION('',(-1.,0.,0.));
#14075=DIRECTION('',(0.,-0.0871557427476582,0.996194698091746));
#14076=DIRECTION('center_axis',(1.,0.,0.));
#14077=DIRECTION('ref_axis',(0.,0.996194698091746,0.0871557427476582));
#14078=DIRECTION('',(0.,-0.0871557427476582,0.996194698091746));
#14079=DIRECTION('',(0.,0.996194698091746,0.0871557427476582));
#14080=DIRECTION('center_axis',(0.,-0.996194698091746,-0.0871557427476582));
#14081=DIRECTION('ref_axis',(1.,0.,0.));
#14082=DIRECTION('',(0.,-0.0871557427476582,0.996194698091746));
#14083=DIRECTION('',(1.,0.,0.));
#14084=DIRECTION('center_axis',(-1.,0.,0.));
#14085=DIRECTION('ref_axis',(0.,-0.996194698091746,-0.0871557427476582));
#14086=DIRECTION('',(0.,-0.996194698091746,-0.0871557427476582));
#14087=DIRECTION('center_axis',(-1.,0.,0.));
#14088=DIRECTION('ref_axis',(0.,-0.996194698091746,-0.0871557427476582));
#14089=DIRECTION('',(0.,-0.0871557427476582,0.996194698091746));
#14090=DIRECTION('',(0.,-0.996194698091746,-0.0871557427476582));
#14091=DIRECTION('',(0.,-0.0871557427476582,0.996194698091746));
#14092=DIRECTION('center_axis',(0.,-0.996194698091746,-0.0871557427476582));
#14093=DIRECTION('ref_axis',(1.,0.,0.));
#14094=DIRECTION('',(0.,-0.0871557427476582,0.996194698091746));
#14095=DIRECTION('',(1.,0.,0.));
#14096=DIRECTION('center_axis',(1.,0.,0.));
#14097=DIRECTION('ref_axis',(0.,0.996194698091746,0.0871557427476582));
#14098=DIRECTION('',(0.,-0.0871557427476582,0.996194698091746));
#14099=DIRECTION('',(0.,0.996194698091746,0.0871557427476582));
#14100=DIRECTION('center_axis',(0.,-0.996194698091746,-0.0871557427476582));
#14101=DIRECTION('ref_axis',(1.,0.,0.));
#14102=DIRECTION('',(0.,-0.0871557427476582,0.996194698091746));
#14103=DIRECTION('',(1.,0.,0.));
#14104=DIRECTION('center_axis',(1.,0.,0.));
#14105=DIRECTION('ref_axis',(0.,0.996194698091746,0.0871557427476582));
#14106=DIRECTION('',(0.,-0.0871557427476582,0.996194698091746));
#14107=DIRECTION('',(0.,0.996194698091746,0.0871557427476582));
#14108=DIRECTION('center_axis',(0.,-0.996194698091746,-0.0871557427476582));
#14109=DIRECTION('ref_axis',(1.,0.,0.));
#14110=DIRECTION('',(0.,-0.0871557427476582,0.996194698091746));
#14111=DIRECTION('',(1.,0.,0.));
#14112=DIRECTION('center_axis',(-1.,0.,0.));
#14113=DIRECTION('ref_axis',(0.,-0.996194698091746,-0.0871557427476582));
#14114=DIRECTION('',(0.,-0.0871557427476582,0.996194698091746));
#14115=DIRECTION('',(0.,-0.996194698091746,-0.0871557427476582));
#14116=DIRECTION('center_axis',(0.,-0.996194698091746,-0.0871557427476582));
#14117=DIRECTION('ref_axis',(1.,0.,0.));
#14118=DIRECTION('',(0.,-0.0871557427476582,0.996194698091746));
#14119=DIRECTION('',(1.,0.,0.));
#14120=DIRECTION('center_axis',(-1.,0.,0.));
#14121=DIRECTION('ref_axis',(0.,-0.996194698091746,-0.0871557427476582));
#14122=DIRECTION('',(0.,-0.0871557427476582,0.996194698091746));
#14123=DIRECTION('',(0.,-0.996194698091746,-0.0871557427476582));
#14124=DIRECTION('center_axis',(0.,-0.996194698091746,-0.0871557427476582));
#14125=DIRECTION('ref_axis',(1.,0.,0.));
#14126=DIRECTION('',(0.,-0.0871557427476582,0.996194698091746));
#14127=DIRECTION('',(1.,0.,0.));
#14128=DIRECTION('center_axis',(-1.,0.,0.));
#14129=DIRECTION('ref_axis',(0.,-0.996194698091746,-0.0871557427476582));
#14130=DIRECTION('',(0.,-0.0871557427476582,0.996194698091746));
#14131=DIRECTION('',(0.,-0.996194698091746,-0.0871557427476582));
#14132=DIRECTION('center_axis',(0.,0.996194698091746,0.0871557427476582));
#14133=DIRECTION('ref_axis',(-1.,0.,0.));
#14134=DIRECTION('',(0.,-0.0871557427476582,0.996194698091746));
#14135=DIRECTION('',(-1.,0.,0.));
#14136=DIRECTION('center_axis',(-1.,0.,0.));
#14137=DIRECTION('ref_axis',(0.,-0.996194698091746,-0.0871557427476582));
#14138=DIRECTION('',(0.,-0.0871557427476582,0.996194698091746));
#14139=DIRECTION('',(0.,-0.996194698091746,-0.0871557427476582));
#14140=DIRECTION('center_axis',(0.,0.996194698091746,0.0871557427476582));
#14141=DIRECTION('ref_axis',(-1.,0.,0.));
#14142=DIRECTION('',(0.,-0.0871557427476582,0.996194698091746));
#14143=DIRECTION('',(-1.,0.,0.));
#14144=DIRECTION('center_axis',(-1.,0.,0.));
#14145=DIRECTION('ref_axis',(0.,-0.996194698091746,-0.0871557427476582));
#14146=DIRECTION('',(0.,-0.0871557427476582,0.996194698091746));
#14147=DIRECTION('',(0.,-0.996194698091746,-0.0871557427476582));
#14148=DIRECTION('center_axis',(0.,0.996194698091746,0.0871557427476582));
#14149=DIRECTION('ref_axis',(-1.,0.,0.));
#14150=DIRECTION('',(0.,-0.0871557427476582,0.996194698091746));
#14151=DIRECTION('',(-1.,0.,0.));
#14152=DIRECTION('center_axis',(1.,0.,0.));
#14153=DIRECTION('ref_axis',(0.,0.996194698091746,0.0871557427476582));
#14154=DIRECTION('',(0.,-0.0871557427476582,0.996194698091746));
#14155=DIRECTION('',(0.,0.996194698091746,0.0871557427476582));
#14156=DIRECTION('center_axis',(0.,0.996194698091746,0.0871557427476582));
#14157=DIRECTION('ref_axis',(-1.,0.,0.));
#14158=DIRECTION('',(0.,-0.0871557427476582,0.996194698091746));
#14159=DIRECTION('',(-1.,0.,0.));
#14160=DIRECTION('center_axis',(1.,0.,0.));
#14161=DIRECTION('ref_axis',(0.,0.996194698091746,0.0871557427476582));
#14162=DIRECTION('',(0.,-0.0871557427476582,0.996194698091746));
#14163=DIRECTION('',(0.,0.996194698091746,0.0871557427476582));
#14164=DIRECTION('center_axis',(0.,0.996194698091746,0.0871557427476582));
#14165=DIRECTION('ref_axis',(-1.,0.,0.));
#14166=DIRECTION('',(0.,-0.0871557427476582,0.996194698091746));
#14167=DIRECTION('',(-1.,0.,0.));
#14168=DIRECTION('center_axis',(-1.,0.,0.));
#14169=DIRECTION('ref_axis',(0.,-0.996194698091746,-0.0871557427476582));
#14170=DIRECTION('',(0.,-0.0871557427476582,0.996194698091746));
#14171=DIRECTION('',(0.,-0.996194698091746,-0.0871557427476582));
#14172=DIRECTION('center_axis',(0.,0.996194698091746,0.0871557427476582));
#14173=DIRECTION('ref_axis',(-1.,0.,0.));
#14174=DIRECTION('',(0.,-0.0871557427476582,0.996194698091746));
#14175=DIRECTION('',(-1.,0.,0.));
#14176=DIRECTION('center_axis',(1.,0.,0.));
#14177=DIRECTION('ref_axis',(0.,0.996194698091746,0.0871557427476582));
#14178=DIRECTION('',(0.,-0.0871557427476582,0.996194698091746));
#14179=DIRECTION('',(0.,0.996194698091746,0.0871557427476582));
#14180=DIRECTION('center_axis',(0.,0.996194698091746,0.0871557427476582));
#14181=DIRECTION('ref_axis',(-1.,0.,0.));
#14182=DIRECTION('',(0.,-0.0871557427476582,0.996194698091746));
#14183=DIRECTION('',(-1.,0.,0.));
#14184=DIRECTION('center_axis',(-1.,0.,0.));
#14185=DIRECTION('ref_axis',(0.,-0.996194698091746,-0.0871557427476582));
#14186=DIRECTION('',(0.,-0.0871557427476582,0.996194698091746));
#14187=DIRECTION('',(0.,-0.996194698091746,-0.0871557427476582));
#14188=DIRECTION('center_axis',(0.,0.996194698091746,0.0871557427476582));
#14189=DIRECTION('ref_axis',(-1.,0.,0.));
#14190=DIRECTION('',(0.,-0.0871557427476582,0.996194698091746));
#14191=DIRECTION('',(-1.,0.,0.));
#14192=DIRECTION('center_axis',(-1.,0.,0.));
#14193=DIRECTION('ref_axis',(0.,-0.996194698091746,-0.0871557427476582));
#14194=DIRECTION('',(0.,-0.0871557427476582,0.996194698091746));
#14195=DIRECTION('',(0.,-0.996194698091746,-0.0871557427476582));
#14196=DIRECTION('center_axis',(0.,0.996194698091746,0.0871557427476582));
#14197=DIRECTION('ref_axis',(-1.,0.,0.));
#14198=DIRECTION('',(0.,-0.0871557427476582,0.996194698091746));
#14199=DIRECTION('',(-1.,0.,0.));
#14200=DIRECTION('center_axis',(1.,0.,0.));
#14201=DIRECTION('ref_axis',(0.,0.996194698091746,0.0871557427476582));
#14202=DIRECTION('',(0.,-0.0871557427476582,0.996194698091746));
#14203=DIRECTION('',(0.,0.996194698091746,0.0871557427476582));
#14204=DIRECTION('center_axis',(0.,0.996194698091746,0.0871557427476582));
#14205=DIRECTION('ref_axis',(-1.,0.,0.));
#14206=DIRECTION('',(0.,-0.0871557427476582,0.996194698091746));
#14207=DIRECTION('',(-1.,0.,0.));
#14208=DIRECTION('center_axis',(1.,0.,0.));
#14209=DIRECTION('ref_axis',(0.,0.996194698091746,0.0871557427476582));
#14210=DIRECTION('',(0.,-0.0871557427476582,0.996194698091746));
#14211=DIRECTION('',(0.,0.996194698091746,0.0871557427476582));
#14212=DIRECTION('center_axis',(0.,0.996194698091746,0.0871557427476582));
#14213=DIRECTION('ref_axis',(-1.,0.,0.));
#14214=DIRECTION('',(0.,-0.0871557427476582,0.996194698091746));
#14215=DIRECTION('',(-1.,0.,0.));
#14216=DIRECTION('center_axis',(1.,0.,0.));
#14217=DIRECTION('ref_axis',(0.,0.996194698091746,0.0871557427476582));
#14218=DIRECTION('',(0.,-0.0871557427476582,0.996194698091746));
#14219=DIRECTION('',(0.,0.996194698091746,0.0871557427476582));
#14220=DIRECTION('center_axis',(0.,-0.996194698091746,-0.0871557427476582));
#14221=DIRECTION('ref_axis',(1.,0.,0.));
#14222=DIRECTION('',(0.,-0.0871557427476582,0.996194698091746));
#14223=DIRECTION('',(1.,0.,0.));
#14224=DIRECTION('center_axis',(1.,0.,0.));
#14225=DIRECTION('ref_axis',(0.,0.996194698091746,0.0871557427476582));
#14226=DIRECTION('',(0.,-0.0871557427476582,0.996194698091746));
#14227=DIRECTION('',(0.,0.996194698091746,0.0871557427476582));
#14228=DIRECTION('center_axis',(0.,-0.996194698091746,-0.0871557427476582));
#14229=DIRECTION('ref_axis',(1.,0.,0.));
#14230=DIRECTION('',(0.,-0.0871557427476582,0.996194698091746));
#14231=DIRECTION('',(1.,0.,0.));
#14232=DIRECTION('center_axis',(1.,0.,0.));
#14233=DIRECTION('ref_axis',(0.,0.996194698091746,0.0871557427476582));
#14234=DIRECTION('',(0.,-0.0871557427476582,0.996194698091746));
#14235=DIRECTION('',(0.,0.996194698091746,0.0871557427476582));
#14236=DIRECTION('center_axis',(0.,-0.996194698091746,-0.0871557427476582));
#14237=DIRECTION('ref_axis',(1.,0.,0.));
#14238=DIRECTION('',(0.,-0.0871557427476582,0.996194698091746));
#14239=DIRECTION('',(1.,0.,0.));
#14240=DIRECTION('center_axis',(-1.,0.,0.));
#14241=DIRECTION('ref_axis',(0.,-0.996194698091746,-0.0871557427476582));
#14242=DIRECTION('',(0.,-0.0871557427476582,0.996194698091746));
#14243=DIRECTION('',(0.,-0.996194698091746,-0.0871557427476582));
#14244=DIRECTION('center_axis',(0.,-0.996194698091746,-0.0871557427476582));
#14245=DIRECTION('ref_axis',(1.,0.,0.));
#14246=DIRECTION('',(0.,-0.0871557427476582,0.996194698091746));
#14247=DIRECTION('',(1.,0.,0.));
#14248=DIRECTION('center_axis',(-1.,0.,0.));
#14249=DIRECTION('ref_axis',(0.,-0.996194698091746,-0.0871557427476582));
#14250=DIRECTION('',(0.,-0.0871557427476582,0.996194698091746));
#14251=DIRECTION('',(0.,-0.996194698091746,-0.0871557427476582));
#14252=DIRECTION('center_axis',(0.,-0.996194698091746,-0.0871557427476582));
#14253=DIRECTION('ref_axis',(1.,0.,0.));
#14254=DIRECTION('',(0.,-0.0871557427476582,0.996194698091746));
#14255=DIRECTION('',(1.,0.,0.));
#14256=DIRECTION('center_axis',(1.,0.,0.));
#14257=DIRECTION('ref_axis',(0.,0.996194698091746,0.0871557427476582));
#14258=DIRECTION('',(0.,-0.0871557427476582,0.996194698091746));
#14259=DIRECTION('',(0.,0.996194698091746,0.0871557427476582));
#14260=DIRECTION('center_axis',(0.,-0.996194698091746,-0.0871557427476582));
#14261=DIRECTION('ref_axis',(1.,0.,0.));
#14262=DIRECTION('',(1.,0.,0.));
#14263=DIRECTION('center_axis',(-1.,0.,0.));
#14264=DIRECTION('ref_axis',(0.,-0.996194698091746,-0.0871557427476582));
#14265=DIRECTION('',(0.,-0.0871557427476582,0.996194698091746));
#14266=DIRECTION('',(0.,-0.996194698091746,-0.0871557427476582));
#14267=DIRECTION('',(0.,-0.0871557427476582,0.996194698091746));
#14268=DIRECTION('center_axis',(0.,0.996194698091746,0.0871557427476582));
#14269=DIRECTION('ref_axis',(-1.,0.,0.));
#14270=DIRECTION('',(0.,-0.0871557427476582,0.996194698091746));
#14271=DIRECTION('',(-1.,0.,0.));
#14272=DIRECTION('center_axis',(1.,0.,0.));
#14273=DIRECTION('ref_axis',(0.,0.996194698091746,0.0871557427476582));
#14274=DIRECTION('',(0.,-0.0871557427476582,0.996194698091746));
#14275=DIRECTION('',(0.,0.996194698091746,0.0871557427476582));
#14276=DIRECTION('center_axis',(0.,-0.996194698091746,-0.0871557427476582));
#14277=DIRECTION('ref_axis',(1.,0.,0.));
#14278=DIRECTION('',(1.,0.,0.));
#14279=DIRECTION('center_axis',(1.,0.,0.));
#14280=DIRECTION('ref_axis',(0.,0.996194698091746,0.0871557427476582));
#14281=DIRECTION('',(0.,-0.0871557427476582,0.996194698091746));
#14282=DIRECTION('',(0.,0.996194698091746,0.0871557427476582));
#14283=DIRECTION('',(0.,-0.0871557427476582,0.996194698091746));
#14284=DIRECTION('center_axis',(0.,-0.996194698091746,-0.0871557427476582));
#14285=DIRECTION('ref_axis',(1.,0.,0.));
#14286=DIRECTION('',(0.,-0.0871557427476582,0.996194698091746));
#14287=DIRECTION('',(1.,0.,0.));
#14288=DIRECTION('center_axis',(-1.,0.,0.));
#14289=DIRECTION('ref_axis',(0.,-0.996194698091746,-0.0871557427476582));
#14290=DIRECTION('',(0.,-0.0871557427476582,0.996194698091746));
#14291=DIRECTION('',(0.,-0.996194698091746,-0.0871557427476582));
#14292=DIRECTION('center_axis',(0.,-0.996194698091746,-0.0871557427476582));
#14293=DIRECTION('ref_axis',(1.,0.,0.));
#14294=DIRECTION('',(0.,-0.0871557427476582,0.996194698091746));
#14295=DIRECTION('',(1.,0.,0.));
#14296=DIRECTION('center_axis',(1.,0.,0.));
#14297=DIRECTION('ref_axis',(0.,0.996194698091746,0.0871557427476582));
#14298=DIRECTION('',(0.,-0.0871557427476582,0.996194698091746));
#14299=DIRECTION('',(0.,0.996194698091746,0.0871557427476582));
#14300=DIRECTION('center_axis',(0.,-0.996194698091746,-0.0871557427476582));
#14301=DIRECTION('ref_axis',(1.,0.,0.));
#14302=DIRECTION('',(0.,-0.0871557427476582,0.996194698091746));
#14303=DIRECTION('',(1.,0.,0.));
#14304=DIRECTION('center_axis',(1.,0.,0.));
#14305=DIRECTION('ref_axis',(0.,0.996194698091746,0.0871557427476582));
#14306=DIRECTION('',(0.,-0.0871557427476582,0.996194698091746));
#14307=DIRECTION('',(0.,0.996194698091746,0.0871557427476582));
#14308=DIRECTION('center_axis',(0.,-0.996194698091746,-0.0871557427476582));
#14309=DIRECTION('ref_axis',(1.,0.,0.));
#14310=DIRECTION('',(0.,-0.0871557427476582,0.996194698091746));
#14311=DIRECTION('',(1.,0.,0.));
#14312=DIRECTION('center_axis',(-1.,0.,0.));
#14313=DIRECTION('ref_axis',(0.,-0.996194698091746,-0.0871557427476582));
#14314=DIRECTION('',(0.,-0.0871557427476582,0.996194698091746));
#14315=DIRECTION('',(0.,-0.996194698091746,-0.0871557427476582));
#14316=DIRECTION('center_axis',(0.,-0.996194698091746,-0.0871557427476582));
#14317=DIRECTION('ref_axis',(1.,0.,0.));
#14318=DIRECTION('',(0.,-0.0871557427476582,0.996194698091746));
#14319=DIRECTION('',(1.,0.,0.));
#14320=DIRECTION('center_axis',(-1.,0.,0.));
#14321=DIRECTION('ref_axis',(0.,-0.996194698091746,-0.0871557427476582));
#14322=DIRECTION('',(0.,-0.0871557427476582,0.996194698091746));
#14323=DIRECTION('',(0.,-0.996194698091746,-0.0871557427476582));
#14324=DIRECTION('center_axis',(0.,-0.996194698091746,-0.0871557427476582));
#14325=DIRECTION('ref_axis',(1.,0.,0.));
#14326=DIRECTION('',(0.,-0.0871557427476582,0.996194698091746));
#14327=DIRECTION('',(1.,0.,0.));
#14328=DIRECTION('center_axis',(-1.,0.,0.));
#14329=DIRECTION('ref_axis',(0.,-0.996194698091746,-0.0871557427476582));
#14330=DIRECTION('',(0.,-0.0871557427476582,0.996194698091746));
#14331=DIRECTION('',(0.,-0.996194698091746,-0.0871557427476582));
#14332=DIRECTION('center_axis',(0.,0.996194698091746,0.0871557427476582));
#14333=DIRECTION('ref_axis',(-1.,0.,0.));
#14334=DIRECTION('',(0.,-0.0871557427476582,0.996194698091746));
#14335=DIRECTION('',(-1.,0.,0.));
#14336=DIRECTION('center_axis',(-1.,0.,0.));
#14337=DIRECTION('ref_axis',(0.,-0.996194698091746,-0.0871557427476582));
#14338=DIRECTION('',(0.,-0.0871557427476582,0.996194698091746));
#14339=DIRECTION('',(0.,-0.996194698091746,-0.0871557427476582));
#14340=DIRECTION('center_axis',(0.,0.996194698091746,0.0871557427476582));
#14341=DIRECTION('ref_axis',(-1.,0.,0.));
#14342=DIRECTION('',(0.,-0.0871557427476582,0.996194698091746));
#14343=DIRECTION('',(-1.,0.,0.));
#14344=DIRECTION('center_axis',(-1.,0.,0.));
#14345=DIRECTION('ref_axis',(0.,-0.996194698091746,-0.0871557427476582));
#14346=DIRECTION('',(0.,-0.0871557427476582,0.996194698091746));
#14347=DIRECTION('',(0.,-0.996194698091746,-0.0871557427476582));
#14348=DIRECTION('center_axis',(0.,0.996194698091746,0.0871557427476582));
#14349=DIRECTION('ref_axis',(-1.,0.,0.));
#14350=DIRECTION('',(0.,-0.0871557427476582,0.996194698091746));
#14351=DIRECTION('',(-1.,0.,0.));
#14352=DIRECTION('center_axis',(1.,0.,0.));
#14353=DIRECTION('ref_axis',(0.,0.996194698091746,0.0871557427476582));
#14354=DIRECTION('',(0.,-0.0871557427476582,0.996194698091746));
#14355=DIRECTION('',(0.,0.996194698091746,0.0871557427476582));
#14356=DIRECTION('center_axis',(0.,0.996194698091746,0.0871557427476582));
#14357=DIRECTION('ref_axis',(-1.,0.,0.));
#14358=DIRECTION('',(0.,-0.0871557427476582,0.996194698091746));
#14359=DIRECTION('',(-1.,0.,0.));
#14360=DIRECTION('center_axis',(1.,0.,0.));
#14361=DIRECTION('ref_axis',(0.,0.996194698091746,0.0871557427476582));
#14362=DIRECTION('',(0.,-0.0871557427476582,0.996194698091746));
#14363=DIRECTION('',(0.,0.996194698091746,0.0871557427476582));
#14364=DIRECTION('center_axis',(0.,0.996194698091746,0.0871557427476582));
#14365=DIRECTION('ref_axis',(-1.,0.,0.));
#14366=DIRECTION('',(0.,-0.0871557427476582,0.996194698091746));
#14367=DIRECTION('',(-1.,0.,0.));
#14368=DIRECTION('center_axis',(-1.,0.,0.));
#14369=DIRECTION('ref_axis',(0.,-0.996194698091746,-0.0871557427476582));
#14370=DIRECTION('',(0.,-0.0871557427476582,0.996194698091746));
#14371=DIRECTION('',(0.,-0.996194698091746,-0.0871557427476582));
#14372=DIRECTION('center_axis',(0.,0.996194698091746,0.0871557427476582));
#14373=DIRECTION('ref_axis',(-1.,0.,0.));
#14374=DIRECTION('',(0.,-0.0871557427476582,0.996194698091746));
#14375=DIRECTION('',(-1.,0.,0.));
#14376=DIRECTION('center_axis',(1.,0.,0.));
#14377=DIRECTION('ref_axis',(0.,0.996194698091746,0.0871557427476582));
#14378=DIRECTION('',(0.,-0.0871557427476582,0.996194698091746));
#14379=DIRECTION('',(0.,0.996194698091746,0.0871557427476582));
#14380=DIRECTION('center_axis',(0.,0.996194698091746,0.0871557427476582));
#14381=DIRECTION('ref_axis',(-1.,0.,0.));
#14382=DIRECTION('',(0.,-0.0871557427476582,0.996194698091746));
#14383=DIRECTION('',(-1.,0.,0.));
#14384=DIRECTION('center_axis',(-1.,0.,0.));
#14385=DIRECTION('ref_axis',(0.,-0.996194698091746,-0.0871557427476582));
#14386=DIRECTION('',(0.,-0.0871557427476582,0.996194698091746));
#14387=DIRECTION('',(0.,-0.996194698091746,-0.0871557427476582));
#14388=DIRECTION('center_axis',(0.,0.996194698091746,0.0871557427476582));
#14389=DIRECTION('ref_axis',(-1.,0.,0.));
#14390=DIRECTION('',(0.,-0.0871557427476582,0.996194698091746));
#14391=DIRECTION('',(-1.,0.,0.));
#14392=DIRECTION('center_axis',(-1.,0.,0.));
#14393=DIRECTION('ref_axis',(0.,-0.996194698091746,-0.0871557427476582));
#14394=DIRECTION('',(0.,-0.0871557427476582,0.996194698091746));
#14395=DIRECTION('',(0.,-0.996194698091746,-0.0871557427476582));
#14396=DIRECTION('center_axis',(0.,0.996194698091746,0.0871557427476582));
#14397=DIRECTION('ref_axis',(-1.,0.,0.));
#14398=DIRECTION('',(0.,-0.0871557427476582,0.996194698091746));
#14399=DIRECTION('',(-1.,0.,0.));
#14400=DIRECTION('center_axis',(1.,0.,0.));
#14401=DIRECTION('ref_axis',(0.,0.996194698091746,0.0871557427476582));
#14402=DIRECTION('',(0.,-0.0871557427476582,0.996194698091746));
#14403=DIRECTION('',(0.,0.996194698091746,0.0871557427476582));
#14404=DIRECTION('center_axis',(0.,0.996194698091746,0.0871557427476582));
#14405=DIRECTION('ref_axis',(-1.,0.,0.));
#14406=DIRECTION('',(0.,-0.0871557427476582,0.996194698091746));
#14407=DIRECTION('',(-1.,0.,0.));
#14408=DIRECTION('center_axis',(1.,0.,0.));
#14409=DIRECTION('ref_axis',(0.,0.996194698091746,0.0871557427476582));
#14410=DIRECTION('',(0.,-0.0871557427476582,0.996194698091746));
#14411=DIRECTION('',(0.,0.996194698091746,0.0871557427476582));
#14412=DIRECTION('center_axis',(0.,0.996194698091746,0.0871557427476582));
#14413=DIRECTION('ref_axis',(-1.,0.,0.));
#14414=DIRECTION('',(0.,-0.0871557427476582,0.996194698091746));
#14415=DIRECTION('',(-1.,0.,0.));
#14416=DIRECTION('center_axis',(1.,0.,0.));
#14417=DIRECTION('ref_axis',(0.,0.996194698091746,0.0871557427476582));
#14418=DIRECTION('',(0.,-0.0871557427476582,0.996194698091746));
#14419=DIRECTION('',(0.,0.996194698091746,0.0871557427476582));
#14420=DIRECTION('center_axis',(0.,-0.996194698091746,-0.0871557427476582));
#14421=DIRECTION('ref_axis',(1.,0.,0.));
#14422=DIRECTION('',(0.,-0.0871557427476582,0.996194698091746));
#14423=DIRECTION('',(1.,0.,0.));
#14424=DIRECTION('center_axis',(1.,0.,0.));
#14425=DIRECTION('ref_axis',(0.,0.996194698091746,0.0871557427476582));
#14426=DIRECTION('',(0.,-0.0871557427476582,0.996194698091746));
#14427=DIRECTION('',(0.,0.996194698091746,0.0871557427476582));
#14428=DIRECTION('center_axis',(0.,-0.996194698091746,-0.0871557427476582));
#14429=DIRECTION('ref_axis',(1.,0.,0.));
#14430=DIRECTION('',(0.,-0.0871557427476582,0.996194698091746));
#14431=DIRECTION('',(1.,0.,0.));
#14432=DIRECTION('center_axis',(1.,0.,0.));
#14433=DIRECTION('ref_axis',(0.,0.996194698091746,0.0871557427476582));
#14434=DIRECTION('',(0.,-0.0871557427476582,0.996194698091746));
#14435=DIRECTION('',(0.,0.996194698091746,0.0871557427476582));
#14436=DIRECTION('center_axis',(0.,-0.996194698091746,-0.0871557427476582));
#14437=DIRECTION('ref_axis',(1.,0.,0.));
#14438=DIRECTION('',(0.,-0.0871557427476582,0.996194698091746));
#14439=DIRECTION('',(1.,0.,0.));
#14440=DIRECTION('center_axis',(-1.,0.,0.));
#14441=DIRECTION('ref_axis',(0.,-0.996194698091746,-0.0871557427476582));
#14442=DIRECTION('',(0.,-0.0871557427476582,0.996194698091746));
#14443=DIRECTION('',(0.,-0.996194698091746,-0.0871557427476582));
#14444=DIRECTION('center_axis',(0.,-0.996194698091746,-0.0871557427476582));
#14445=DIRECTION('ref_axis',(1.,0.,0.));
#14446=DIRECTION('',(0.,-0.0871557427476582,0.996194698091746));
#14447=DIRECTION('',(1.,0.,0.));
#14448=DIRECTION('center_axis',(-1.,0.,0.));
#14449=DIRECTION('ref_axis',(0.,-0.996194698091746,-0.0871557427476582));
#14450=DIRECTION('',(0.,-0.0871557427476582,0.996194698091746));
#14451=DIRECTION('',(0.,-0.996194698091746,-0.0871557427476582));
#14452=DIRECTION('center_axis',(0.,-0.996194698091746,-0.0871557427476582));
#14453=DIRECTION('ref_axis',(1.,0.,0.));
#14454=DIRECTION('',(1.,0.,0.));
#14455=DIRECTION('center_axis',(0.,0.996194698091746,0.0871557427476582));
#14456=DIRECTION('ref_axis',(-1.,0.,0.));
#14457=DIRECTION('',(0.,-0.0871557427476582,0.996194698091746));
#14458=DIRECTION('',(-1.,0.,0.));
#14459=DIRECTION('',(0.,-0.0871557427476582,0.996194698091746));
#14460=DIRECTION('center_axis',(1.,0.,0.));
#14461=DIRECTION('ref_axis',(0.,0.996194698091746,0.0871557427476582));
#14462=DIRECTION('',(0.,-0.0871557427476582,0.996194698091746));
#14463=DIRECTION('',(0.,0.996194698091746,0.0871557427476582));
#14464=DIRECTION('center_axis',(0.,-0.996194698091746,-0.0871557427476582));
#14465=DIRECTION('ref_axis',(1.,0.,0.));
#14466=DIRECTION('',(0.,-0.0871557427476582,0.996194698091746));
#14467=DIRECTION('',(1.,0.,0.));
#14468=DIRECTION('center_axis',(-1.,0.,0.));
#14469=DIRECTION('ref_axis',(0.,-0.996194698091746,-0.0871557427476582));
#14470=DIRECTION('',(0.,-0.996194698091746,-0.0871557427476582));
#14471=DIRECTION('center_axis',(0.,0.996194698091746,0.0871557427476582));
#14472=DIRECTION('ref_axis',(-1.,0.,0.));
#14473=DIRECTION('',(0.,-0.0871557427476582,0.996194698091746));
#14474=DIRECTION('',(-1.,0.,0.));
#14475=DIRECTION('',(0.,-0.0871557427476582,0.996194698091746));
#14476=DIRECTION('center_axis',(1.,0.,0.));
#14477=DIRECTION('ref_axis',(0.,0.996194698091746,0.0871557427476582));
#14478=DIRECTION('',(0.,-0.0871557427476582,0.996194698091746));
#14479=DIRECTION('',(0.,0.996194698091746,0.0871557427476582));
#14480=DIRECTION('center_axis',(0.,-0.996194698091746,-0.0871557427476582));
#14481=DIRECTION('ref_axis',(1.,0.,0.));
#14482=DIRECTION('',(0.,-0.0871557427476582,0.996194698091746));
#14483=DIRECTION('',(1.,0.,0.));
#14484=DIRECTION('center_axis',(-1.,0.,0.));
#14485=DIRECTION('ref_axis',(0.,-0.996194698091746,-0.0871557427476582));
#14486=DIRECTION('',(0.,-0.996194698091746,-0.0871557427476582));
#14487=DIRECTION('center_axis',(0.,0.996194698091746,0.0871557427476582));
#14488=DIRECTION('ref_axis',(-1.,0.,0.));
#14489=DIRECTION('',(0.,-0.0871557427476582,0.996194698091746));
#14490=DIRECTION('',(-1.,0.,0.));
#14491=DIRECTION('',(0.,-0.0871557427476582,0.996194698091746));
#14492=DIRECTION('center_axis',(1.,0.,0.));
#14493=DIRECTION('ref_axis',(0.,0.996194698091746,0.0871557427476582));
#14494=DIRECTION('',(0.,-0.0871557427476582,0.996194698091746));
#14495=DIRECTION('',(0.,0.996194698091746,0.0871557427476582));
#14496=DIRECTION('center_axis',(0.,-0.996194698091746,-0.0871557427476582));
#14497=DIRECTION('ref_axis',(1.,0.,0.));
#14498=DIRECTION('',(0.,-0.0871557427476582,0.996194698091746));
#14499=DIRECTION('',(1.,0.,0.));
#14500=DIRECTION('center_axis',(-1.,0.,0.));
#14501=DIRECTION('ref_axis',(0.,-0.996194698091746,-0.0871557427476582));
#14502=DIRECTION('',(0.,-0.996194698091746,-0.0871557427476582));
#14503=DIRECTION('center_axis',(1.,0.,0.));
#14504=DIRECTION('ref_axis',(0.,0.996194698091746,0.0871557427476582));
#14505=DIRECTION('',(0.,-0.0871557427476582,0.996194698091746));
#14506=DIRECTION('',(0.,0.996194698091746,0.0871557427476582));
#14507=DIRECTION('',(0.,-0.0871557427476582,0.996194698091746));
#14508=DIRECTION('center_axis',(0.,-0.996194698091746,-0.0871557427476582));
#14509=DIRECTION('ref_axis',(1.,0.,0.));
#14510=DIRECTION('',(0.,-0.0871557427476582,0.996194698091746));
#14511=DIRECTION('',(1.,0.,0.));
#14512=DIRECTION('center_axis',(-1.,0.,0.));
#14513=DIRECTION('ref_axis',(0.,-0.996194698091746,-0.0871557427476582));
#14514=DIRECTION('',(0.,-0.0871557427476582,0.996194698091746));
#14515=DIRECTION('',(0.,-0.996194698091746,-0.0871557427476582));
#14516=DIRECTION('center_axis',(0.,0.996194698091746,0.0871557427476582));
#14517=DIRECTION('ref_axis',(-1.,0.,0.));
#14518=DIRECTION('',(-1.,0.,0.));
#14519=DIRECTION('center_axis',(0.,-0.996194698091746,-0.0871557427476582));
#14520=DIRECTION('ref_axis',(1.,0.,0.));
#14521=DIRECTION('',(0.,-0.0871557427476582,0.996194698091746));
#14522=DIRECTION('',(1.,0.,0.));
#14523=DIRECTION('',(0.,-0.0871557427476582,0.996194698091746));
#14524=DIRECTION('center_axis',(-1.,0.,0.));
#14525=DIRECTION('ref_axis',(0.,-0.996194698091746,-0.0871557427476582));
#14526=DIRECTION('',(0.,-0.0871557427476582,0.996194698091746));
#14527=DIRECTION('',(0.,-0.996194698091746,-0.0871557427476582));
#14528=DIRECTION('center_axis',(0.,0.996194698091746,0.0871557427476582));
#14529=DIRECTION('ref_axis',(-1.,0.,0.));
#14530=DIRECTION('',(0.,-0.0871557427476582,0.996194698091746));
#14531=DIRECTION('',(-1.,0.,0.));
#14532=DIRECTION('center_axis',(1.,0.,0.));
#14533=DIRECTION('ref_axis',(0.,0.996194698091746,0.0871557427476582));
#14534=DIRECTION('',(0.,0.996194698091746,0.0871557427476582));
#14535=DIRECTION('center_axis',(-1.,0.,0.));
#14536=DIRECTION('ref_axis',(0.,-0.996194698091746,-0.0871557427476582));
#14537=DIRECTION('',(0.,-0.0871557427476582,0.996194698091746));
#14538=DIRECTION('',(0.,-0.996194698091746,-0.0871557427476582));
#14539=DIRECTION('',(0.,-0.0871557427476582,0.996194698091746));
#14540=DIRECTION('center_axis',(0.,0.996194698091746,0.0871557427476582));
#14541=DIRECTION('ref_axis',(-1.,0.,0.));
#14542=DIRECTION('',(0.,-0.0871557427476582,0.996194698091746));
#14543=DIRECTION('',(-1.,0.,0.));
#14544=DIRECTION('center_axis',(1.,0.,0.));
#14545=DIRECTION('ref_axis',(0.,0.996194698091746,0.0871557427476582));
#14546=DIRECTION('',(0.,-0.0871557427476582,0.996194698091746));
#14547=DIRECTION('',(0.,0.996194698091746,0.0871557427476582));
#14548=DIRECTION('center_axis',(0.,-0.996194698091746,-0.0871557427476582));
#14549=DIRECTION('ref_axis',(1.,0.,0.));
#14550=DIRECTION('',(1.,0.,0.));
#14551=DIRECTION('center_axis',(0.,-0.996194698091746,-0.0871557427476582));
#14552=DIRECTION('ref_axis',(1.,0.,0.));
#14553=DIRECTION('',(0.,-0.0871557427476582,0.996194698091746));
#14554=DIRECTION('',(1.,0.,0.));
#14555=DIRECTION('',(0.,-0.0871557427476582,0.996194698091746));
#14556=DIRECTION('center_axis',(-1.,0.,0.));
#14557=DIRECTION('ref_axis',(0.,-0.996194698091746,-0.0871557427476582));
#14558=DIRECTION('',(0.,-0.0871557427476582,0.996194698091746));
#14559=DIRECTION('',(0.,-0.996194698091746,-0.0871557427476582));
#14560=DIRECTION('center_axis',(0.,0.996194698091746,0.0871557427476582));
#14561=DIRECTION('ref_axis',(-1.,0.,0.));
#14562=DIRECTION('',(0.,-0.0871557427476582,0.996194698091746));
#14563=DIRECTION('',(-1.,0.,0.));
#14564=DIRECTION('center_axis',(1.,0.,0.));
#14565=DIRECTION('ref_axis',(0.,0.996194698091746,0.0871557427476582));
#14566=DIRECTION('',(0.,0.996194698091746,0.0871557427476582));
#14567=DIRECTION('center_axis',(0.,0.996194698091746,0.0871557427476582));
#14568=DIRECTION('ref_axis',(-1.,0.,0.));
#14569=DIRECTION('',(0.,-0.0871557427476582,0.996194698091746));
#14570=DIRECTION('',(-1.,0.,0.));
#14571=DIRECTION('',(0.,-0.0871557427476582,0.996194698091746));
#14572=DIRECTION('center_axis',(1.,0.,0.));
#14573=DIRECTION('ref_axis',(0.,0.996194698091746,0.0871557427476582));
#14574=DIRECTION('',(0.,-0.0871557427476582,0.996194698091746));
#14575=DIRECTION('',(0.,0.996194698091746,0.0871557427476582));
#14576=DIRECTION('center_axis',(0.,-0.996194698091746,-0.0871557427476582));
#14577=DIRECTION('ref_axis',(1.,0.,0.));
#14578=DIRECTION('',(0.,-0.0871557427476582,0.996194698091746));
#14579=DIRECTION('',(1.,0.,0.));
#14580=DIRECTION('center_axis',(-1.,0.,0.));
#14581=DIRECTION('ref_axis',(0.,-0.996194698091746,-0.0871557427476582));
#14582=DIRECTION('',(0.,-0.996194698091746,-0.0871557427476582));
#14583=DIRECTION('center_axis',(0.,-0.996194698091746,-0.0871557427476582));
#14584=DIRECTION('ref_axis',(1.,0.,0.));
#14585=DIRECTION('',(0.,-0.0871557427476582,0.996194698091746));
#14586=DIRECTION('',(1.,0.,0.));
#14587=DIRECTION('',(0.,-0.0871557427476582,0.996194698091746));
#14588=DIRECTION('center_axis',(-1.,0.,0.));
#14589=DIRECTION('ref_axis',(0.,-0.996194698091746,-0.0871557427476582));
#14590=DIRECTION('',(0.,-0.0871557427476582,0.996194698091746));
#14591=DIRECTION('',(0.,-0.996194698091746,-0.0871557427476582));
#14592=DIRECTION('center_axis',(0.,0.996194698091746,0.0871557427476582));
#14593=DIRECTION('ref_axis',(-1.,0.,0.));
#14594=DIRECTION('',(0.,-0.0871557427476582,0.996194698091746));
#14595=DIRECTION('',(-1.,0.,0.));
#14596=DIRECTION('center_axis',(1.,0.,0.));
#14597=DIRECTION('ref_axis',(0.,0.996194698091746,0.0871557427476582));
#14598=DIRECTION('',(0.,0.996194698091746,0.0871557427476582));
#14599=DIRECTION('center_axis',(1.,0.,0.));
#14600=DIRECTION('ref_axis',(0.,1.,0.));
#14601=DIRECTION('',(0.,0.0875617989990716,-0.996159089380831));
#14602=DIRECTION('',(0.,0.996159089380831,0.0875617989990716));
#14603=DIRECTION('',(0.,-0.0875617989990716,0.996159089380831));
#14604=DIRECTION('',(0.,-0.279329540830131,0.960195296603575));
#14605=DIRECTION('',(8.88178419700126E-15,0.960195296603575,0.279329540830131));
#14606=DIRECTION('',(0.,-0.942990333582891,0.332820117735134));
#14607=DIRECTION('center_axis',(0.,0.0875617989990716,-0.996159089380831));
#14608=DIRECTION('ref_axis',(-1.,0.,0.));
#14609=DIRECTION('',(1.,7.85830960993087E-31,6.90740800213558E-32));
#14610=DIRECTION('',(-1.,1.26415445860199E-47,1.11118434583536E-48));
#14611=DIRECTION('',(0.,-0.996159089380831,-0.0875617989990716));
#14612=DIRECTION('center_axis',(-7.88860905221012E-31,0.996159089380831,
0.0875617989990716));
#14613=DIRECTION('ref_axis',(1.,7.85830960993086E-31,6.90740800213558E-32));
#14614=DIRECTION('',(0.,0.0875617989990716,-0.996159089380831));
#14615=DIRECTION('center_axis',(-1.26902868435177E-47,-0.996159089380831,
-0.0875617989990716));
#14616=DIRECTION('ref_axis',(-1.,1.26415445860199E-47,1.11118434583536E-48));
#14617=DIRECTION('',(0.,-0.0875617989990716,0.996159089380831));
#14618=DIRECTION('center_axis',(1.,0.,0.));
#14619=DIRECTION('ref_axis',(0.,0.,-1.));
#14620=DIRECTION('',(0.,-0.087155742747661,0.996194698091745));
#14621=DIRECTION('',(0.,0.996194698091745,0.087155742747661));
#14622=DIRECTION('',(0.,-0.0871557427476582,0.996194698091746));
#14623=DIRECTION('',(0.,0.960195296603575,0.279329540830131));
#14624=DIRECTION('',(0.,-0.279329540830131,0.960195296603575));
#14625=DIRECTION('',(0.,0.942990333582891,-0.332820117735134));
#14626=DIRECTION('center_axis',(1.,0.,0.));
#14627=DIRECTION('ref_axis',(0.,0.,-1.));
#14628=DIRECTION('',(0.,-0.279329540830131,0.960195296603575));
#14629=DIRECTION('center_axis',(7.70371977754894E-34,0.332820117735134,
0.942990333582891));
#14630=DIRECTION('ref_axis',(-1.,5.28925924909364E-18,-1.86679738203303E-18));
#14631=DIRECTION('',(0.,-0.942990333582891,0.332820117735134));
#14632=DIRECTION('',(-1.,-7.37507979373549E-35,8.42975477794322E-34));
#14633=DIRECTION('center_axis',(0.,-0.996194698091745,-0.087155742747661));
#14634=DIRECTION('ref_axis',(0.,0.087155742747661,-0.996194698091745));
#14635=DIRECTION('',(0.,0.087155742747661,-0.996194698091745));
#14636=DIRECTION('',(-1.,0.,0.));
#14637=DIRECTION('center_axis',(8.88178419700113E-15,0.960195296603575,
0.279329540830131));
#14638=DIRECTION('ref_axis',(-1.,8.52824741140845E-15,2.48094470150064E-15));
#14639=DIRECTION('',(0.,0.279329540830131,-0.960195296603575));
#14640=DIRECTION('',(1.,0.,0.));
#14641=DIRECTION('center_axis',(0.,0.279329540830131,-0.960195296603575));
#14642=DIRECTION('ref_axis',(-1.,0.,0.));
#14643=DIRECTION('',(0.,0.960195296603575,0.279329540830131));
#14644=DIRECTION('',(-1.,-1.57772181044202E-30,3.94430452610506E-31));
#14645=DIRECTION('center_axis',(8.88178419700126E-15,0.960195296603575,
0.279329540830131));
#14646=DIRECTION('ref_axis',(0.,-0.279329540830131,0.960195296603575));
#14647=DIRECTION('',(0.,-0.279329540830131,0.960195296603575));
#14648=DIRECTION('',(1.,-4.30860992535978E-17,-1.25341379646838E-17));
#14649=DIRECTION('center_axis',(-1.54074395550979E-32,-0.279329540830131,
0.960195296603575));
#14650=DIRECTION('ref_axis',(1.,-4.30860992535993E-17,-1.25341379646834E-17));
#14651=DIRECTION('',(0.,-0.960195296603575,-0.279329540830131));
#14652=DIRECTION('',(-1.,1.36901328585907E-33,-1.56478934605443E-32));
#14653=DIRECTION('center_axis',(0.,0.996194698091746,0.0871557427476582));
#14654=DIRECTION('ref_axis',(0.,-0.0871557427476582,0.996194698091746));
#14655=DIRECTION('',(0.,-0.0871557427476582,0.996194698091746));
#14656=DIRECTION('',(-1.,0.,0.));
#14657=DIRECTION('center_axis',(0.,-0.0871557427476582,0.996194698091746));
#14658=DIRECTION('ref_axis',(1.,0.,0.));
#14659=DIRECTION('',(0.,-0.996194698091746,-0.0871557427476582));
#14660=DIRECTION('center_axis',(1.,0.,0.));
#14661=DIRECTION('ref_axis',(0.,0.,-1.));
#14662=DIRECTION('center_axis',(0.0068510170999604,-0.000268658608573238,
0.999976495417391));
#14663=DIRECTION('ref_axis',(0.999976487045403,0.000300043913166956,-0.00685093643132745));
#14664=DIRECTION('center_axis',(0.00685101709996097,-0.000268658608573224,
0.999976495417391));
#14665=DIRECTION('ref_axis',(0.999976487045403,0.000300043913166956,-0.00685093643132803));
#14666=DIRECTION('',(-0.0068510170999604,0.000268658608573238,-0.999976495417391));
#14667=DIRECTION('center_axis',(0.00685101709996097,-0.000268658608573238,
0.999976495417391));
#14668=DIRECTION('ref_axis',(0.999976487045403,0.000300043913166956,-0.00685093643132803));
#14669=DIRECTION('center_axis',(0.00685101709996097,-0.000268658608573224,
0.999976495417391));
#14670=DIRECTION('ref_axis',(0.999976487045402,0.000300043913166956,-0.00685093643132803));
#14671=DIRECTION('center_axis',(0.00685101709996097,-0.000268658608573238,
0.999976495417391));
#14672=DIRECTION('ref_axis',(0.999976487045402,0.000300043913166956,-0.00685093643132803));
#14673=DIRECTION('center_axis',(0.,1.,0.));
#14674=DIRECTION('ref_axis',(-1.,0.,0.));
#14675=DIRECTION('',(-1.,0.,0.));
#14676=DIRECTION('',(0.,0.,1.));
#14677=DIRECTION('',(-1.,0.,0.));
#14678=DIRECTION('',(0.,0.,1.));
#14679=DIRECTION('center_axis',(1.,0.,0.));
#14680=DIRECTION('ref_axis',(0.,1.,0.));
#14681=DIRECTION('',(0.,1.,0.));
#14682=DIRECTION('',(0.,1.,0.));
#14683=DIRECTION('',(0.,0.,1.));
#14684=DIRECTION('center_axis',(0.,-1.,0.));
#14685=DIRECTION('ref_axis',(1.,0.,0.));
#14686=DIRECTION('',(1.,0.,0.));
#14687=DIRECTION('',(1.,0.,0.));
#14688=DIRECTION('',(0.,0.,1.));
#14689=DIRECTION('center_axis',(-1.,0.,0.));
#14690=DIRECTION('ref_axis',(0.,-1.,0.));
#14691=DIRECTION('',(0.,-1.,0.));
#14692=DIRECTION('',(0.,-1.,0.));
#14693=DIRECTION('center_axis',(0.,0.,1.));
#14694=DIRECTION('ref_axis',(1.,0.,0.));
#14695=DIRECTION('center_axis',(0.,0.,1.));
#14696=DIRECTION('ref_axis',(1.,0.,0.));
#14697=DIRECTION('center_axis',(1.,0.,0.));
#14698=DIRECTION('ref_axis',(0.,0.,-1.));
#14699=DIRECTION('',(0.,0.279329540830131,-0.960195296603575));
#14700=DIRECTION('',(0.,0.996194698091746,0.0871557427476582));
#14701=DIRECTION('',(0.,0.332820117735134,0.942990333582891));
#14702=DIRECTION('',(0.,0.942990333582891,-0.332820117735134));
#14703=DIRECTION('',(0.,-0.332820117735134,-0.942990333582891));
#14704=DIRECTION('',(0.,-0.942990333582891,0.332820117735134));
#14705=DIRECTION('',(0.,0.087155742747661,-0.996194698091745));
#14706=DIRECTION('',(0.,-0.996194698091746,-0.0871557427476582));
#14707=DIRECTION('',(0.,-0.0871557427476582,0.996194698091746));
#14708=DIRECTION('',(0.,-0.960195296603575,-0.279329540830131));
#14709=DIRECTION('',(0.,-0.279329540830131,0.960195296603575));
#14710=DIRECTION('',(0.,0.960195296603575,0.279329540830131));
#14711=DIRECTION('center_axis',(0.,-0.996194698091745,-0.087155742747661));
#14712=DIRECTION('ref_axis',(0.,0.087155742747661,-0.996194698091745));
#14713=DIRECTION('',(-1.,-7.37507979373549E-35,8.42975477794322E-34));
#14714=DIRECTION('',(0.,0.087155742747661,-0.996194698091745));
#14715=DIRECTION('',(-1.,0.,0.));
#14716=DIRECTION('center_axis',(7.70371977754894E-34,0.332820117735134,
0.942990333582891));
#14717=DIRECTION('ref_axis',(-1.,5.28925924909364E-18,-1.86679738203303E-18));
#14718=DIRECTION('',(-1.,5.28925924909364E-18,-1.86679738203303E-18));
#14719=DIRECTION('',(0.,-0.942990333582891,0.332820117735134));
#14720=DIRECTION('center_axis',(0.,-0.942990333582891,0.332820117735134));
#14721=DIRECTION('ref_axis',(0.,-0.332820117735134,-0.942990333582891));
#14722=DIRECTION('',(1.,0.,0.));
#14723=DIRECTION('',(0.,0.332820117735134,0.942990333582891));
#14724=DIRECTION('',(-1.,5.28925924909364E-18,-1.86679738203303E-18));
#14725=DIRECTION('',(0.,-0.332820117735134,-0.942990333582891));
#14726=DIRECTION('',(-1.,0.,0.));
#14727=DIRECTION('',(0.,-0.332820117735134,-0.942990333582891));
#14728=DIRECTION('center_axis',(0.,-0.332820117735134,-0.942990333582891));
#14729=DIRECTION('ref_axis',(1.,0.,0.));
#14730=DIRECTION('',(-1.,0.,0.));
#14731=DIRECTION('',(1.,0.,0.));
#14732=DIRECTION('',(0.,-0.942990333582891,0.332820117735134));
#14733=DIRECTION('center_axis',(-1.11022302462516E-15,-0.942990333582891,
0.332820117735134));
#14734=DIRECTION('ref_axis',(1.,-1.04692958034268E-15,3.69504557768001E-16));
#14735=DIRECTION('',(1.,-1.21485569525663E-15,-1.06286101154864E-16));
#14736=DIRECTION('',(0.,-0.332820117735134,-0.942990333582891));
#14737=DIRECTION('center_axis',(0.,-0.0871557427476582,0.996194698091746));
#14738=DIRECTION('ref_axis',(1.,0.,0.));
#14739=DIRECTION('',(1.,-9.02039643622908E-15,-7.8918242867969E-16));
#14740=DIRECTION('',(0.,-0.996194698091746,-0.0871557427476582));
#14741=DIRECTION('',(1.,0.,0.));
#14742=DIRECTION('',(0.,-0.996194698091746,-0.0871557427476582));
#14743=DIRECTION('',(1.,0.,0.));
#14744=DIRECTION('',(0.,0.996194698091745,0.087155742747661));
#14745=DIRECTION('',(1.,0.,0.));
#14746=DIRECTION('',(0.,0.996194698091746,0.0871557427476582));
#14747=DIRECTION('',(-1.,0.,0.));
#14748=DIRECTION('',(0.,-0.996194698091746,-0.0871557427476582));
#14749=DIRECTION('',(0.,-0.996194698091746,-0.0871557427476582));
#14750=DIRECTION('',(1.,0.,0.));
#14751=DIRECTION('',(0.,0.996194698091746,0.0871557427476582));
#14752=DIRECTION('',(-1.,0.,0.));
#14753=DIRECTION('',(-1.,0.,0.));
#14754=DIRECTION('',(0.,-0.996194698091746,-0.0871557427476582));
#14755=DIRECTION('',(1.,0.,0.));
#14756=DIRECTION('',(0.,0.996194698091746,0.0871557427476582));
#14757=DIRECTION('',(-1.,0.,0.));
#14758=DIRECTION('',(0.,-0.996194698091746,-0.0871557427476582));
#14759=DIRECTION('',(1.,0.,0.));
#14760=DIRECTION('',(0.,0.996194698091746,0.0871557427476582));
#14761=DIRECTION('',(1.,0.,0.));
#14762=DIRECTION('',(0.,0.996194698091746,0.0871557427476582));
#14763=DIRECTION('',(-1.,0.,0.));
#14764=DIRECTION('',(0.,-0.996194698091746,-0.0871557427476582));
#14765=DIRECTION('',(-1.,0.,0.));
#14766=DIRECTION('',(0.,-0.996194698091746,-0.0871557427476582));
#14767=DIRECTION('',(1.,0.,0.));
#14768=DIRECTION('',(0.,0.996194698091746,0.0871557427476582));
#14769=DIRECTION('',(0.,-0.996194698091746,-0.0871557427476582));
#14770=DIRECTION('',(1.,0.,0.));
#14771=DIRECTION('',(0.,0.996194698091746,0.0871557427476582));
#14772=DIRECTION('',(-1.,0.,0.));
#14773=DIRECTION('',(0.,0.996194698091746,0.0871557427476582));
#14774=DIRECTION('',(-1.,0.,0.));
#14775=DIRECTION('',(0.,-0.996194698091746,-0.0871557427476582));
#14776=DIRECTION('',(1.,0.,0.));
#14777=DIRECTION('',(-1.,0.,0.));
#14778=DIRECTION('',(0.,-0.996194698091746,-0.0871557427476582));
#14779=DIRECTION('',(1.,0.,0.));
#14780=DIRECTION('',(0.,0.996194698091746,0.0871557427476582));
#14781=DIRECTION('center_axis',(-1.,0.,0.));
#14782=DIRECTION('ref_axis',(0.,-0.996159089380813,-0.0875617989992724));
#14783=DIRECTION('',(0.,-0.0871557427476689,0.996194698091745));
#14784=DIRECTION('',(0.,0.996194698091746,0.0871557427476582));
#14785=DIRECTION('',(0.,-0.0871557427476569,0.996194698091746));
#14786=DIRECTION('',(0.,-0.996194698091747,-0.0871557427476434));
#14787=DIRECTION('',(0.,-0.0871557427476569,0.996194698091746));
#14788=DIRECTION('',(0.,0.996194698091746,0.0871557427476582));
#14789=DIRECTION('',(0.,-0.0871557427476582,0.996194698091746));
#14790=DIRECTION('',(0.,-0.279329540830131,0.960195296603575));
#14791=DIRECTION('',(0.,1.,0.));
#14792=DIRECTION('center_axis',(1.,0.,0.));
#14793=DIRECTION('ref_axis',(0.,0.986244645162133,0.165292165237857));
#14794=DIRECTION('center_axis',(1.,0.,0.));
#14795=DIRECTION('ref_axis',(0.,0.986244645162133,0.165292165237857));
#14796=DIRECTION('',(1.,0.,0.));
#14797=DIRECTION('center_axis',(-1.,0.,0.));
#14798=DIRECTION('ref_axis',(0.,0.986244645162133,0.165292165237857));
#14799=DIRECTION('',(1.,0.,0.));
#14800=DIRECTION('center_axis',(1.,0.,0.));
#14801=DIRECTION('ref_axis',(0.,0.996159089380813,0.0875617989992724));
#14802=DIRECTION('',(0.,0.996159089380813,0.0875617989992724));
#14803=DIRECTION('center_axis',(-1.,0.,0.));
#14804=DIRECTION('ref_axis',(0.,-0.999897923777528,0.0142878278750969));
#14805=DIRECTION('',(0.,-0.942990333582891,0.332820117735134));
#14806=DIRECTION('',(0.,-0.332820117735134,-0.942990333582891));
#14807=DIRECTION('',(0.,1.,0.));
#14808=DIRECTION('',(8.88178419700126E-15,0.960195296603575,0.279329540830131));
#14809=DIRECTION('',(8.19434574302281E-31,0.279329540830132,-0.960195296603575));
#14810=DIRECTION('center_axis',(-1.,0.,0.));
#14811=DIRECTION('ref_axis',(0.,0.982778664432931,0.184786624882389));
#14812=DIRECTION('',(0.,0.996159089380812,0.0875617989992866));
#14813=DIRECTION('',(0.,0.0871557427476569,-0.996194698091746));
#14814=DIRECTION('',(0.,0.996194698091747,0.0871557427476434));
#14815=DIRECTION('',(0.,-0.0871557427476569,0.996194698091746));
#14816=DIRECTION('center_axis',(0.,-0.0875617989992866,0.996159089380812));
#14817=DIRECTION('ref_axis',(1.,0.,0.));
#14818=DIRECTION('',(0.,-0.996159089380813,-0.0875617989992724));
#14819=DIRECTION('',(1.,0.,0.));
#14820=DIRECTION('',(0.,0.996159089380812,0.0875617989992866));
#14821=DIRECTION('',(-1.,0.,0.));
#14822=DIRECTION('',(0.,-0.996159089380813,-0.0875617989992724));
#14823=DIRECTION('',(-1.,0.,0.));
#14824=DIRECTION('center_axis',(0.,-0.996159089380855,-0.0875617989987977));
#14825=DIRECTION('ref_axis',(1.,0.,0.));
#14826=DIRECTION('',(-1.,0.,0.));
#14827=DIRECTION('',(0.,-0.0875617989987977,0.996159089380855));
#14828=DIRECTION('',(0.,-0.0875617989987977,0.996159089380855));
#14829=DIRECTION('center_axis',(0.,0.996194698091746,0.0871557427476582));
#14830=DIRECTION('ref_axis',(-1.,0.,0.));
#14831=DIRECTION('',(0.,0.0871557427476582,-0.996194698091746));
#14832=DIRECTION('',(1.,0.,0.));
#14833=DIRECTION('',(0.,-0.0871557427476582,0.996194698091746));
#14834=DIRECTION('',(1.,0.,0.));
#14835=DIRECTION('',(0.,-0.0871557427476582,0.996194698091746));
#14836=DIRECTION('',(-1.,0.,0.));
#14837=DIRECTION('center_axis',(0.,0.0875617989992866,-0.996159089380812));
#14838=DIRECTION('ref_axis',(-1.,0.,0.));
#14839=DIRECTION('',(1.,0.,0.));
#14840=DIRECTION('',(-1.,0.,0.));
#14841=DIRECTION('',(0.,-0.996159089380812,-0.0875617989992866));
#14842=DIRECTION('center_axis',(1.,0.,0.));
#14843=DIRECTION('ref_axis',(0.,0.0871557427476582,-0.996194698091746));
#14844=DIRECTION('',(0.,-0.0871557427476569,0.996194698091746));
#14845=DIRECTION('',(0.,0.996194698091746,0.0871557427476569));
#14846=DIRECTION('',(0.,0.0871557427476569,-0.996194698091746));
#14847=DIRECTION('center_axis',(-1.,0.,0.));
#14848=DIRECTION('ref_axis',(0.,-0.999897923777528,0.0142878278750969));
#14849=DIRECTION('center_axis',(1.,0.,0.));
#14850=DIRECTION('ref_axis',(0.,-0.999897923777528,0.0142878278750969));
#14851=DIRECTION('center_axis',(-1.,0.,0.));
#14852=DIRECTION('ref_axis',(0.,-0.996194698091746,-0.0871557427476582));
#14853=DIRECTION('',(0.,-0.0871557427476582,0.996194698091746));
#14854=DIRECTION('',(0.,-0.0871557427476582,0.996194698091746));
#14855=DIRECTION('',(0.,-0.996194698091746,-0.0871557427476582));
#14856=DIRECTION('center_axis',(-1.,0.,0.));
#14857=DIRECTION('ref_axis',(0.,-0.996194698091746,-0.0871557427476582));
#14858=DIRECTION('',(0.,-0.0871557427476582,0.996194698091746));
#14859=DIRECTION('',(0.,-0.996194698091746,-0.0871557427476582));
#14860=DIRECTION('',(0.,-0.0871557427476582,0.996194698091746));
#14861=DIRECTION('center_axis',(0.,-0.996194698091746,-0.0871557427476582));
#14862=DIRECTION('ref_axis',(1.,0.,0.));
#14863=DIRECTION('',(1.,0.,0.));
#14864=DIRECTION('',(0.,-0.0871557427476582,0.996194698091746));
#14865=DIRECTION('center_axis',(1.,0.,0.));
#14866=DIRECTION('ref_axis',(0.,0.996194698091746,0.0871557427476582));
#14867=DIRECTION('',(0.,0.996194698091746,0.0871557427476582));
#14868=DIRECTION('',(0.,-0.0871557427476582,0.996194698091746));
#14869=DIRECTION('center_axis',(0.,0.996194698091746,0.0871557427476582));
#14870=DIRECTION('ref_axis',(-1.,0.,0.));
#14871=DIRECTION('',(-1.,0.,0.));
#14872=DIRECTION('center_axis',(0.,0.996194698091746,0.0871557427476582));
#14873=DIRECTION('ref_axis',(-1.,0.,0.));
#14874=DIRECTION('',(0.,-0.0871557427476582,0.996194698091746));
#14875=DIRECTION('',(-1.,0.,0.));
#14876=DIRECTION('',(0.,-0.0871557427476582,0.996194698091746));
#14877=DIRECTION('center_axis',(-1.,0.,0.));
#14878=DIRECTION('ref_axis',(0.,-0.996194698091746,-0.0871557427476582));
#14879=DIRECTION('',(0.,-0.996194698091746,-0.0871557427476582));
#14880=DIRECTION('',(0.,-0.0871557427476582,0.996194698091746));
#14881=DIRECTION('center_axis',(0.,-0.996194698091746,-0.0871557427476582));
#14882=DIRECTION('ref_axis',(1.,0.,0.));
#14883=DIRECTION('',(1.,0.,0.));
#14884=DIRECTION('',(0.,-0.0871557427476582,0.996194698091746));
#14885=DIRECTION('center_axis',(1.,0.,0.));
#14886=DIRECTION('ref_axis',(0.,0.996194698091746,0.0871557427476582));
#14887=DIRECTION('',(0.,0.996194698091746,0.0871557427476582));
#14888=DIRECTION('center_axis',(0.,-0.996194698091746,-0.0871557427476582));
#14889=DIRECTION('ref_axis',(1.,0.,0.));
#14890=DIRECTION('',(0.,-0.0871557427476582,0.996194698091746));
#14891=DIRECTION('',(1.,0.,0.));
#14892=DIRECTION('',(0.,-0.0871557427476582,0.996194698091746));
#14893=DIRECTION('center_axis',(1.,0.,0.));
#14894=DIRECTION('ref_axis',(0.,0.996194698091746,0.0871557427476582));
#14895=DIRECTION('',(0.,0.996194698091746,0.0871557427476582));
#14896=DIRECTION('',(0.,-0.0871557427476582,0.996194698091746));
#14897=DIRECTION('center_axis',(0.,0.996194698091746,0.0871557427476582));
#14898=DIRECTION('ref_axis',(-1.,0.,0.));
#14899=DIRECTION('',(-1.,0.,0.));
#14900=DIRECTION('',(0.,-0.0871557427476582,0.996194698091746));
#14901=DIRECTION('center_axis',(-1.,0.,0.));
#14902=DIRECTION('ref_axis',(0.,-0.996194698091746,-0.0871557427476582));
#14903=DIRECTION('',(0.,-0.996194698091746,-0.0871557427476582));
#14904=DIRECTION('center_axis',(-1.,0.,0.));
#14905=DIRECTION('ref_axis',(0.,-0.996194698091746,-0.0871557427476582));
#14906=DIRECTION('',(0.,-0.0871557427476582,0.996194698091746));
#14907=DIRECTION('',(0.,-0.996194698091746,-0.0871557427476582));
#14908=DIRECTION('',(0.,-0.0871557427476582,0.996194698091746));
#14909=DIRECTION('center_axis',(0.,-0.996194698091746,-0.0871557427476582));
#14910=DIRECTION('ref_axis',(1.,0.,0.));
#14911=DIRECTION('',(1.,0.,0.));
#14912=DIRECTION('',(0.,-0.0871557427476582,0.996194698091746));
#14913=DIRECTION('center_axis',(1.,0.,0.));
#14914=DIRECTION('ref_axis',(0.,0.996194698091746,0.0871557427476582));
#14915=DIRECTION('',(0.,0.996194698091746,0.0871557427476582));
#14916=DIRECTION('',(0.,-0.0871557427476582,0.996194698091746));
#14917=DIRECTION('center_axis',(0.,0.996194698091746,0.0871557427476582));
#14918=DIRECTION('ref_axis',(-1.,0.,0.));
#14919=DIRECTION('',(-1.,0.,0.));
#14920=DIRECTION('center_axis',(1.,0.,0.));
#14921=DIRECTION('ref_axis',(0.,0.996194698091746,0.0871557427476582));
#14922=DIRECTION('',(0.,-0.0871557427476582,0.996194698091746));
#14923=DIRECTION('',(0.,0.996194698091746,0.0871557427476582));
#14924=DIRECTION('',(0.,-0.0871557427476582,0.996194698091746));
#14925=DIRECTION('center_axis',(0.,0.996194698091746,0.0871557427476582));
#14926=DIRECTION('ref_axis',(-1.,0.,0.));
#14927=DIRECTION('',(-1.,0.,0.));
#14928=DIRECTION('',(0.,-0.0871557427476582,0.996194698091746));
#14929=DIRECTION('center_axis',(-1.,0.,0.));
#14930=DIRECTION('ref_axis',(0.,-0.996194698091746,-0.0871557427476582));
#14931=DIRECTION('',(0.,-0.996194698091746,-0.0871557427476582));
#14932=DIRECTION('',(0.,-0.0871557427476582,0.996194698091746));
#14933=DIRECTION('center_axis',(0.,-0.996194698091746,-0.0871557427476582));
#14934=DIRECTION('ref_axis',(1.,0.,0.));
#14935=DIRECTION('',(1.,0.,0.));
#14936=DIRECTION('center_axis',(-1.,0.,0.));
#14937=DIRECTION('ref_axis',(0.,-0.996194698091746,-0.0871557427476582));
#14938=DIRECTION('',(0.,-0.0871557427476582,0.996194698091746));
#14939=DIRECTION('',(0.,-0.996194698091746,-0.0871557427476582));
#14940=DIRECTION('',(0.,-0.0871557427476582,0.996194698091746));
#14941=DIRECTION('center_axis',(0.,-0.996194698091746,-0.0871557427476582));
#14942=DIRECTION('ref_axis',(1.,0.,0.));
#14943=DIRECTION('',(1.,0.,0.));
#14944=DIRECTION('',(0.,-0.0871557427476582,0.996194698091746));
#14945=DIRECTION('center_axis',(1.,0.,0.));
#14946=DIRECTION('ref_axis',(0.,0.996194698091746,0.0871557427476582));
#14947=DIRECTION('',(0.,0.996194698091746,0.0871557427476582));
#14948=DIRECTION('',(0.,-0.0871557427476582,0.996194698091746));
#14949=DIRECTION('center_axis',(0.,0.996194698091746,0.0871557427476582));
#14950=DIRECTION('ref_axis',(-1.,0.,0.));
#14951=DIRECTION('',(-1.,0.,0.));
#14952=DIRECTION('center_axis',(-1.,0.,0.));
#14953=DIRECTION('ref_axis',(0.,-0.996194698091746,-0.0871557427476582));
#14954=DIRECTION('',(0.,-0.0871557427476582,0.996194698091746));
#14955=DIRECTION('',(0.,-0.996194698091746,-0.0871557427476582));
#14956=DIRECTION('',(0.,-0.0871557427476582,0.996194698091746));
#14957=DIRECTION('center_axis',(0.,-0.996194698091746,-0.0871557427476582));
#14958=DIRECTION('ref_axis',(1.,0.,0.));
#14959=DIRECTION('',(1.,0.,0.));
#14960=DIRECTION('',(0.,-0.0871557427476582,0.996194698091746));
#14961=DIRECTION('center_axis',(1.,0.,0.));
#14962=DIRECTION('ref_axis',(0.,0.996194698091746,0.0871557427476582));
#14963=DIRECTION('',(0.,0.996194698091746,0.0871557427476582));
#14964=DIRECTION('',(0.,-0.0871557427476582,0.996194698091746));
#14965=DIRECTION('center_axis',(0.,0.996194698091746,0.0871557427476582));
#14966=DIRECTION('ref_axis',(-1.,0.,0.));
#14967=DIRECTION('',(-1.,0.,0.));
#14968=DIRECTION('center_axis',(0.,-0.996194698091746,-0.0871557427476582));
#14969=DIRECTION('ref_axis',(1.,0.,0.));
#14970=DIRECTION('',(0.,-0.0871557427476582,0.996194698091746));
#14971=DIRECTION('',(1.,0.,0.));
#14972=DIRECTION('',(0.,-0.0871557427476582,0.996194698091746));
#14973=DIRECTION('center_axis',(1.,0.,0.));
#14974=DIRECTION('ref_axis',(0.,0.996194698091746,0.0871557427476582));
#14975=DIRECTION('',(0.,0.996194698091746,0.0871557427476582));
#14976=DIRECTION('',(0.,-0.0871557427476582,0.996194698091746));
#14977=DIRECTION('center_axis',(0.,0.996194698091746,0.0871557427476582));
#14978=DIRECTION('ref_axis',(-1.,0.,0.));
#14979=DIRECTION('',(-1.,0.,0.));
#14980=DIRECTION('',(0.,-0.0871557427476582,0.996194698091746));
#14981=DIRECTION('center_axis',(-1.,0.,0.));
#14982=DIRECTION('ref_axis',(0.,-0.996194698091746,-0.0871557427476582));
#14983=DIRECTION('',(0.,-0.996194698091746,-0.0871557427476582));
#14984=DIRECTION('center_axis',(1.,0.,0.));
#14985=DIRECTION('ref_axis',(0.,0.996194698091746,0.0871557427476582));
#14986=DIRECTION('',(0.,-0.0871557427476582,0.996194698091746));
#14987=DIRECTION('',(0.,0.996194698091746,0.0871557427476582));
#14988=DIRECTION('',(0.,-0.0871557427476582,0.996194698091746));
#14989=DIRECTION('center_axis',(0.,0.996194698091746,0.0871557427476582));
#14990=DIRECTION('ref_axis',(-1.,0.,0.));
#14991=DIRECTION('',(-1.,0.,0.));
#14992=DIRECTION('',(0.,-0.0871557427476582,0.996194698091746));
#14993=DIRECTION('center_axis',(-1.,0.,0.));
#14994=DIRECTION('ref_axis',(0.,-0.996194698091746,-0.0871557427476582));
#14995=DIRECTION('',(0.,-0.996194698091746,-0.0871557427476582));
#14996=DIRECTION('',(0.,-0.0871557427476582,0.996194698091746));
#14997=DIRECTION('center_axis',(0.,-0.996194698091746,-0.0871557427476582));
#14998=DIRECTION('ref_axis',(1.,0.,0.));
#14999=DIRECTION('',(1.,0.,0.));
#15000=DIRECTION('center_axis',(0.,0.996194698091746,0.0871557427476582));
#15001=DIRECTION('ref_axis',(0.,-0.0871557427476582,0.996194698091746));
#15002=DIRECTION('',(-1.,0.,0.));
#15003=DIRECTION('',(0.,0.0871557427476582,-0.996194698091746));
#15004=DIRECTION('',(-1.,1.36901328585907E-33,-1.56478934605443E-32));
#15005=DIRECTION('center_axis',(0.,0.99619480631779,0.0871545057094626));
#15006=DIRECTION('ref_axis',(0.,-0.0871545057094626,0.99619480631779));
#15007=DIRECTION('',(0.,0.0871545057094626,-0.99619480631779));
#15008=DIRECTION('',(1.,0.,0.));
#15009=DIRECTION('center_axis',(-1.,0.,0.));
#15010=DIRECTION('ref_axis',(0.,-0.996194698091746,-0.0871557427476582));
#15011=DIRECTION('',(0.,0.996194698091746,0.0871557427476582));
#15012=DIRECTION('',(0.,-0.0871557427476582,0.996194698091746));
#15013=DIRECTION('',(0.,0.996194698091746,0.0871557427476582));
#15014=DIRECTION('',(0.,-0.0871557427476582,0.996194698091746));
#15015=DIRECTION('',(0.,-0.996194698091746,-0.0871557427476582));
#15016=DIRECTION('center_axis',(0.,-0.0871557427476689,0.996194698091745));
#15017=DIRECTION('ref_axis',(1.,0.,0.));
#15018=DIRECTION('',(1.,0.,0.));
#15019=DIRECTION('',(0.,0.996194698091746,0.0871557427476582));
#15020=DIRECTION('center_axis',(-1.,0.,0.));
#15021=DIRECTION('ref_axis',(0.,-0.996194698091746,-0.0871557427476584));
#15022=DIRECTION('',(0.,0.996194698091745,0.0871557427476687));
#15023=DIRECTION('',(0.,-0.0871557427476569,0.996194698091746));
#15024=DIRECTION('',(0.,-0.996194698091746,-0.0871557427476584));
#15025=DIRECTION('',(0.,-0.0871557427476569,0.996194698091746));
#15026=DIRECTION('center_axis',(0.,-0.0871557427476569,0.996194698091746));
#15027=DIRECTION('ref_axis',(1.,0.,0.));
#15028=DIRECTION('',(1.,0.,0.));
#15029=DIRECTION('',(-1.,0.,0.));
#15030=DIRECTION('center_axis',(-1.,0.,0.));
#15031=DIRECTION('ref_axis',(0.,-0.996159089380813,-0.0875617989992724));
#15032=DIRECTION('center_axis',(1.,0.,0.));
#15033=DIRECTION('ref_axis',(0.,0.982778664432931,0.184786624882389));
#15034=DIRECTION('',(0.,0.279329540830131,-0.960195296603575));
#15035=DIRECTION('',(0.,0.960195296603575,0.279329540830131));
#15036=DIRECTION('',(0.,0.996194698091746,0.0871557427476582));
#15037=DIRECTION('center_axis',(-1.54074395550979E-32,-0.279329540830131,
0.960195296603575));
#15038=DIRECTION('ref_axis',(1.,-4.30860992535993E-17,-1.25341379646834E-17));
#15039=DIRECTION('',(1.,-4.30860992535978E-17,-1.25341379646838E-17));
#15040=DIRECTION('center_axis',(8.88178419700113E-15,0.960195296603575,
0.279329540830131));
#15041=DIRECTION('ref_axis',(-1.,8.52824741140845E-15,2.48094470150064E-15));
#15042=DIRECTION('',(1.,0.,0.));
#15043=DIRECTION('center_axis',(0.,0.996194698091746,0.0871557427476582));
#15044=DIRECTION('ref_axis',(-1.,0.,0.));
#15045=DIRECTION('',(-1.,0.,0.));
#15046=DIRECTION('center_axis',(0.,-0.0871557427476689,0.996194698091745));
#15047=DIRECTION('ref_axis',(1.,0.,0.));
#15048=DIRECTION('',(1.,0.,0.));
#15049=DIRECTION('center_axis',(0.,-0.996194698091746,-0.0871557427476582));
#15050=DIRECTION('ref_axis',(1.,0.,0.));
#15051=DIRECTION('center_axis',(0.,-0.0871557427476582,0.996194698091746));
#15052=DIRECTION('ref_axis',(1.,0.,0.));
#15053=DIRECTION('',(0.,0.996194698091746,0.0871557427476582));
#15054=DIRECTION('',(-1.,0.,0.));
#15055=DIRECTION('center_axis',(0.,-0.996194698091746,-0.0871557427476582));
#15056=DIRECTION('ref_axis',(1.,0.,0.));
#15057=DIRECTION('',(0.,-0.0871557427476582,0.996194698091746));
#15058=DIRECTION('',(1.,0.,0.));
#15059=DIRECTION('center_axis',(0.,-0.0871557427476582,0.996194698091746));
#15060=DIRECTION('ref_axis',(1.,0.,0.));
#15061=DIRECTION('',(0.,-0.996194698091746,-0.0871557427476582));
#15062=DIRECTION('',(-1.,0.,0.));
#15063=DIRECTION('center_axis',(0.,-0.996194698091746,-0.0871557427476582));
#15064=DIRECTION('ref_axis',(1.,0.,0.));
#15065=DIRECTION('',(0.,-0.0871557427476582,0.996194698091746));
#15066=DIRECTION('',(1.,0.,0.));
#15067=DIRECTION('',(0.,-0.0871557427476689,0.996194698091745));
#15068=DIRECTION('center_axis',(0.,0.996159089380812,0.0875617989992866));
#15069=DIRECTION('ref_axis',(-1.,0.,0.));
#15070=DIRECTION('',(0.,-0.0875617989992865,0.996159089380812));
#15071=DIRECTION('',(0.,-0.0875617989992865,0.996159089380812));
#15072=DIRECTION('center_axis',(-1.,0.,0.));
#15073=DIRECTION('ref_axis',(0.,-0.996159089380813,-0.0875617989992695));
#15074=DIRECTION('center_axis',(0.,-0.996194698091746,-0.0871557427476569));
#15075=DIRECTION('ref_axis',(1.,0.,0.));
#15076=DIRECTION('',(-1.,0.,0.));
#15077=DIRECTION('center_axis',(0.,-0.0871557427476423,0.996194698091747));
#15078=DIRECTION('ref_axis',(1.,0.,0.));
#15079=DIRECTION('',(1.,0.,0.));
#15080=DIRECTION('center_axis',(0.,0.996194698091746,0.0871557427476569));
#15081=DIRECTION('ref_axis',(-1.,0.,0.));
#15082=DIRECTION('center_axis',(1.,0.,0.));
#15083=DIRECTION('ref_axis',(0.,0.982778664432931,0.184786624882389));
#15084=DIRECTION('',(1.,4.00506781106449E-15,-4.55642157787518E-14));
#15085=DIRECTION('center_axis',(8.88178419700126E-15,0.960195296603575,
0.279329540830131));
#15086=DIRECTION('ref_axis',(0.,-0.279329540830131,0.960195296603575));
#15087=DIRECTION('',(-1.,-1.57772181044202E-30,3.94430452610506E-31));
#15088=DIRECTION('center_axis',(0.,0.279329540830131,-0.960195296603575));
#15089=DIRECTION('ref_axis',(-1.,0.,0.));
#15090=DIRECTION('',(1.,0.,0.));
#15091=DIRECTION('center_axis',(0.,0.,-1.));
#15092=DIRECTION('ref_axis',(0.,1.,0.));
#15093=DIRECTION('center_axis',(7.70371977754894E-34,0.332820117735134,
0.942990333582891));
#15094=DIRECTION('ref_axis',(-1.,5.28925924909364E-18,-1.86679738203303E-18));
#15095=DIRECTION('',(0.,-0.942990333582891,0.332820117735134));
#15096=DIRECTION('center_axis',(1.,0.,0.));
#15097=DIRECTION('ref_axis',(0.,0.332820117735134,0.942990333582891));
#15098=DIRECTION('center_axis',(-1.,0.,0.));
#15099=DIRECTION('ref_axis',(0.,-0.996159089380813,-0.0875617989992724));
#15100=DIRECTION('',(0.,-1.,1.110223024625E-16));
#15101=DIRECTION('',(1.,0.,0.));
#15102=DIRECTION('',(0.,-1.,1.110223024625E-16));
#15103=DIRECTION('',(1.,0.,0.));
#15104=DIRECTION('',(0.,-1.,1.110223024625E-16));
#15105=DIRECTION('',(1.,0.,0.));
#15106=DIRECTION('',(0.,-1.,1.110223024625E-16));
#15107=DIRECTION('',(1.,0.,0.));
#15108=DIRECTION('',(0.,0.,1.));
#15109=DIRECTION('',(1.110223024625E-16,-1.,0.));
#15110=DIRECTION('',(0.,-1.,1.110223024625E-16));
#15111=DIRECTION('',(1.,0.,0.));
#15112=DIRECTION('',(0.,-1.,1.110223024625E-16));
#15113=DIRECTION('',(1.,0.,0.));
#15114=DIRECTION('',(0.,-1.,1.110223024625E-16));
#15115=DIRECTION('',(1.,0.,0.));
#15116=DIRECTION('',(0.,-1.,1.110223024625E-16));
#15117=DIRECTION('',(1.,0.,0.));
#15118=DIRECTION('',(0.,-1.,1.110223024625E-16));
#15119=DIRECTION('',(1.,0.,0.));
#15120=DIRECTION('',(0.,-1.,1.110223024625E-16));
#15121=DIRECTION('',(1.,0.,0.));
#15122=DIRECTION('',(0.,-1.,1.110223024625E-16));
#15123=DIRECTION('',(1.,0.,0.));
#15124=DIRECTION('',(0.,-1.,1.110223024625E-16));
#15125=DIRECTION('',(1.,0.,0.));
#15126=DIRECTION('',(0.,-1.,1.110223024625E-16));
#15127=DIRECTION('',(1.,0.,0.));
#15128=DIRECTION('',(0.,-1.,1.110223024625E-16));
#15129=DIRECTION('',(1.,0.,0.));
#15130=DIRECTION('',(0.,-1.,1.110223024625E-16));
#15131=DIRECTION('',(1.,0.,0.));
#15132=DIRECTION('',(0.,-1.,1.110223024625E-16));
#15133=DIRECTION('',(1.,0.,0.));
#15134=DIRECTION('',(0.,-1.,1.110223024625E-16));
#15135=DIRECTION('',(1.,0.,0.));
#15136=DIRECTION('',(0.,-1.,1.110223024625E-16));
#15137=DIRECTION('',(1.,0.,0.));
#15138=DIRECTION('',(0.,-1.,1.110223024625E-16));
#15139=DIRECTION('',(1.,0.,0.));
#15140=DIRECTION('',(0.,-1.,1.110223024625E-16));
#15141=DIRECTION('',(1.,0.,0.));
#15142=DIRECTION('',(0.,-1.,1.110223024625E-16));
#15143=DIRECTION('',(1.,0.,0.));
#15144=DIRECTION('',(0.,-1.,1.110223024625E-16));
#15145=DIRECTION('',(1.,0.,0.));
#15146=DIRECTION('',(0.,-1.,1.110223024625E-16));
#15147=DIRECTION('',(1.,0.,0.));
#15148=DIRECTION('',(0.,-1.,1.110223024625E-16));
#15149=DIRECTION('',(1.,0.,0.));
#15150=DIRECTION('',(0.,-1.,1.110223024625E-16));
#15151=DIRECTION('',(1.,0.,0.));
#15152=DIRECTION('',(0.,-1.,1.110223024625E-16));
#15153=DIRECTION('',(1.,0.,0.));
#15154=DIRECTION('',(0.,-1.,1.110223024625E-16));
#15155=DIRECTION('',(1.,0.,0.));
#15156=DIRECTION('',(0.,-1.,1.110223024625E-16));
#15157=DIRECTION('',(1.,0.,0.));
#15158=DIRECTION('',(1.,-1.110223024625E-16,1.110223024625E-16));
#15159=DIRECTION('',(1.110223024625E-16,1.,0.));
#15160=DIRECTION('',(0.,-1.,1.110223024625E-16));
#15161=DIRECTION('',(1.,0.,0.));
#15162=DIRECTION('',(0.,-1.,1.110223024625E-16));
#15163=DIRECTION('',(1.,0.,0.));
#15164=DIRECTION('',(0.,-1.,1.110223024625E-16));
#15165=DIRECTION('',(1.,0.,0.));
#15166=DIRECTION('',(0.,-1.,1.110223024625E-16));
#15167=DIRECTION('',(1.,0.,0.));
#15168=DIRECTION('',(0.,-1.,1.110223024625E-16));
#15169=DIRECTION('',(1.,0.,0.));
#15170=DIRECTION('',(0.,-1.,1.110223024625E-16));
#15171=DIRECTION('',(1.,0.,0.));
#15172=DIRECTION('',(0.,-1.,1.110223024625E-16));
#15173=DIRECTION('',(1.,0.,0.));
#15174=DIRECTION('',(0.,-1.,1.110223024625E-16));
#15175=DIRECTION('',(1.,0.,0.));
#15176=DIRECTION('',(0.,-1.,1.110223024625E-16));
#15177=DIRECTION('',(1.,0.,0.));
#15178=DIRECTION('',(0.,-1.,1.110223024625E-16));
#15179=DIRECTION('',(1.,0.,0.));
#15180=DIRECTION('',(0.,-1.,1.110223024625E-16));
#15181=DIRECTION('',(1.,0.,0.));
#15182=DIRECTION('',(0.,-1.,1.110223024625E-16));
#15183=DIRECTION('',(1.,0.,0.));
#15184=DIRECTION('',(0.,-1.,1.110223024625E-16));
#15185=DIRECTION('',(1.,0.,0.));
#15186=DIRECTION('',(0.,-1.,1.110223024625E-16));
#15187=DIRECTION('',(1.,0.,0.));
#15188=DIRECTION('',(0.,-1.,1.110223024625E-16));
#15189=DIRECTION('',(1.,0.,0.));
#15190=DIRECTION('',(0.,-1.,1.110223024625E-16));
#15191=DIRECTION('',(1.,0.,0.));
#15192=DIRECTION('',(0.,-1.,1.110223024625E-16));
#15193=DIRECTION('',(1.,0.,0.));
#15194=DIRECTION('',(0.,-1.,1.110223024625E-16));
#15195=DIRECTION('',(1.,0.,0.));
#15196=DIRECTION('',(0.,-1.,1.110223024625E-16));
#15197=DIRECTION('',(1.,0.,0.));
#15198=DIRECTION('',(0.,-1.,1.110223024625E-16));
#15199=DIRECTION('',(1.,0.,0.));
#15200=DIRECTION('',(0.,-1.,1.110223024625E-16));
#15201=DIRECTION('',(1.,0.,0.));
#15202=DIRECTION('',(0.,-1.,1.110223024625E-16));
#15203=DIRECTION('',(1.,0.,0.));
#15204=DIRECTION('',(0.,-1.,1.110223024625E-16));
#15205=DIRECTION('',(1.,0.,0.));
#15206=DIRECTION('',(0.,-1.,1.110223024625E-16));
#15207=DIRECTION('',(1.,0.,0.));
#15208=DIRECTION('',(0.,-1.,1.110223024625E-16));
#15209=DIRECTION('',(1.,0.,0.));
#15210=DIRECTION('',(0.,-1.,1.110223024625E-16));
#15211=DIRECTION('',(1.,0.,0.));
#15212=DIRECTION('',(0.,-1.,1.110223024625E-16));
#15213=DIRECTION('',(1.,0.,0.));
#15214=DIRECTION('',(0.,-1.,1.110223024625E-16));
#15215=DIRECTION('',(1.,0.,0.));
#15216=DIRECTION('',(0.,-1.,1.110223024625E-16));
#15217=DIRECTION('',(1.,0.,0.));
#15218=DIRECTION('',(0.,-1.,1.110223024625E-16));
#15219=DIRECTION('',(1.,0.,0.));
#15220=DIRECTION('',(0.,-1.,1.110223024625E-16));
#15221=DIRECTION('',(1.,0.,0.));
#15222=DIRECTION('',(0.,-1.,1.110223024625E-16));
#15223=DIRECTION('',(1.,0.,0.));
#15224=DIRECTION('',(0.,-1.,1.110223024625E-16));
#15225=DIRECTION('',(1.,0.,0.));
#15226=DIRECTION('',(0.,-1.,1.110223024625E-16));
#15227=DIRECTION('',(1.,0.,0.));
#15228=DIRECTION('',(0.,-1.,1.110223024625E-16));
#15229=DIRECTION('',(1.,0.,0.));
#15230=DIRECTION('',(0.,-1.,1.110223024625E-16));
#15231=DIRECTION('',(1.,0.,0.));
#15232=DIRECTION('',(0.,-1.,1.110223024625E-16));
#15233=DIRECTION('',(1.,0.,0.));
#15234=DIRECTION('',(0.,-1.,1.110223024625E-16));
#15235=DIRECTION('',(1.,0.,0.));
#15236=DIRECTION('',(0.,-1.,1.110223024625E-16));
#15237=DIRECTION('',(1.,0.,0.));
#15238=DIRECTION('',(0.,-1.,1.110223024625E-16));
#15239=DIRECTION('',(1.,0.,0.));
#15240=DIRECTION('',(0.,-1.,1.110223024625E-16));
#15241=DIRECTION('',(1.,0.,0.));
#15242=DIRECTION('',(0.,-1.,1.110223024625E-16));
#15243=DIRECTION('',(1.,0.,0.));
#15244=DIRECTION('',(0.,-1.,1.110223024625E-16));
#15245=DIRECTION('',(1.,0.,0.));
#15246=DIRECTION('',(0.,-1.,1.110223024625E-16));
#15247=DIRECTION('',(1.,0.,0.));
#15248=DIRECTION('',(0.,-1.,1.110223024625E-16));
#15249=DIRECTION('',(1.,0.,0.));
#15250=DIRECTION('',(0.,-1.,1.110223024625E-16));
#15251=DIRECTION('',(1.,0.,0.));
#15252=DIRECTION('',(0.,-1.,1.110223024625E-16));
#15253=DIRECTION('',(1.,0.,0.));
#15254=DIRECTION('',(0.,-1.,1.110223024625E-16));
#15255=DIRECTION('',(1.,0.,0.));
#15256=DIRECTION('',(0.,-1.,1.110223024625E-16));
#15257=DIRECTION('',(1.,0.,0.));
#15258=DIRECTION('',(0.,-1.,1.110223024625E-16));
#15259=DIRECTION('',(1.,0.,0.));
#15260=DIRECTION('',(0.,-1.,1.110223024625E-16));
#15261=DIRECTION('',(1.,0.,0.));
#15262=DIRECTION('',(0.,-1.,1.110223024625E-16));
#15263=DIRECTION('',(1.,0.,0.));
#15264=DIRECTION('',(0.,-1.,1.110223024625E-16));
#15265=DIRECTION('',(1.,0.,0.));
#15266=DIRECTION('',(0.,-1.,1.110223024625E-16));
#15267=DIRECTION('',(1.,0.,0.));
#15268=DIRECTION('',(0.,-1.,1.110223024625E-16));
#15269=DIRECTION('',(1.,0.,0.));
#15270=DIRECTION('',(0.,-1.,1.110223024625E-16));
#15271=DIRECTION('',(1.,0.,0.));
#15272=DIRECTION('',(0.,-1.,1.110223024625E-16));
#15273=DIRECTION('',(1.,0.,0.));
#15274=DIRECTION('',(0.,-1.,1.110223024625E-16));
#15275=DIRECTION('',(1.,0.,0.));
#15276=DIRECTION('',(0.,-1.,1.110223024625E-16));
#15277=DIRECTION('',(1.,0.,0.));
#15278=DIRECTION('',(0.,-1.,1.110223024625E-16));
#15279=DIRECTION('',(1.,0.,0.));
#15280=DIRECTION('',(0.,-1.,1.110223024625E-16));
#15281=DIRECTION('',(1.,0.,0.));
#15282=DIRECTION('',(0.,-1.,1.110223024625E-16));
#15283=DIRECTION('',(1.,0.,0.));
#15284=DIRECTION('',(0.,-1.,1.110223024625E-16));
#15285=DIRECTION('',(1.,0.,0.));
#15286=DIRECTION('',(0.,-1.,1.110223024625E-16));
#15287=DIRECTION('',(1.,0.,0.));
#15288=DIRECTION('',(0.,-1.,1.110223024625E-16));
#15289=DIRECTION('',(1.,0.,0.));
#15290=DIRECTION('',(0.,-1.,1.110223024625E-16));
#15291=DIRECTION('',(1.,0.,0.));
#15292=DIRECTION('',(0.,-1.,1.110223024625E-16));
#15293=DIRECTION('',(1.,0.,0.));
#15294=DIRECTION('',(0.,-1.,1.110223024625E-16));
#15295=DIRECTION('',(1.,0.,0.));
#15296=DIRECTION('',(0.,-1.,1.110223024625E-16));
#15297=DIRECTION('',(1.,0.,0.));
#15298=DIRECTION('',(0.,-1.,1.110223024625E-16));
#15299=DIRECTION('',(1.,0.,0.));
#15300=DIRECTION('',(0.,-1.,1.110223024625E-16));
#15301=DIRECTION('',(1.,0.,0.));
#15302=DIRECTION('',(0.,-1.,1.110223024625E-16));
#15303=DIRECTION('',(1.,0.,0.));
#15304=DIRECTION('',(0.,-1.,1.110223024625E-16));
#15305=DIRECTION('',(1.,0.,0.));
#15306=DIRECTION('',(0.,-1.,1.110223024625E-16));
#15307=DIRECTION('',(1.,0.,0.));
#15308=DIRECTION('',(0.,-1.,1.110223024625E-16));
#15309=DIRECTION('',(1.,0.,0.));
#15310=DIRECTION('',(0.,-1.,1.110223024625E-16));
#15311=DIRECTION('',(1.,0.,0.));
#15312=DIRECTION('',(0.,-1.,1.110223024625E-16));
#15313=DIRECTION('',(1.,0.,0.));
#15314=DIRECTION('',(0.,-1.,1.110223024625E-16));
#15315=DIRECTION('',(1.,0.,0.));
#15316=DIRECTION('',(0.,-1.,1.110223024625E-16));
#15317=DIRECTION('',(1.,0.,0.));
#15318=DIRECTION('',(0.,-1.,1.110223024625E-16));
#15319=DIRECTION('',(1.,0.,0.));
#15320=DIRECTION('',(0.,-1.,1.110223024625E-16));
#15321=DIRECTION('',(1.,0.,0.));
#15322=DIRECTION('',(0.,-1.,1.110223024625E-16));
#15323=DIRECTION('',(1.,0.,0.));
#15324=DIRECTION('',(0.,-1.,1.110223024625E-16));
#15325=DIRECTION('',(1.,0.,0.));
#15326=DIRECTION('',(0.,-1.,1.110223024625E-16));
#15327=DIRECTION('',(1.,0.,0.));
#15328=DIRECTION('',(0.,-1.,1.110223024625E-16));
#15329=DIRECTION('',(1.,0.,0.));
#15330=DIRECTION('',(0.,-1.,1.110223024625E-16));
#15331=DIRECTION('',(1.,0.,0.));
#15332=DIRECTION('',(0.,-1.,1.110223024625E-16));
#15333=DIRECTION('',(1.,0.,0.));
#15334=DIRECTION('',(0.,-1.,1.110223024625E-16));
#15335=DIRECTION('',(1.,0.,0.));
#15336=DIRECTION('',(0.,-1.,1.110223024625E-16));
#15337=DIRECTION('',(1.,0.,0.));
#15338=DIRECTION('',(0.,-1.,1.110223024625E-16));
#15339=DIRECTION('',(1.,0.,0.));
#15340=DIRECTION('',(0.,-1.,1.110223024625E-16));
#15341=DIRECTION('',(1.,0.,0.));
#15342=DIRECTION('',(0.,-1.,1.110223024625E-16));
#15343=DIRECTION('',(1.,0.,0.));
#15344=DIRECTION('',(0.,-1.,1.110223024625E-16));
#15345=DIRECTION('',(1.,0.,0.));
#15346=DIRECTION('',(0.,-1.,1.110223024625E-16));
#15347=DIRECTION('',(1.,0.,0.));
#15348=DIRECTION('',(0.,-1.,1.110223024625E-16));
#15349=DIRECTION('',(1.,0.,0.));
#15350=DIRECTION('',(0.,-1.,1.110223024625E-16));
#15351=DIRECTION('',(1.,0.,0.));
#15352=DIRECTION('',(0.,-1.,1.110223024625E-16));
#15353=DIRECTION('',(1.,0.,0.));
#15354=DIRECTION('',(0.,-1.,1.110223024625E-16));
#15355=DIRECTION('',(1.,0.,0.));
#15356=DIRECTION('',(0.,-1.,1.110223024625E-16));
#15357=DIRECTION('',(1.,0.,0.));
#15358=DIRECTION('',(0.,0.,1.));
#15359=DIRECTION('',(1.,0.,0.));
#15360=DIRECTION('',(0.,0.,1.));
#15361=DIRECTION('',(1.,0.,0.));
#15362=CARTESIAN_POINT('',(0.,0.,0.));
#15363=CARTESIAN_POINT('',(0.,0.,0.));
#15364=CARTESIAN_POINT('',(0.,0.,0.));
#15365=CARTESIAN_POINT('',(0.,0.,0.));
#15366=CARTESIAN_POINT('',(0.,0.,0.));
#15367=CARTESIAN_POINT('',(0.,0.,0.));
#15368=CARTESIAN_POINT('',(0.,0.,0.));
#15369=CARTESIAN_POINT('',(0.,0.,0.));
#15370=CARTESIAN_POINT('',(0.,0.,0.));
#15371=CARTESIAN_POINT('',(0.,0.,0.));
#15372=CARTESIAN_POINT('',(0.,0.,0.));
#15373=CARTESIAN_POINT('',(0.,0.,0.));
#15374=CARTESIAN_POINT('',(0.,0.,0.));
#15375=CARTESIAN_POINT('',(0.,0.,0.));
#15376=CARTESIAN_POINT('',(0.,0.,0.));
#15377=CARTESIAN_POINT('',(0.,0.,0.));
#15378=CARTESIAN_POINT('',(0.06437578110909,-1.,0.997925728101));
#15379=CARTESIAN_POINT('',(0.06437578110912,3.1,0.997925728101));
#15380=CARTESIAN_POINT('',(0.06437578110905,7.1,0.997925728101));
#15381=CARTESIAN_POINT('',(0.,0.,0.));
#15382=CARTESIAN_POINT('',(-3.745624218891,-4.4,-1.542074271899));
#15383=CARTESIAN_POINT('',(2.604375781109,-4.4,-3.832074271899));
#15384=CARTESIAN_POINT('',(0.06437578110912,8.15,6.112925728101));
#15385=CARTESIAN_POINT('',(0.,0.,0.));
#15386=CARTESIAN_POINT('',(0.,0.,0.));
#15387=CARTESIAN_POINT('',(0.,0.,0.));
#15388=CARTESIAN_POINT('',(0.,0.,0.));
#15389=CARTESIAN_POINT('',(0.,0.,0.));
#15390=CARTESIAN_POINT('',(0.,0.,0.));
#15391=CARTESIAN_POINT('Origin',(-262.934990381766,21.1692985706855,9.32226389831632));
#15392=CARTESIAN_POINT('',(-165.75,24.2246281450127,17.9790310255767));
#15393=CARTESIAN_POINT('',(-165.75,18.1139689963583,0.665496771055924));
#15394=CARTESIAN_POINT('',(-165.75,25.5964056299608,21.8657338995965));
#15395=CARTESIAN_POINT('',(-460.87,24.2246281450127,17.9790310255767));
#15396=CARTESIAN_POINT('',(-460.87,24.2246281450127,17.9790310255767));
#15397=CARTESIAN_POINT('',(-460.87,18.1139943136079,0.665568503263085));
#15398=CARTESIAN_POINT('',(-460.87,24.2246281450127,17.9790310255767));
#15399=CARTESIAN_POINT('',(-458.87,18.1140196308575,0.665640235470246));
#15400=CARTESIAN_POINT('',(-64.9999807635322,18.1139689963583,0.665496771055924));
#15401=CARTESIAN_POINT('',(-64.9999807635322,18.1139689963583,0.665496771055924));
#15402=CARTESIAN_POINT('Origin',(-460.87,19.9999496635241,-0.000143464414343875));
#15403=CARTESIAN_POINT('',(-165.75,19.9999496635241,-0.000143464414343875));
#15404=CARTESIAN_POINT('',(-165.75,46.5537416252147,-9.37207003912857));
#15405=CARTESIAN_POINT('',(-460.87,20.0000002980232,0.));
#15406=CARTESIAN_POINT('',(-460.87,20.0000002980233,-2.22044604925031E-14));
#15407=CARTESIAN_POINT('',(-458.87,20.0000002980232,0.));
#15408=CARTESIAN_POINT('',(-460.87,20.0000002980232,0.));
#15409=CARTESIAN_POINT('',(-64.9999807635322,19.9999496635241,-0.000143464414343875));
#15410=CARTESIAN_POINT('Origin',(-263.377920014978,83.7661447278436,22.3328150290259));
#15411=CARTESIAN_POINT('',(-165.75,26.1015837047183,17.2878196523036));
#15412=CARTESIAN_POINT('',(-165.75,142.020536373752,27.4294138986422));
#15413=CARTESIAN_POINT('',(-165.75,84.0685148259069,22.3592689847957));
#15414=CARTESIAN_POINT('',(-458.87,26.1015837047186,17.2878196523036));
#15415=CARTESIAN_POINT('',(-360.902495190883,26.1015837047185,17.2878196523036));
#15416=CARTESIAN_POINT('',(-458.87,142.020536373751,27.4294138986421));
#15417=CARTESIAN_POINT('',(-458.87,55.3029775231599,19.8426105705733));
#15418=CARTESIAN_POINT('',(-263.15646413466,142.020536373753,27.4294138986422));
#15419=CARTESIAN_POINT('',(-401.346962314978,52.7849912012208,19.6223153124902));
#15420=CARTESIAN_POINT('',(-387.347662314978,52.7849912012208,19.6223153124902));
#15421=CARTESIAN_POINT('',(-401.346962314978,52.7849912012208,19.6223153124902));
#15422=CARTESIAN_POINT('',(-401.346962314978,38.8388033730733,18.4021819781241));
#15423=CARTESIAN_POINT('',(-401.346962314978,38.8388033730733,18.4021819781241));
#15424=CARTESIAN_POINT('',(-387.347662314978,38.8388033730733,18.4021819781241));
#15425=CARTESIAN_POINT('',(-387.347662314978,38.8388033730733,18.4021819781241));
#15426=CARTESIAN_POINT('',(-387.347662314978,52.7849912012208,19.6223153124902));
#15427=CARTESIAN_POINT('',(-361.153962314978,114.748998758816,25.0434635204145));
#15428=CARTESIAN_POINT('',(-375.153262314978,114.748998758816,25.0434635204145));
#15429=CARTESIAN_POINT('',(-361.153962314978,114.748998758816,25.0434635204145));
#15430=CARTESIAN_POINT('',(-361.153962314978,128.695027195812,26.2635829098617));
#15431=CARTESIAN_POINT('',(-361.153962314978,128.695027195812,26.2635829098617));
#15432=CARTESIAN_POINT('',(-375.153262314978,128.695027195812,26.2635829098617));
#15433=CARTESIAN_POINT('',(-375.153262314978,128.695027195812,26.2635829098617));
#15434=CARTESIAN_POINT('',(-375.153262314978,114.748998758816,25.0434635204145));
#15435=CARTESIAN_POINT('',(-370.390762314978,71.7624005803987,21.2826234962588));
#15436=CARTESIAN_POINT('',(-356.391462314978,71.7624005803987,21.2826234962588));
#15437=CARTESIAN_POINT('',(-370.390762314978,71.7624005803987,21.2826234962588));
#15438=CARTESIAN_POINT('',(-370.390762314978,57.8162725239333,20.0624953912372));
#15439=CARTESIAN_POINT('',(-370.390762314978,57.8162725239333,20.0624953912372));
#15440=CARTESIAN_POINT('',(-356.391462314978,57.8162725239333,20.0624953912372));
#15441=CARTESIAN_POINT('',(-356.391462314978,57.8162725239333,20.0624953912372));
#15442=CARTESIAN_POINT('',(-356.391462314978,71.7624005803987,21.2826234962588));
#15443=CARTESIAN_POINT('',(-304.003962314978,128.695027195812,26.2635829098617));
#15444=CARTESIAN_POINT('',(-304.003962314978,114.748998758816,25.0434635204145));
#15445=CARTESIAN_POINT('',(-304.003962314978,128.695027195812,26.2635829098617));
#15446=CARTESIAN_POINT('',(-318.002962314978,128.695027195812,26.2635829098617));
#15447=CARTESIAN_POINT('',(-318.002962314978,128.695027195812,26.2635829098617));
#15448=CARTESIAN_POINT('',(-318.002962314978,114.748998758816,25.0434635204145));
#15449=CARTESIAN_POINT('',(-318.002962314978,114.748998758816,25.0434635204145));
#15450=CARTESIAN_POINT('',(-304.003962314978,114.748998758816,25.0434635204145));
#15451=CARTESIAN_POINT('',(-389.440762314978,71.7624005803987,21.2826234962588));
#15452=CARTESIAN_POINT('',(-375.441462314978,71.7624005803987,21.2826234962588));
#15453=CARTESIAN_POINT('',(-389.440762314978,71.7624005803987,21.2826234962588));
#15454=CARTESIAN_POINT('',(-389.440762314978,57.8162725239333,20.0624953912372));
#15455=CARTESIAN_POINT('',(-389.440762314978,57.8162725239333,20.0624953912372));
#15456=CARTESIAN_POINT('',(-375.441462314978,57.8162725239333,20.0624953912372));
#15457=CARTESIAN_POINT('',(-375.441462314978,57.8162725239333,20.0624953912372));
#15458=CARTESIAN_POINT('',(-375.441462314978,71.7624005803987,21.2826234962588));
#15459=CARTESIAN_POINT('',(-448.972052314978,38.8388033730733,18.4021819781241));
#15460=CARTESIAN_POINT('',(-448.972052314978,52.7849912012208,19.6223153124902));
#15461=CARTESIAN_POINT('',(-448.972052314978,38.8388033730733,18.4021819781241));
#15462=CARTESIAN_POINT('',(-434.972562314978,38.8388033730733,18.4021819781241));
#15463=CARTESIAN_POINT('',(-434.972562314978,38.8388033730733,18.4021819781241));
#15464=CARTESIAN_POINT('',(-434.972562314978,52.7849912012208,19.6223153124902));
#15465=CARTESIAN_POINT('',(-434.972562314978,52.7849912012208,19.6223153124902));
#15466=CARTESIAN_POINT('',(-448.972052314978,52.7849912012208,19.6223153124902));
#15467=CARTESIAN_POINT('',(-218.278962314978,95.7714897601683,23.3831466210716));
#15468=CARTESIAN_POINT('',(-232.277962314978,95.7714897601683,23.3831466210716));
#15469=CARTESIAN_POINT('',(-218.278962314978,95.7714897601683,23.3831466210716));
#15470=CARTESIAN_POINT('',(-218.278962314978,109.717518197164,24.6032660105189));
#15471=CARTESIAN_POINT('',(-218.278962314978,109.717518197164,24.6032660105189));
#15472=CARTESIAN_POINT('',(-232.277962314978,109.717518197164,24.6032660105189));
#15473=CARTESIAN_POINT('',(-232.277962314978,109.717518197164,24.6032660105189));
#15474=CARTESIAN_POINT('',(-232.277962314978,95.7714897601683,23.3831466210716));
#15475=CARTESIAN_POINT('',(-313.528962314978,95.7714897601683,23.3831466210716));
#15476=CARTESIAN_POINT('',(-327.527962314978,95.7714897601683,23.3831466210716));
#15477=CARTESIAN_POINT('',(-313.528962314978,95.7714897601683,23.3831466210716));
#15478=CARTESIAN_POINT('',(-313.528962314978,109.717518197164,24.6032660105189));
#15479=CARTESIAN_POINT('',(-313.528962314978,109.717518197164,24.6032660105189));
#15480=CARTESIAN_POINT('',(-327.527962314978,109.717518197164,24.6032660105189));
#15481=CARTESIAN_POINT('',(-327.527962314978,109.717518197164,24.6032660105189));
#15482=CARTESIAN_POINT('',(-327.527962314978,95.7714897601683,23.3831466210716));
#15483=CARTESIAN_POINT('',(-175.415962314978,95.7714897601683,23.3831466210716));
#15484=CARTESIAN_POINT('',(-189.415962314978,95.7714897601683,23.3831466210716));
#15485=CARTESIAN_POINT('',(-175.415962314978,95.7714897601683,23.3831466210716));
#15486=CARTESIAN_POINT('',(-175.415962314978,109.717518197164,24.6032660105189));
#15487=CARTESIAN_POINT('',(-175.415962314978,109.717518197164,24.6032660105189));
#15488=CARTESIAN_POINT('',(-189.415962314978,109.717518197164,24.6032660105189));
#15489=CARTESIAN_POINT('',(-189.415962314978,109.717518197164,24.6032660105189));
#15490=CARTESIAN_POINT('',(-189.415962314978,95.7714897601683,23.3831466210716));
#15491=CARTESIAN_POINT('',(-196.560962314978,86.057396020136,22.5332735423906));
#15492=CARTESIAN_POINT('',(-196.560962314978,90.7400091985163,22.942949111176));
#15493=CARTESIAN_POINT('',(-196.560962314978,90.7400091985163,22.942949111176));
#15494=CARTESIAN_POINT('',(-198.084962314978,86.057396020136,22.5332735423906));
#15495=CARTESIAN_POINT('',(-196.560962314978,86.057396020136,22.5332735423906));
#15496=CARTESIAN_POINT('',(-198.084962314978,89.2752045144422,22.8147953070398));
#15497=CARTESIAN_POINT('',(-198.084962314978,86.057396020136,22.5332735423906));
#15498=CARTESIAN_POINT('',(-199.811962314978,89.2752045144422,22.8147953070398));
#15499=CARTESIAN_POINT('',(-198.084962314978,89.2752045144422,22.8147953070398));
#15500=CARTESIAN_POINT('',(-199.811962314978,90.1924009729753,22.8950395993876));
#15501=CARTESIAN_POINT('',(-199.811962314978,89.2752045144422,22.8147953070398));
#15502=CARTESIAN_POINT('',(-203.110962314978,90.1924009729753,22.8950395993876));
#15503=CARTESIAN_POINT('',(-199.811962314978,90.1924009729753,22.8950395993876));
#15504=CARTESIAN_POINT('',(-203.110962314978,89.2752045144422,22.8147953070398));
#15505=CARTESIAN_POINT('',(-203.110962314978,90.1924009729753,22.8950395993876));
#15506=CARTESIAN_POINT('',(-204.835962314978,89.2752045144422,22.8147953070398));
#15507=CARTESIAN_POINT('',(-203.110962314978,89.2752045144422,22.8147953070398));
#15508=CARTESIAN_POINT('',(-204.835962314978,86.057396020136,22.5332735423906));
#15509=CARTESIAN_POINT('',(-204.835962314978,89.2752045144422,22.8147953070398));
#15510=CARTESIAN_POINT('',(-205.659962314978,86.057396020136,22.5332735423906));
#15511=CARTESIAN_POINT('',(-204.835962314978,86.057396020136,22.5332735423906));
#15512=CARTESIAN_POINT('',(-205.659962314978,83.2691466796472,22.2893333340142));
#15513=CARTESIAN_POINT('',(-205.659962314978,86.057396020136,22.5332735423906));
#15514=CARTESIAN_POINT('',(-204.835962314978,83.2691466796472,22.2893333340142));
#15515=CARTESIAN_POINT('',(-205.659962314978,83.2691466796472,22.2893333340142));
#15516=CARTESIAN_POINT('',(-204.835962314978,77.0231055420816,21.7428755425606));
#15517=CARTESIAN_POINT('',(-204.835962314978,83.2691466796472,22.2893333340142));
#15518=CARTESIAN_POINT('',(-203.110962314978,77.0231055420816,21.7428755425606));
#15519=CARTESIAN_POINT('',(-204.835962314978,77.0231055420816,21.7428755425606));
#15520=CARTESIAN_POINT('',(-203.110962314978,76.0457389237839,21.6573670433509));
#15521=CARTESIAN_POINT('',(-203.110962314978,77.0231055420816,21.7428755425606));
#15522=CARTESIAN_POINT('',(-199.811962314978,76.0457389237839,21.6573670433509));
#15523=CARTESIAN_POINT('',(-203.110962314978,76.0457389237839,21.6573670433509));
#15524=CARTESIAN_POINT('',(-199.811962314978,77.0231055420816,21.7428755425606));
#15525=CARTESIAN_POINT('',(-199.811962314978,76.0457389237839,21.6573670433509));
#15526=CARTESIAN_POINT('',(-198.084962314978,77.0231055420816,21.7428755425606));
#15527=CARTESIAN_POINT('',(-199.811962314978,77.0231055420816,21.7428755425606));
#15528=CARTESIAN_POINT('',(-198.084962314978,81.4750996478536,22.1323745568999));
#15529=CARTESIAN_POINT('',(-198.084962314978,77.0231055420816,21.7428755425606));
#15530=CARTESIAN_POINT('',(-196.560962314978,81.4750996478536,22.1323745568999));
#15531=CARTESIAN_POINT('',(-198.084962314978,81.4750996478536,22.1323745568999));
#15532=CARTESIAN_POINT('',(-196.560962314978,76.7939807615206,21.7228297217287));
#15533=CARTESIAN_POINT('',(-196.560962314978,81.4750996478536,22.1323745568999));
#15534=CARTESIAN_POINT('',(-182.559962314978,76.7939807615206,21.7228297217287));
#15535=CARTESIAN_POINT('',(-196.560962314978,76.7939807615206,21.7228297217287));
#15536=CARTESIAN_POINT('',(-182.559962314978,81.4750996478536,22.1323745568999));
#15537=CARTESIAN_POINT('',(-182.559962314978,76.7939807615206,21.7228297217287));
#15538=CARTESIAN_POINT('',(-181.035962314978,81.4750996478536,22.1323745568999));
#15539=CARTESIAN_POINT('',(-182.559962314978,81.4750996478536,22.1323745568999));
#15540=CARTESIAN_POINT('',(-181.035962314978,77.0231055420816,21.7428755425606));
#15541=CARTESIAN_POINT('',(-181.035962314978,81.4750996478536,22.1323745568999));
#15542=CARTESIAN_POINT('',(-179.310962314978,77.0231055420816,21.7428755425606));
#15543=CARTESIAN_POINT('',(-181.035962314978,77.0231055420816,21.7428755425606));
#15544=CARTESIAN_POINT('',(-179.310962314978,76.0457389237839,21.6573670433509));
#15545=CARTESIAN_POINT('',(-179.310962314978,77.0231055420816,21.7428755425606));
#15546=CARTESIAN_POINT('',(-176.009962314978,76.0457389237839,21.6573670433509));
#15547=CARTESIAN_POINT('',(-179.310962314978,76.0457389237839,21.6573670433509));
#15548=CARTESIAN_POINT('',(-176.009962314978,77.0231055420816,21.7428755425606));
#15549=CARTESIAN_POINT('',(-176.009962314978,76.0457389237839,21.6573670433509));
#15550=CARTESIAN_POINT('',(-174.284962314978,77.0231055420816,21.7428755425606));
#15551=CARTESIAN_POINT('',(-176.009962314978,77.0231055420816,21.7428755425606));
#15552=CARTESIAN_POINT('',(-174.284962314978,83.2691466796472,22.2893333340142));
#15553=CARTESIAN_POINT('',(-174.284962314978,77.0231055420816,21.7428755425606));
#15554=CARTESIAN_POINT('',(-173.460962314978,83.2691466796472,22.2893333340142));
#15555=CARTESIAN_POINT('',(-174.284962314978,83.2691466796472,22.2893333340142));
#15556=CARTESIAN_POINT('',(-173.460962314978,86.057396020136,22.5332735423906));
#15557=CARTESIAN_POINT('',(-173.460962314978,83.2691466796472,22.2893333340142));
#15558=CARTESIAN_POINT('',(-174.284962314978,86.057396020136,22.5332735423906));
#15559=CARTESIAN_POINT('',(-173.460962314978,86.057396020136,22.5332735423906));
#15560=CARTESIAN_POINT('',(-174.284962314978,89.2752045144422,22.8147953070398));
#15561=CARTESIAN_POINT('',(-174.284962314978,86.057396020136,22.5332735423906));
#15562=CARTESIAN_POINT('',(-176.009962314978,89.2752045144422,22.8147953070398));
#15563=CARTESIAN_POINT('',(-174.284962314978,89.2752045144422,22.8147953070398));
#15564=CARTESIAN_POINT('',(-176.009962314978,90.1924009729753,22.8950395993876));
#15565=CARTESIAN_POINT('',(-176.009962314978,89.2752045144422,22.8147953070398));
#15566=CARTESIAN_POINT('',(-179.310962314978,90.1924009729753,22.8950395993876));
#15567=CARTESIAN_POINT('',(-176.009962314978,90.1924009729753,22.8950395993876));
#15568=CARTESIAN_POINT('',(-179.310962314978,89.2752045144422,22.8147953070398));
#15569=CARTESIAN_POINT('',(-179.310962314978,90.1924009729753,22.8950395993876));
#15570=CARTESIAN_POINT('',(-181.035962314978,89.2752045144422,22.8147953070398));
#15571=CARTESIAN_POINT('',(-179.310962314978,89.2752045144422,22.8147953070398));
#15572=CARTESIAN_POINT('',(-181.035962314978,86.057396020136,22.5332735423906));
#15573=CARTESIAN_POINT('',(-181.035962314978,89.2752045144422,22.8147953070398));
#15574=CARTESIAN_POINT('',(-182.559962314978,86.057396020136,22.5332735423906));
#15575=CARTESIAN_POINT('',(-181.035962314978,86.057396020136,22.5332735423906));
#15576=CARTESIAN_POINT('',(-182.559962314978,90.7400091985163,22.942949111176));
#15577=CARTESIAN_POINT('',(-182.559962314978,86.057396020136,22.5332735423906));
#15578=CARTESIAN_POINT('',(-182.559962314978,90.7400091985163,22.942949111176));
#15579=CARTESIAN_POINT('',(-394.491462314978,71.7624005803987,21.2826234962588));
#15580=CARTESIAN_POINT('',(-394.491462314978,57.8162725239333,20.0624953912372));
#15581=CARTESIAN_POINT('',(-394.491462314978,71.7624005803987,21.2826234962588));
#15582=CARTESIAN_POINT('',(-408.490762314978,71.7624005803987,21.2826234962588));
#15583=CARTESIAN_POINT('',(-408.490762314978,71.7624005803987,21.2826234962588));
#15584=CARTESIAN_POINT('',(-408.490762314978,57.8162725239333,20.0624953912372));
#15585=CARTESIAN_POINT('',(-408.490762314978,57.8162725239333,20.0624953912372));
#15586=CARTESIAN_POINT('',(-394.491462314978,57.8162725239333,20.0624953912372));
#15587=CARTESIAN_POINT('',(-425.447562314978,71.7624005803987,21.2826234962588));
#15588=CARTESIAN_POINT('',(-425.447562314978,67.0798870214883,20.8729566430477));
#15589=CARTESIAN_POINT('',(-425.447562314978,67.0798870214883,20.8729566430477));
#15590=CARTESIAN_POINT('',(-439.447062314978,71.7624005803987,21.2826234962588));
#15591=CARTESIAN_POINT('',(-425.447562314978,71.7624005803987,21.2826234962588));
#15592=CARTESIAN_POINT('',(-439.447062314978,67.0798870214883,20.8729566430477));
#15593=CARTESIAN_POINT('',(-439.447062314978,71.7624005803987,21.2826234962588));
#15594=CARTESIAN_POINT('',(-440.972562314978,67.0798870214883,20.8729566430477));
#15595=CARTESIAN_POINT('',(-439.447062314978,67.0798870214883,20.8729566430477));
#15596=CARTESIAN_POINT('',(-440.972562314978,70.2977951352642,21.1544871232712));
#15597=CARTESIAN_POINT('',(-440.972562314978,67.0798870214883,20.8729566430477));
#15598=CARTESIAN_POINT('',(-442.697862314978,70.2977951352642,21.1544871232712));
#15599=CARTESIAN_POINT('',(-440.972562314978,70.2977951352642,21.1544871232712));
#15600=CARTESIAN_POINT('',(-442.697862314978,71.2162866469049,21.2348447180845));
#15601=CARTESIAN_POINT('',(-442.697862314978,70.2977951352642,21.1544871232712));
#15602=CARTESIAN_POINT('',(-445.996872314978,71.2162866469049,21.2348447180845));
#15603=CARTESIAN_POINT('',(-442.697862314978,71.2162866469049,21.2348447180845));
#15604=CARTESIAN_POINT('',(-445.996872314978,70.2977951352642,21.1544871232712));
#15605=CARTESIAN_POINT('',(-445.996872314978,71.2162866469049,21.2348447180845));
#15606=CARTESIAN_POINT('',(-447.722162314978,70.2977951352642,21.1544871232712));
#15607=CARTESIAN_POINT('',(-445.996872314978,70.2977951352642,21.1544871232712));
#15608=CARTESIAN_POINT('',(-447.722162314978,67.0798870214883,20.8729566430477));
#15609=CARTESIAN_POINT('',(-447.722162314978,70.2977951352642,21.1544871232712));
#15610=CARTESIAN_POINT('',(-448.547632314978,67.0798870214883,20.8729566430477));
#15611=CARTESIAN_POINT('',(-447.722162314978,67.0798870214883,20.8729566430477));
#15612=CARTESIAN_POINT('',(-448.547632314978,64.2917373004692,20.6290251502456));
#15613=CARTESIAN_POINT('',(-448.547632314978,67.0798870214883,20.8729566430477));
#15614=CARTESIAN_POINT('',(-447.722162314978,64.2917373004692,20.6290251502456));
#15615=CARTESIAN_POINT('',(-448.547632314978,64.2917373004692,20.6290251502456));
#15616=CARTESIAN_POINT('',(-447.722162314978,58.0455965434339,20.0825586432177));
#15617=CARTESIAN_POINT('',(-447.722162314978,64.2917373004692,20.6290251502456));
#15618=CARTESIAN_POINT('',(-445.996872314978,58.0455965434339,20.0825586432177));
#15619=CARTESIAN_POINT('',(-447.722162314978,58.0455965434339,20.0825586432177));
#15620=CARTESIAN_POINT('',(-445.996872314978,57.0681303056663,19.9970414284337));
#15621=CARTESIAN_POINT('',(-445.996872314978,58.0455965434339,20.0825586432177));
#15622=CARTESIAN_POINT('',(-442.697862314978,57.0681303056663,19.9970414284337));
#15623=CARTESIAN_POINT('',(-445.996872314978,57.0681303056663,19.9970414284337));
#15624=CARTESIAN_POINT('',(-442.697862314978,58.0455965434339,20.0825586432177));
#15625=CARTESIAN_POINT('',(-442.697862314978,57.0681303056663,19.9970414284337));
#15626=CARTESIAN_POINT('',(-440.972562314978,58.0455965434339,20.0825586432177));
#15627=CARTESIAN_POINT('',(-442.697862314978,58.0455965434339,20.0825586432177));
#15628=CARTESIAN_POINT('',(-440.972562314978,62.4974910297362,20.4720489419828));
#15629=CARTESIAN_POINT('',(-440.972562314978,58.0455965434339,20.0825586432177));
#15630=CARTESIAN_POINT('',(-439.447062314978,62.4974910297362,20.4720489419828));
#15631=CARTESIAN_POINT('',(-440.972562314978,62.4974910297362,20.4720489419828));
#15632=CARTESIAN_POINT('',(-439.447062314978,57.8162725239333,20.0624953912372));
#15633=CARTESIAN_POINT('',(-439.447062314978,62.4974910297362,20.4720489419828));
#15634=CARTESIAN_POINT('',(-425.447562314978,57.8162725239333,20.0624953912372));
#15635=CARTESIAN_POINT('',(-439.447062314978,57.8162725239333,20.0624953912372));
#15636=CARTESIAN_POINT('',(-425.447562314978,62.4974910297362,20.4720489419828));
#15637=CARTESIAN_POINT('',(-425.447562314978,57.8162725239333,20.0624953912372));
#15638=CARTESIAN_POINT('',(-423.922062314978,62.4974910297362,20.4720489419828));
#15639=CARTESIAN_POINT('',(-425.447562314978,62.4974910297362,20.4720489419828));
#15640=CARTESIAN_POINT('',(-423.922062314978,58.0455965434339,20.0825586432177));
#15641=CARTESIAN_POINT('',(-423.922062314978,62.4974910297362,20.4720489419828));
#15642=CARTESIAN_POINT('',(-422.198162314978,58.0455965434339,20.0825586432177));
#15643=CARTESIAN_POINT('',(-423.922062314978,58.0455965434339,20.0825586432177));
#15644=CARTESIAN_POINT('',(-422.198162314978,57.0681303056663,19.9970414284337));
#15645=CARTESIAN_POINT('',(-422.198162314978,58.0455965434339,20.0825586432177));
#15646=CARTESIAN_POINT('',(-418.897762314978,57.0681303056663,19.9970414284337));
#15647=CARTESIAN_POINT('',(-422.198162314978,57.0681303056663,19.9970414284337));
#15648=CARTESIAN_POINT('',(-418.897762314978,58.0455965434339,20.0825586432177));
#15649=CARTESIAN_POINT('',(-418.897762314978,57.0681303056663,19.9970414284337));
#15650=CARTESIAN_POINT('',(-417.172562314978,58.0455965434339,20.0825586432177));
#15651=CARTESIAN_POINT('',(-418.897762314978,58.0455965434339,20.0825586432177));
#15652=CARTESIAN_POINT('',(-417.172562314978,64.2917373004692,20.6290251502456));
#15653=CARTESIAN_POINT('',(-417.172562314978,58.0455965434339,20.0825586432177));
#15654=CARTESIAN_POINT('',(-416.347062314978,64.2917373004692,20.6290251502456));
#15655=CARTESIAN_POINT('',(-417.172562314978,64.2917373004692,20.6290251502456));
#15656=CARTESIAN_POINT('',(-416.347062314978,67.0798870214883,20.8729566430477));
#15657=CARTESIAN_POINT('',(-416.347062314978,64.2917373004692,20.6290251502456));
#15658=CARTESIAN_POINT('',(-417.172562314978,67.0798870214883,20.8729566430477));
#15659=CARTESIAN_POINT('',(-416.347062314978,67.0798870214883,20.8729566430477));
#15660=CARTESIAN_POINT('',(-417.172562314978,70.2977951352642,21.1544871232712));
#15661=CARTESIAN_POINT('',(-417.172562314978,67.0798870214883,20.8729566430477));
#15662=CARTESIAN_POINT('',(-418.897762314978,70.2977951352642,21.1544871232712));
#15663=CARTESIAN_POINT('',(-417.172562314978,70.2977951352642,21.1544871232712));
#15664=CARTESIAN_POINT('',(-418.897762314978,71.2162866469049,21.2348447180845));
#15665=CARTESIAN_POINT('',(-418.897762314978,70.2977951352642,21.1544871232712));
#15666=CARTESIAN_POINT('',(-422.198162314978,71.2162866469049,21.2348447180845));
#15667=CARTESIAN_POINT('',(-418.897762314978,71.2162866469049,21.2348447180845));
#15668=CARTESIAN_POINT('',(-422.198162314978,70.2977951352642,21.1544871232712));
#15669=CARTESIAN_POINT('',(-422.198162314978,71.2162866469049,21.2348447180845));
#15670=CARTESIAN_POINT('',(-423.922062314978,70.2977951352642,21.1544871232712));
#15671=CARTESIAN_POINT('',(-422.198162314978,70.2977951352642,21.1544871232712));
#15672=CARTESIAN_POINT('',(-423.922062314978,67.0798870214883,20.8729566430477));
#15673=CARTESIAN_POINT('',(-423.922062314978,70.2977951352642,21.1544871232712));
#15674=CARTESIAN_POINT('',(-423.922062314978,67.0798870214883,20.8729566430477));
#15675=CARTESIAN_POINT('',(-404.016462314978,76.7939807615206,21.7228297217287));
#15676=CARTESIAN_POINT('',(-418.015762314978,76.7939807615206,21.7228297217287));
#15677=CARTESIAN_POINT('',(-404.016462314978,76.7939807615206,21.7228297217287));
#15678=CARTESIAN_POINT('',(-404.016462314978,90.7400091985163,22.942949111176));
#15679=CARTESIAN_POINT('',(-404.016462314978,90.7400091985163,22.942949111176));
#15680=CARTESIAN_POINT('',(-418.015762314978,90.7400091985163,22.942949111176));
#15681=CARTESIAN_POINT('',(-418.015762314978,90.7400091985163,22.942949111176));
#15682=CARTESIAN_POINT('',(-418.015762314978,76.7939807615206,21.7228297217287));
#15683=CARTESIAN_POINT('',(-256.090962314978,71.7624005803987,21.2826234962588));
#15684=CARTESIAN_POINT('',(-242.090962314978,71.7624005803987,21.2826234962588));
#15685=CARTESIAN_POINT('',(-256.090962314978,71.7624005803987,21.2826234962588));
#15686=CARTESIAN_POINT('',(-256.090962314978,57.8162725239333,20.0624953912372));
#15687=CARTESIAN_POINT('',(-256.090962314978,57.8162725239333,20.0624953912372));
#15688=CARTESIAN_POINT('',(-242.090962314978,57.8162725239333,20.0624953912372));
#15689=CARTESIAN_POINT('',(-242.090962314978,57.8162725239333,20.0624953912372));
#15690=CARTESIAN_POINT('',(-242.090962314978,71.7624005803987,21.2826234962588));
#15691=CARTESIAN_POINT('',(-256.378962314978,109.717518197164,24.6032660105189));
#15692=CARTESIAN_POINT('',(-256.378962314978,95.7714897601683,23.3831466210716));
#15693=CARTESIAN_POINT('',(-256.378962314978,109.717518197164,24.6032660105189));
#15694=CARTESIAN_POINT('',(-270.377962314978,109.717518197164,24.6032660105189));
#15695=CARTESIAN_POINT('',(-270.377962314978,109.717518197164,24.6032660105189));
#15696=CARTESIAN_POINT('',(-270.377962314978,95.7714897601683,23.3831466210716));
#15697=CARTESIAN_POINT('',(-270.377962314978,95.7714897601683,23.3831466210716));
#15698=CARTESIAN_POINT('',(-256.378962314978,95.7714897601683,23.3831466210716));
#15699=CARTESIAN_POINT('',(-187.322962314978,71.7624005803987,21.2826234962588));
#15700=CARTESIAN_POINT('',(-187.322962314978,67.0798870214883,20.8729566430477));
#15701=CARTESIAN_POINT('',(-187.322962314978,67.0798870214883,20.8729566430477));
#15702=CARTESIAN_POINT('',(-201.322962314978,71.7624005803987,21.2826234962588));
#15703=CARTESIAN_POINT('',(-187.322962314978,71.7624005803987,21.2826234962588));
#15704=CARTESIAN_POINT('',(-201.322962314978,67.0798870214883,20.8729566430477));
#15705=CARTESIAN_POINT('',(-201.322962314978,71.7624005803987,21.2826234962588));
#15706=CARTESIAN_POINT('',(-202.846962314978,67.0798870214883,20.8729566430477));
#15707=CARTESIAN_POINT('',(-201.322962314978,67.0798870214883,20.8729566430477));
#15708=CARTESIAN_POINT('',(-202.846962314978,70.2977951352642,21.1544871232712));
#15709=CARTESIAN_POINT('',(-202.846962314978,67.0798870214883,20.8729566430477));
#15710=CARTESIAN_POINT('',(-204.572962314978,70.2977951352642,21.1544871232712));
#15711=CARTESIAN_POINT('',(-202.846962314978,70.2977951352642,21.1544871232712));
#15712=CARTESIAN_POINT('',(-204.572962314978,71.2162866469049,21.2348447180845));
#15713=CARTESIAN_POINT('',(-204.572962314978,70.2977951352642,21.1544871232712));
#15714=CARTESIAN_POINT('',(-207.871962314978,71.2162866469049,21.2348447180845));
#15715=CARTESIAN_POINT('',(-204.572962314978,71.2162866469049,21.2348447180845));
#15716=CARTESIAN_POINT('',(-207.871962314978,70.2977951352642,21.1544871232712));
#15717=CARTESIAN_POINT('',(-207.871962314978,71.2162866469049,21.2348447180845));
#15718=CARTESIAN_POINT('',(-209.596962314978,70.2977951352642,21.1544871232712));
#15719=CARTESIAN_POINT('',(-207.871962314978,70.2977951352642,21.1544871232712));
#15720=CARTESIAN_POINT('',(-209.596962314978,67.0798870214883,20.8729566430477));
#15721=CARTESIAN_POINT('',(-209.596962314978,70.2977951352642,21.1544871232712));
#15722=CARTESIAN_POINT('',(-210.422962314978,67.0798870214883,20.8729566430477));
#15723=CARTESIAN_POINT('',(-209.596962314978,67.0798870214883,20.8729566430477));
#15724=CARTESIAN_POINT('',(-210.422962314978,64.2917373004692,20.6290251502456));
#15725=CARTESIAN_POINT('',(-210.422962314978,67.0798870214883,20.8729566430477));
#15726=CARTESIAN_POINT('',(-209.596962314978,64.2917373004692,20.6290251502456));
#15727=CARTESIAN_POINT('',(-210.422962314978,64.2917373004692,20.6290251502456));
#15728=CARTESIAN_POINT('',(-209.596962314978,58.0455965434339,20.0825586432177));
#15729=CARTESIAN_POINT('',(-209.596962314978,64.2917373004692,20.6290251502456));
#15730=CARTESIAN_POINT('',(-207.871962314978,58.0455965434339,20.0825586432177));
#15731=CARTESIAN_POINT('',(-209.596962314978,58.0455965434339,20.0825586432177));
#15732=CARTESIAN_POINT('',(-207.871962314978,57.0681303056663,19.9970414284337));
#15733=CARTESIAN_POINT('',(-207.871962314978,58.0455965434339,20.0825586432177));
#15734=CARTESIAN_POINT('',(-204.572962314978,57.0681303056663,19.9970414284337));
#15735=CARTESIAN_POINT('',(-207.871962314978,57.0681303056663,19.9970414284337));
#15736=CARTESIAN_POINT('',(-204.572962314978,58.0455965434339,20.0825586432177));
#15737=CARTESIAN_POINT('',(-204.572962314978,57.0681303056663,19.9970414284337));
#15738=CARTESIAN_POINT('',(-202.846962314978,58.0455965434339,20.0825586432177));
#15739=CARTESIAN_POINT('',(-204.572962314978,58.0455965434339,20.0825586432177));
#15740=CARTESIAN_POINT('',(-202.846962314978,62.4974910297362,20.4720489419828));
#15741=CARTESIAN_POINT('',(-202.846962314978,58.0455965434339,20.0825586432177));
#15742=CARTESIAN_POINT('',(-201.322962314978,62.4974910297362,20.4720489419828));
#15743=CARTESIAN_POINT('',(-202.846962314978,62.4974910297362,20.4720489419828));
#15744=CARTESIAN_POINT('',(-201.322962314978,57.8162725239333,20.0624953912372));
#15745=CARTESIAN_POINT('',(-201.322962314978,62.4974910297362,20.4720489419828));
#15746=CARTESIAN_POINT('',(-187.322962314978,57.8162725239333,20.0624953912372));
#15747=CARTESIAN_POINT('',(-201.322962314978,57.8162725239333,20.0624953912372));
#15748=CARTESIAN_POINT('',(-187.322962314978,62.4974910297362,20.4720489419828));
#15749=CARTESIAN_POINT('',(-187.322962314978,57.8162725239333,20.0624953912372));
#15750=CARTESIAN_POINT('',(-185.796962314978,62.4974910297362,20.4720489419828));
#15751=CARTESIAN_POINT('',(-187.322962314978,62.4974910297362,20.4720489419828));
#15752=CARTESIAN_POINT('',(-185.796962314978,58.0455965434339,20.0825586432177));
#15753=CARTESIAN_POINT('',(-185.796962314978,62.4974910297362,20.4720489419828));
#15754=CARTESIAN_POINT('',(-184.072962314978,58.0455965434339,20.0825586432177));
#15755=CARTESIAN_POINT('',(-185.796962314978,58.0455965434339,20.0825586432177));
#15756=CARTESIAN_POINT('',(-184.072962314978,57.0681303056663,19.9970414284337));
#15757=CARTESIAN_POINT('',(-184.072962314978,58.0455965434339,20.0825586432177));
#15758=CARTESIAN_POINT('',(-180.772962314978,57.0681303056663,19.9970414284337));
#15759=CARTESIAN_POINT('',(-184.072962314978,57.0681303056663,19.9970414284337));
#15760=CARTESIAN_POINT('',(-180.772962314978,58.0455965434339,20.0825586432177));
#15761=CARTESIAN_POINT('',(-180.772962314978,57.0681303056663,19.9970414284337));
#15762=CARTESIAN_POINT('',(-179.047962314978,58.0455965434339,20.0825586432177));
#15763=CARTESIAN_POINT('',(-180.772962314978,58.0455965434339,20.0825586432177));
#15764=CARTESIAN_POINT('',(-179.047962314978,64.2917373004692,20.6290251502456));
#15765=CARTESIAN_POINT('',(-179.047962314978,58.0455965434339,20.0825586432177));
#15766=CARTESIAN_POINT('',(-178.221962314978,64.2917373004692,20.6290251502456));
#15767=CARTESIAN_POINT('',(-179.047962314978,64.2917373004692,20.6290251502456));
#15768=CARTESIAN_POINT('',(-178.221962314978,67.0798870214883,20.8729566430477));
#15769=CARTESIAN_POINT('',(-178.221962314978,64.2917373004692,20.6290251502456));
#15770=CARTESIAN_POINT('',(-179.047962314978,67.0798870214883,20.8729566430477));
#15771=CARTESIAN_POINT('',(-178.221962314978,67.0798870214883,20.8729566430477));
#15772=CARTESIAN_POINT('',(-179.047962314978,70.2977951352642,21.1544871232712));
#15773=CARTESIAN_POINT('',(-179.047962314978,67.0798870214883,20.8729566430477));
#15774=CARTESIAN_POINT('',(-180.772962314978,70.2977951352642,21.1544871232712));
#15775=CARTESIAN_POINT('',(-179.047962314978,70.2977951352642,21.1544871232712));
#15776=CARTESIAN_POINT('',(-180.772962314978,71.2162866469049,21.2348447180845));
#15777=CARTESIAN_POINT('',(-180.772962314978,70.2977951352642,21.1544871232712));
#15778=CARTESIAN_POINT('',(-184.072962314978,71.2162866469049,21.2348447180845));
#15779=CARTESIAN_POINT('',(-180.772962314978,71.2162866469049,21.2348447180845));
#15780=CARTESIAN_POINT('',(-184.072962314978,70.2977951352642,21.1544871232712));
#15781=CARTESIAN_POINT('',(-184.072962314978,71.2162866469049,21.2348447180845));
#15782=CARTESIAN_POINT('',(-185.796962314978,70.2977951352642,21.1544871232712));
#15783=CARTESIAN_POINT('',(-184.072962314978,70.2977951352642,21.1544871232712));
#15784=CARTESIAN_POINT('',(-185.796962314978,67.0798870214883,20.8729566430477));
#15785=CARTESIAN_POINT('',(-185.796962314978,70.2977951352642,21.1544871232712));
#15786=CARTESIAN_POINT('',(-185.796962314978,67.0798870214883,20.8729566430477));
#15787=CARTESIAN_POINT('',(-379.915762314978,76.7939807615206,21.7228297217287));
#15788=CARTESIAN_POINT('',(-379.915762314978,90.7400091985163,22.942949111176));
#15789=CARTESIAN_POINT('',(-379.915762314978,76.7939807615206,21.7228297217287));
#15790=CARTESIAN_POINT('',(-365.916462314978,76.7939807615206,21.7228297217287));
#15791=CARTESIAN_POINT('',(-365.916462314978,76.7939807615206,21.7228297217287));
#15792=CARTESIAN_POINT('',(-365.916462314978,90.7400091985163,22.942949111176));
#15793=CARTESIAN_POINT('',(-365.916462314978,90.7400091985163,22.942949111176));
#15794=CARTESIAN_POINT('',(-379.915762314978,90.7400091985163,22.942949111176));
#15795=CARTESIAN_POINT('',(-223.040962314978,71.7624005803987,21.2826234962588));
#15796=CARTESIAN_POINT('',(-223.040962314978,57.8162725239333,20.0624953912372));
#15797=CARTESIAN_POINT('',(-223.040962314978,71.7624005803987,21.2826234962588));
#15798=CARTESIAN_POINT('',(-237.040962314978,71.7624005803987,21.2826234962588));
#15799=CARTESIAN_POINT('',(-237.040962314978,71.7624005803987,21.2826234962588));
#15800=CARTESIAN_POINT('',(-237.040962314978,57.8162725239333,20.0624953912372));
#15801=CARTESIAN_POINT('',(-237.040962314978,57.8162725239333,20.0624953912372));
#15802=CARTESIAN_POINT('',(-223.040962314978,57.8162725239333,20.0624953912372));
#15803=CARTESIAN_POINT('',(-289.427962314978,109.717518197164,24.6032660105189));
#15804=CARTESIAN_POINT('',(-275.428962314978,109.717518197164,24.6032660105189));
#15805=CARTESIAN_POINT('',(-289.427962314978,109.717518197164,24.6032660105189));
#15806=CARTESIAN_POINT('',(-289.427962314978,95.7714897601683,23.3831466210716));
#15807=CARTESIAN_POINT('',(-289.427962314978,95.7714897601683,23.3831466210716));
#15808=CARTESIAN_POINT('',(-275.428962314978,95.7714897601683,23.3831466210716));
#15809=CARTESIAN_POINT('',(-275.428962314978,95.7714897601683,23.3831466210716));
#15810=CARTESIAN_POINT('',(-275.428962314978,109.717518197164,24.6032660105189));
#15811=CARTESIAN_POINT('',(-430.210062314978,76.7939807615206,21.7228297217287));
#15812=CARTESIAN_POINT('',(-444.210932314978,76.7939807615206,21.7228297217287));
#15813=CARTESIAN_POINT('',(-430.210062314978,76.7939807615206,21.7228297217287));
#15814=CARTESIAN_POINT('',(-430.210062314978,90.7400091985163,22.942949111176));
#15815=CARTESIAN_POINT('',(-430.210062314978,90.7400091985163,22.942949111176));
#15816=CARTESIAN_POINT('',(-444.210932314978,90.7400091985163,22.942949111176));
#15817=CARTESIAN_POINT('',(-444.210932314978,90.7400091985163,22.942949111176));
#15818=CARTESIAN_POINT('',(-444.210932314978,76.7939807615206,21.7228297217287));
#15819=CARTESIAN_POINT('',(-294.190962314978,71.7624005803987,21.2826234962588));
#15820=CARTESIAN_POINT('',(-280.190962314978,71.7624005803987,21.2826234962588));
#15821=CARTESIAN_POINT('',(-294.190962314978,71.7624005803987,21.2826234962588));
#15822=CARTESIAN_POINT('',(-294.190962314978,57.8162725239333,20.0624953912372));
#15823=CARTESIAN_POINT('',(-294.190962314978,57.8162725239333,20.0624953912372));
#15824=CARTESIAN_POINT('',(-280.190962314978,57.8162725239333,20.0624953912372));
#15825=CARTESIAN_POINT('',(-280.190962314978,57.8162725239333,20.0624953912372));
#15826=CARTESIAN_POINT('',(-280.190962314978,71.7624005803987,21.2826234962588));
#15827=CARTESIAN_POINT('',(-289.715962314978,76.7939807615206,21.7228297217287));
#15828=CARTESIAN_POINT('',(-303.715962314978,76.7939807615206,21.7228297217287));
#15829=CARTESIAN_POINT('',(-289.715962314978,76.7939807615206,21.7228297217287));
#15830=CARTESIAN_POINT('',(-289.715962314978,90.7400091985163,22.942949111176));
#15831=CARTESIAN_POINT('',(-289.715962314978,90.7400091985163,22.942949111176));
#15832=CARTESIAN_POINT('',(-303.715962314978,90.7400091985163,22.942949111176));
#15833=CARTESIAN_POINT('',(-303.715962314978,90.7400091985163,22.942949111176));
#15834=CARTESIAN_POINT('',(-303.715962314978,76.7939807615206,21.7228297217287));
#15835=CARTESIAN_POINT('',(-208.753962314978,114.748998758816,25.0434635204145));
#15836=CARTESIAN_POINT('',(-222.752962314978,114.748998758816,25.0434635204145));
#15837=CARTESIAN_POINT('',(-208.753962314978,114.748998758816,25.0434635204145));
#15838=CARTESIAN_POINT('',(-208.753962314978,128.695027195812,26.2635829098617));
#15839=CARTESIAN_POINT('',(-208.753962314978,128.695027195812,26.2635829098617));
#15840=CARTESIAN_POINT('',(-222.752962314978,128.695027195812,26.2635829098617));
#15841=CARTESIAN_POINT('',(-222.752962314978,128.695027195812,26.2635829098617));
#15842=CARTESIAN_POINT('',(-222.752962314978,114.748998758816,25.0434635204145));
#15843=CARTESIAN_POINT('',(-184.652962314978,114.748998758816,25.0434635204145));
#15844=CARTESIAN_POINT('',(-184.652962314978,128.695027195812,26.2635829098617));
#15845=CARTESIAN_POINT('',(-184.652962314978,114.748998758816,25.0434635204145));
#15846=CARTESIAN_POINT('',(-170.653962314978,114.748998758816,25.0434635204145));
#15847=CARTESIAN_POINT('',(-170.653962314978,114.748998758816,25.0434635204145));
#15848=CARTESIAN_POINT('',(-170.653962314978,128.695027195812,26.2635829098617));
#15849=CARTESIAN_POINT('',(-170.653962314978,128.695027195812,26.2635829098617));
#15850=CARTESIAN_POINT('',(-184.652962314978,128.695027195812,26.2635829098617));
#15851=CARTESIAN_POINT('',(-341.815962314978,76.7939807615206,21.7228297217287));
#15852=CARTESIAN_POINT('',(-341.815962314978,90.7400091985163,22.942949111176));
#15853=CARTESIAN_POINT('',(-341.815962314978,76.7939807615206,21.7228297217287));
#15854=CARTESIAN_POINT('',(-327.815962314978,76.7939807615206,21.7228297217287));
#15855=CARTESIAN_POINT('',(-327.815962314978,76.7939807615206,21.7228297217287));
#15856=CARTESIAN_POINT('',(-327.815962314978,90.7400091985163,22.942949111176));
#15857=CARTESIAN_POINT('',(-327.815962314978,90.7400091985163,22.942949111176));
#15858=CARTESIAN_POINT('',(-341.815962314978,90.7400091985163,22.942949111176));
#15859=CARTESIAN_POINT('',(-213.515962314978,76.7939807615206,21.7228297217287));
#15860=CARTESIAN_POINT('',(-227.515962314978,76.7939807615206,21.7228297217287));
#15861=CARTESIAN_POINT('',(-213.515962314978,76.7939807615206,21.7228297217287));
#15862=CARTESIAN_POINT('',(-213.515962314978,90.7400091985163,22.942949111176));
#15863=CARTESIAN_POINT('',(-213.515962314978,90.7400091985163,22.942949111176));
#15864=CARTESIAN_POINT('',(-227.515962314978,90.7400091985163,22.942949111176));
#15865=CARTESIAN_POINT('',(-227.515962314978,90.7400091985163,22.942949111176));
#15866=CARTESIAN_POINT('',(-227.515962314978,76.7939807615206,21.7228297217287));
#15867=CARTESIAN_POINT('',(-265.903962314978,114.748998758816,25.0434635204145));
#15868=CARTESIAN_POINT('',(-279.902962314978,114.748998758816,25.0434635204145));
#15869=CARTESIAN_POINT('',(-265.903962314978,114.748998758816,25.0434635204145));
#15870=CARTESIAN_POINT('',(-265.903962314978,128.695027195812,26.2635829098617));
#15871=CARTESIAN_POINT('',(-265.903962314978,128.695027195812,26.2635829098617));
#15872=CARTESIAN_POINT('',(-279.902962314978,128.695027195812,26.2635829098617));
#15873=CARTESIAN_POINT('',(-279.902962314978,128.695027195812,26.2635829098617));
#15874=CARTESIAN_POINT('',(-279.902962314978,114.748998758816,25.0434635204145));
#15875=CARTESIAN_POINT('',(-356.104662314978,114.748998758816,25.0434635204145));
#15876=CARTESIAN_POINT('',(-356.104662314978,128.695027195812,26.2635829098617));
#15877=CARTESIAN_POINT('',(-356.104662314978,114.748998758816,25.0434635204145));
#15878=CARTESIAN_POINT('',(-342.103962314978,114.748998758816,25.0434635204145));
#15879=CARTESIAN_POINT('',(-342.103962314978,114.748998758816,25.0434635204145));
#15880=CARTESIAN_POINT('',(-342.103962314978,128.695027195812,26.2635829098617));
#15881=CARTESIAN_POINT('',(-342.103962314978,128.695027195812,26.2635829098617));
#15882=CARTESIAN_POINT('',(-356.104662314978,128.695027195812,26.2635829098617));
#15883=CARTESIAN_POINT('',(-365.628262314978,95.7714897601683,23.3831466210716));
#15884=CARTESIAN_POINT('',(-365.628262314978,109.717518197164,24.6032660105189));
#15885=CARTESIAN_POINT('',(-365.628262314978,95.7714897601683,23.3831466210716));
#15886=CARTESIAN_POINT('',(-351.628962314978,95.7714897601683,23.3831466210716));
#15887=CARTESIAN_POINT('',(-351.628962314978,95.7714897601683,23.3831466210716));
#15888=CARTESIAN_POINT('',(-351.628962314978,109.717518197164,24.6032660105189));
#15889=CARTESIAN_POINT('',(-351.628962314978,109.717518197164,24.6032660105189));
#15890=CARTESIAN_POINT('',(-365.628262314978,109.717518197164,24.6032660105189));
#15891=CARTESIAN_POINT('',(-346.577962314978,95.7714897601683,23.3831466210716));
#15892=CARTESIAN_POINT('',(-346.577962314978,109.717518197164,24.6032660105189));
#15893=CARTESIAN_POINT('',(-346.577962314978,95.7714897601683,23.3831466210716));
#15894=CARTESIAN_POINT('',(-332.578962314978,95.7714897601683,23.3831466210716));
#15895=CARTESIAN_POINT('',(-332.578962314978,95.7714897601683,23.3831466210716));
#15896=CARTESIAN_POINT('',(-332.578962314978,109.717518197164,24.6032660105189));
#15897=CARTESIAN_POINT('',(-332.578962314978,109.717518197164,24.6032660105189));
#15898=CARTESIAN_POINT('',(-346.577962314978,109.717518197164,24.6032660105189));
#15899=CARTESIAN_POINT('',(-241.802962314978,114.748998758816,25.0434635204145));
#15900=CARTESIAN_POINT('',(-241.802962314978,128.695027195812,26.2635829098617));
#15901=CARTESIAN_POINT('',(-241.802962314978,114.748998758816,25.0434635204145));
#15902=CARTESIAN_POINT('',(-227.803962314978,114.748998758816,25.0434635204145));
#15903=CARTESIAN_POINT('',(-227.803962314978,114.748998758816,25.0434635204145));
#15904=CARTESIAN_POINT('',(-227.803962314978,128.695027195812,26.2635829098617));
#15905=CARTESIAN_POINT('',(-227.803962314978,128.695027195812,26.2635829098617));
#15906=CARTESIAN_POINT('',(-241.802962314978,128.695027195812,26.2635829098617));
#15907=CARTESIAN_POINT('',(-403.728262314978,109.717518197164,24.6032660105189));
#15908=CARTESIAN_POINT('',(-389.728962314978,109.717518197164,24.6032660105189));
#15909=CARTESIAN_POINT('',(-403.728262314978,109.717518197164,24.6032660105189));
#15910=CARTESIAN_POINT('',(-403.728262314978,95.7714897601683,23.3831466210716));
#15911=CARTESIAN_POINT('',(-403.728262314978,95.7714897601683,23.3831466210716));
#15912=CARTESIAN_POINT('',(-389.728962314978,95.7714897601683,23.3831466210716));
#15913=CARTESIAN_POINT('',(-389.728962314978,95.7714897601683,23.3831466210716));
#15914=CARTESIAN_POINT('',(-389.728962314978,109.717518197164,24.6032660105189));
#15915=CARTESIAN_POINT('',(-432.591262314978,95.7714897601683,23.3831466210716));
#15916=CARTESIAN_POINT('',(-446.590802314978,95.7714897601683,23.3831466210716));
#15917=CARTESIAN_POINT('',(-432.591262314978,95.7714897601683,23.3831466210716));
#15918=CARTESIAN_POINT('',(-432.591262314978,109.717518197164,24.6032660105189));
#15919=CARTESIAN_POINT('',(-432.591262314978,109.717518197164,24.6032660105189));
#15920=CARTESIAN_POINT('',(-446.590802314978,109.717518197164,24.6032660105189));
#15921=CARTESIAN_POINT('',(-446.590802314978,109.717518197164,24.6032660105189));
#15922=CARTESIAN_POINT('',(-446.590802314978,95.7714897601683,23.3831466210716));
#15923=CARTESIAN_POINT('',(-408.778962314978,95.7714897601683,23.3831466210716));
#15924=CARTESIAN_POINT('',(-422.778262314978,95.7714897601683,23.3831466210716));
#15925=CARTESIAN_POINT('',(-408.778962314978,95.7714897601683,23.3831466210716));
#15926=CARTESIAN_POINT('',(-408.778962314978,109.717518197164,24.6032660105189));
#15927=CARTESIAN_POINT('',(-408.778962314978,109.717518197164,24.6032660105189));
#15928=CARTESIAN_POINT('',(-422.778262314978,109.717518197164,24.6032660105189));
#15929=CARTESIAN_POINT('',(-422.778262314978,109.717518197164,24.6032660105189));
#15930=CARTESIAN_POINT('',(-422.778262314978,95.7714897601683,23.3831466210716));
#15931=CARTESIAN_POINT('',(-244.472962314978,38.8388033730733,18.4021819781241));
#15932=CARTESIAN_POINT('',(-258.471962314978,38.8388033730733,18.4021819781241));
#15933=CARTESIAN_POINT('',(-244.472962314978,38.8388033730733,18.4021819781241));
#15934=CARTESIAN_POINT('',(-244.472962314978,52.7849912012208,19.6223153124902));
#15935=CARTESIAN_POINT('',(-244.472962314978,52.7849912012208,19.6223153124902));
#15936=CARTESIAN_POINT('',(-258.471962314978,52.7849912012208,19.6223153124902));
#15937=CARTESIAN_POINT('',(-258.471962314978,52.7849912012208,19.6223153124902));
#15938=CARTESIAN_POINT('',(-258.471962314978,38.8388033730733,18.4021819781241));
#15939=CARTESIAN_POINT('',(-260.852962314978,128.695027195812,26.2635829098617));
#15940=CARTESIAN_POINT('',(-246.853962314978,128.695027195812,26.2635829098617));
#15941=CARTESIAN_POINT('',(-260.852962314978,128.695027195812,26.2635829098617));
#15942=CARTESIAN_POINT('',(-260.852962314978,114.748998758816,25.0434635204145));
#15943=CARTESIAN_POINT('',(-260.852962314978,114.748998758816,25.0434635204145));
#15944=CARTESIAN_POINT('',(-246.853962314978,114.748998758816,25.0434635204145));
#15945=CARTESIAN_POINT('',(-246.853962314978,114.748998758816,25.0434635204145));
#15946=CARTESIAN_POINT('',(-246.853962314978,128.695027195812,26.2635829098617));
#15947=CARTESIAN_POINT('',(-360.865762314978,90.7400091985163,22.942949111176));
#15948=CARTESIAN_POINT('',(-346.865962314978,90.7400091985163,22.942949111176));
#15949=CARTESIAN_POINT('',(-360.865762314978,90.7400091985163,22.942949111176));
#15950=CARTESIAN_POINT('',(-360.865762314978,76.7939807615206,21.7228297217287));
#15951=CARTESIAN_POINT('',(-360.865762314978,76.7939807615206,21.7228297217287));
#15952=CARTESIAN_POINT('',(-346.865962314978,76.7939807615206,21.7228297217287));
#15953=CARTESIAN_POINT('',(-346.865962314978,76.7939807615206,21.7228297217287));
#15954=CARTESIAN_POINT('',(-346.865962314978,90.7400091985163,22.942949111176));
#15955=CARTESIAN_POINT('',(-370.678962314978,95.7714897601683,23.3831466210716));
#15956=CARTESIAN_POINT('',(-384.678262314978,95.7714897601683,23.3831466210716));
#15957=CARTESIAN_POINT('',(-370.678962314978,95.7714897601683,23.3831466210716));
#15958=CARTESIAN_POINT('',(-370.678962314978,109.717518197164,24.6032660105189));
#15959=CARTESIAN_POINT('',(-370.678962314978,109.717518197164,24.6032660105189));
#15960=CARTESIAN_POINT('',(-384.678262314978,109.717518197164,24.6032660105189));
#15961=CARTESIAN_POINT('',(-384.678262314978,109.717518197164,24.6032660105189));
#15962=CARTESIAN_POINT('',(-384.678262314978,95.7714897601683,23.3831466210716));
#15963=CARTESIAN_POINT('',(-308.765962314978,76.7939807615206,21.7228297217287));
#15964=CARTESIAN_POINT('',(-322.765962314978,76.7939807615206,21.7228297217287));
#15965=CARTESIAN_POINT('',(-308.765962314978,76.7939807615206,21.7228297217287));
#15966=CARTESIAN_POINT('',(-308.765962314978,90.7400091985163,22.942949111176));
#15967=CARTESIAN_POINT('',(-308.765962314978,90.7400091985163,22.942949111176));
#15968=CARTESIAN_POINT('',(-322.765962314978,90.7400091985163,22.942949111176));
#15969=CARTESIAN_POINT('',(-322.765962314978,90.7400091985163,22.942949111176));
#15970=CARTESIAN_POINT('',(-322.765962314978,76.7939807615206,21.7228297217287));
#15971=CARTESIAN_POINT('',(-232.565962314978,76.7939807615206,21.7228297217287));
#15972=CARTESIAN_POINT('',(-246.565962314978,76.7939807615206,21.7228297217287));
#15973=CARTESIAN_POINT('',(-232.565962314978,76.7939807615206,21.7228297217287));
#15974=CARTESIAN_POINT('',(-232.565962314978,90.7400091985163,22.942949111176));
#15975=CARTESIAN_POINT('',(-232.565962314978,90.7400091985163,22.942949111176));
#15976=CARTESIAN_POINT('',(-246.565962314978,90.7400091985163,22.942949111176));
#15977=CARTESIAN_POINT('',(-246.565962314978,90.7400091985163,22.942949111176));
#15978=CARTESIAN_POINT('',(-246.565962314978,76.7939807615206,21.7228297217287));
#15979=CARTESIAN_POINT('',(-251.615962314978,76.7939807615206,21.7228297217287));
#15980=CARTESIAN_POINT('',(-265.615962314978,76.7939807615206,21.7228297217287));
#15981=CARTESIAN_POINT('',(-251.615962314978,76.7939807615206,21.7228297217287));
#15982=CARTESIAN_POINT('',(-251.615962314978,90.7400091985163,22.942949111176));
#15983=CARTESIAN_POINT('',(-251.615962314978,90.7400091985163,22.942949111176));
#15984=CARTESIAN_POINT('',(-265.615962314978,90.7400091985163,22.942949111176));
#15985=CARTESIAN_POINT('',(-265.615962314978,90.7400091985163,22.942949111176));
#15986=CARTESIAN_POINT('',(-265.615962314978,76.7939807615206,21.7228297217287));
#15987=CARTESIAN_POINT('',(-189.703962314978,128.695027195812,26.2635829098617));
#15988=CARTESIAN_POINT('',(-189.703962314978,114.748998758816,25.0434635204145));
#15989=CARTESIAN_POINT('',(-189.703962314978,128.695027195812,26.2635829098617));
#15990=CARTESIAN_POINT('',(-203.702962314978,128.695027195812,26.2635829098617));
#15991=CARTESIAN_POINT('',(-203.702962314978,128.695027195812,26.2635829098617));
#15992=CARTESIAN_POINT('',(-203.702962314978,114.748998758816,25.0434635204145));
#15993=CARTESIAN_POINT('',(-203.702962314978,114.748998758816,25.0434635204145));
#15994=CARTESIAN_POINT('',(-189.703962314978,114.748998758816,25.0434635204145));
#15995=CARTESIAN_POINT('',(-284.665962314978,76.7939807615206,21.7228297217287));
#15996=CARTESIAN_POINT('',(-284.665962314978,90.7400091985163,22.942949111176));
#15997=CARTESIAN_POINT('',(-284.665962314978,76.7939807615206,21.7228297217287));
#15998=CARTESIAN_POINT('',(-270.665962314978,76.7939807615206,21.7228297217287));
#15999=CARTESIAN_POINT('',(-270.665962314978,76.7939807615206,21.7228297217287));
#16000=CARTESIAN_POINT('',(-270.665962314978,90.7400091985163,22.942949111176));
#16001=CARTESIAN_POINT('',(-270.665962314978,90.7400091985163,22.942949111176));
#16002=CARTESIAN_POINT('',(-284.665962314978,90.7400091985163,22.942949111176));
#16003=CARTESIAN_POINT('',(-284.953962314978,128.695027195812,26.2635829098617));
#16004=CARTESIAN_POINT('',(-284.953962314978,114.748998758816,25.0434635204145));
#16005=CARTESIAN_POINT('',(-284.953962314978,128.695027195812,26.2635829098617));
#16006=CARTESIAN_POINT('',(-298.952962314978,128.695027195812,26.2635829098617));
#16007=CARTESIAN_POINT('',(-298.952962314978,128.695027195812,26.2635829098617));
#16008=CARTESIAN_POINT('',(-298.952962314978,114.748998758816,25.0434635204145));
#16009=CARTESIAN_POINT('',(-298.952962314978,114.748998758816,25.0434635204145));
#16010=CARTESIAN_POINT('',(-284.953962314978,114.748998758816,25.0434635204145));
#16011=CARTESIAN_POINT('',(-294.478962314978,95.7714897601683,23.3831466210716));
#16012=CARTESIAN_POINT('',(-308.477962314978,95.7714897601683,23.3831466210716));
#16013=CARTESIAN_POINT('',(-294.478962314978,95.7714897601683,23.3831466210716));
#16014=CARTESIAN_POINT('',(-294.478962314978,109.717518197164,24.6032660105189));
#16015=CARTESIAN_POINT('',(-294.478962314978,109.717518197164,24.6032660105189));
#16016=CARTESIAN_POINT('',(-308.477962314978,109.717518197164,24.6032660105189));
#16017=CARTESIAN_POINT('',(-308.477962314978,109.717518197164,24.6032660105189));
#16018=CARTESIAN_POINT('',(-308.477962314978,95.7714897601683,23.3831466210716));
#16019=CARTESIAN_POINT('',(-337.340962314978,57.8162725239333,20.0624953912372));
#16020=CARTESIAN_POINT('',(-351.340962314978,57.8162725239333,20.0624953912372));
#16021=CARTESIAN_POINT('',(-337.340962314978,57.8162725239333,20.0624953912372));
#16022=CARTESIAN_POINT('',(-337.340962314978,71.7624005803987,21.2826234962588));
#16023=CARTESIAN_POINT('',(-337.340962314978,71.7624005803987,21.2826234962588));
#16024=CARTESIAN_POINT('',(-351.340962314978,71.7624005803987,21.2826234962588));
#16025=CARTESIAN_POINT('',(-351.340962314978,71.7624005803987,21.2826234962588));
#16026=CARTESIAN_POINT('',(-351.340962314978,57.8162725239333,20.0624953912372));
#16027=CARTESIAN_POINT('',(-261.140962314978,57.8162725239333,20.0624953912372));
#16028=CARTESIAN_POINT('',(-275.140962314978,57.8162725239333,20.0624953912372));
#16029=CARTESIAN_POINT('',(-261.140962314978,57.8162725239333,20.0624953912372));
#16030=CARTESIAN_POINT('',(-261.140962314978,71.7624005803987,21.2826234962588));
#16031=CARTESIAN_POINT('',(-261.140962314978,71.7624005803987,21.2826234962588));
#16032=CARTESIAN_POINT('',(-275.140962314978,71.7624005803987,21.2826234962588));
#16033=CARTESIAN_POINT('',(-275.140962314978,71.7624005803987,21.2826234962588));
#16034=CARTESIAN_POINT('',(-275.140962314978,57.8162725239333,20.0624953912372));
#16035=CARTESIAN_POINT('',(-399.253962314978,128.695027195812,26.2635829098617));
#16036=CARTESIAN_POINT('',(-399.253962314978,114.748998758816,25.0434635204145));
#16037=CARTESIAN_POINT('',(-399.253962314978,128.695027195812,26.2635829098617));
#16038=CARTESIAN_POINT('',(-413.253262314978,128.695027195812,26.2635829098617));
#16039=CARTESIAN_POINT('',(-413.253262314978,128.695027195812,26.2635829098617));
#16040=CARTESIAN_POINT('',(-413.253262314978,114.748998758816,25.0434635204145));
#16041=CARTESIAN_POINT('',(-413.253262314978,114.748998758816,25.0434635204145));
#16042=CARTESIAN_POINT('',(-399.253962314978,114.748998758816,25.0434635204145));
#16043=CARTESIAN_POINT('',(-237.328962314978,109.717518197164,24.6032660105189));
#16044=CARTESIAN_POINT('',(-237.328962314978,95.7714897601683,23.3831466210716));
#16045=CARTESIAN_POINT('',(-237.328962314978,109.717518197164,24.6032660105189));
#16046=CARTESIAN_POINT('',(-251.327962314978,109.717518197164,24.6032660105189));
#16047=CARTESIAN_POINT('',(-251.327962314978,109.717518197164,24.6032660105189));
#16048=CARTESIAN_POINT('',(-251.327962314978,95.7714897601683,23.3831466210716));
#16049=CARTESIAN_POINT('',(-251.327962314978,95.7714897601683,23.3831466210716));
#16050=CARTESIAN_POINT('',(-237.328962314978,95.7714897601683,23.3831466210716));
#16051=CARTESIAN_POINT('',(-332.290962314978,71.7624005803987,21.2826234962588));
#16052=CARTESIAN_POINT('',(-318.290962314978,71.7624005803987,21.2826234962588));
#16053=CARTESIAN_POINT('',(-332.290962314978,71.7624005803987,21.2826234962588));
#16054=CARTESIAN_POINT('',(-332.290962314978,57.8162725239333,20.0624953912372));
#16055=CARTESIAN_POINT('',(-332.290962314978,57.8162725239333,20.0624953912372));
#16056=CARTESIAN_POINT('',(-318.290962314978,57.8162725239333,20.0624953912372));
#16057=CARTESIAN_POINT('',(-318.290962314978,57.8162725239333,20.0624953912372));
#16058=CARTESIAN_POINT('',(-318.290962314978,71.7624005803987,21.2826234962588));
#16059=CARTESIAN_POINT('',(-299.240962314978,57.8162725239333,20.0624953912372));
#16060=CARTESIAN_POINT('',(-313.240962314978,57.8162725239333,20.0624953912372));
#16061=CARTESIAN_POINT('',(-299.240962314978,57.8162725239333,20.0624953912372));
#16062=CARTESIAN_POINT('',(-299.240962314978,71.7624005803987,21.2826234962588));
#16063=CARTESIAN_POINT('',(-299.240962314978,71.7624005803987,21.2826234962588));
#16064=CARTESIAN_POINT('',(-313.240962314978,71.7624005803987,21.2826234962588));
#16065=CARTESIAN_POINT('',(-313.240962314978,71.7624005803987,21.2826234962588));
#16066=CARTESIAN_POINT('',(-313.240962314978,57.8162725239333,20.0624953912372));
#16067=CARTESIAN_POINT('',(-394.203262314978,114.748998758816,25.0434635204145));
#16068=CARTESIAN_POINT('',(-394.203262314978,128.695027195812,26.2635829098617));
#16069=CARTESIAN_POINT('',(-394.203262314978,114.748998758816,25.0434635204145));
#16070=CARTESIAN_POINT('',(-380.203962314978,114.748998758816,25.0434635204145));
#16071=CARTESIAN_POINT('',(-380.203962314978,114.748998758816,25.0434635204145));
#16072=CARTESIAN_POINT('',(-380.203962314978,128.695027195812,26.2635829098617));
#16073=CARTESIAN_POINT('',(-380.203962314978,128.695027195812,26.2635829098617));
#16074=CARTESIAN_POINT('',(-394.203262314978,128.695027195812,26.2635829098617));
#16075=CARTESIAN_POINT('',(-337.054962314978,128.695027195812,26.2635829098617));
#16076=CARTESIAN_POINT('',(-323.053962314978,128.695027195812,26.2635829098617));
#16077=CARTESIAN_POINT('',(-337.054962314978,128.695027195812,26.2635829098617));
#16078=CARTESIAN_POINT('',(-337.054962314978,114.748998758816,25.0434635204145));
#16079=CARTESIAN_POINT('',(-337.054962314978,114.748998758816,25.0434635204145));
#16080=CARTESIAN_POINT('',(-323.053962314978,114.748998758816,25.0434635204145));
#16081=CARTESIAN_POINT('',(-323.053962314978,114.748998758816,25.0434635204145));
#16082=CARTESIAN_POINT('',(-323.053962314978,128.695027195812,26.2635829098617));
#16083=CARTESIAN_POINT('',(-451.353312314978,114.748998758816,25.0434635204145));
#16084=CARTESIAN_POINT('',(-451.353312314978,128.695027195812,26.2635829098617));
#16085=CARTESIAN_POINT('',(-451.353312314978,114.748998758816,25.0434635204145));
#16086=CARTESIAN_POINT('',(-437.353762314978,114.748998758816,25.0434635204145));
#16087=CARTESIAN_POINT('',(-437.353762314978,114.748998758816,25.0434635204145));
#16088=CARTESIAN_POINT('',(-437.353762314978,128.695027195812,26.2635829098617));
#16089=CARTESIAN_POINT('',(-437.353762314978,128.695027195812,26.2635829098617));
#16090=CARTESIAN_POINT('',(-451.353312314978,128.695027195812,26.2635829098617));
#16091=CARTESIAN_POINT('',(-199.228962314978,95.7714897601683,23.3831466210716));
#16092=CARTESIAN_POINT('',(-213.227962314978,95.7714897601683,23.3831466210716));
#16093=CARTESIAN_POINT('',(-199.228962314978,95.7714897601683,23.3831466210716));
#16094=CARTESIAN_POINT('',(-199.228962314978,109.717518197164,24.6032660105189));
#16095=CARTESIAN_POINT('',(-199.228962314978,109.717518197164,24.6032660105189));
#16096=CARTESIAN_POINT('',(-213.227962314978,109.717518197164,24.6032660105189));
#16097=CARTESIAN_POINT('',(-213.227962314978,109.717518197164,24.6032660105189));
#16098=CARTESIAN_POINT('',(-213.227962314978,95.7714897601683,23.3831466210716));
#16099=CARTESIAN_POINT('',(-276.285962314978,48.1023780228405,19.2126397437048));
#16100=CARTESIAN_POINT('',(-276.285962314978,51.3202861366165,19.4941702239283));
#16101=CARTESIAN_POINT('',(-276.285962314978,51.3202861366165,19.4941702239283));
#16102=CARTESIAN_POINT('',(-315.909962314978,48.1023780228405,19.2126397437048));
#16103=CARTESIAN_POINT('',(-276.285962314978,48.1023780228405,19.2126397437048));
#16104=CARTESIAN_POINT('',(-315.909962314978,52.7849912012208,19.6223153124902));
#16105=CARTESIAN_POINT('',(-315.909962314978,48.1023780228405,19.2126397437048));
#16106=CARTESIAN_POINT('',(-329.910962314978,52.7849912012208,19.6223153124902));
#16107=CARTESIAN_POINT('',(-315.909962314978,52.7849912012208,19.6223153124902));
#16108=CARTESIAN_POINT('',(-329.910962314978,48.1023780228405,19.2126397437048));
#16109=CARTESIAN_POINT('',(-329.910962314978,52.7849912012208,19.6223153124902));
#16110=CARTESIAN_POINT('',(-369.534862314978,48.1023780228405,19.2126397437048));
#16111=CARTESIAN_POINT('',(-329.910962314978,48.1023780228405,19.2126397437048));
#16112=CARTESIAN_POINT('',(-369.534862314978,51.3202861366165,19.4941702239283));
#16113=CARTESIAN_POINT('',(-369.534862314978,48.1023780228405,19.2126397437048));
#16114=CARTESIAN_POINT('',(-371.260362314978,51.3202861366165,19.4941702239283));
#16115=CARTESIAN_POINT('',(-369.534862314978,51.3202861366165,19.4941702239283));
#16116=CARTESIAN_POINT('',(-371.260362314978,52.2386780287873,19.5745191031674));
#16117=CARTESIAN_POINT('',(-371.260362314978,51.3202861366165,19.4941702239283));
#16118=CARTESIAN_POINT('',(-374.560962314978,52.2386780287873,19.5745191031674));
#16119=CARTESIAN_POINT('',(-371.260362314978,52.2386780287873,19.5745191031674));
#16120=CARTESIAN_POINT('',(-374.560962314978,51.3202861366165,19.4941702239283));
#16121=CARTESIAN_POINT('',(-374.560962314978,52.2386780287873,19.5745191031674));
#16122=CARTESIAN_POINT('',(-376.285962314978,51.3202861366165,19.4941702239283));
#16123=CARTESIAN_POINT('',(-374.560962314978,51.3202861366165,19.4941702239283));
#16124=CARTESIAN_POINT('',(-376.285962314978,48.1023780228405,19.2126397437048));
#16125=CARTESIAN_POINT('',(-376.285962314978,51.3202861366165,19.4941702239283));
#16126=CARTESIAN_POINT('',(-377.110062314978,48.1023780228405,19.2126397437048));
#16127=CARTESIAN_POINT('',(-376.285962314978,48.1023780228405,19.2126397437048));
#16128=CARTESIAN_POINT('',(-377.110062314978,45.3142681496092,18.9687117371324));
#16129=CARTESIAN_POINT('',(-377.110062314978,48.1023780228405,19.2126397437048));
#16130=CARTESIAN_POINT('',(-376.285962314978,45.3142681496092,18.9687117371324));
#16131=CARTESIAN_POINT('',(-377.110062314978,45.3142681496092,18.9687117371324));
#16132=CARTESIAN_POINT('',(-376.285962314978,39.0680576589452,18.4222391292026));
#16133=CARTESIAN_POINT('',(-376.285962314978,45.3142681496092,18.9687117371324));
#16134=CARTESIAN_POINT('',(-374.560962314978,39.0680576589452,18.4222391292026));
#16135=CARTESIAN_POINT('',(-376.285962314978,39.0680576589452,18.4222391292026));
#16136=CARTESIAN_POINT('',(-374.560962314978,38.0906312689655,18.3367254006483));
#16137=CARTESIAN_POINT('',(-374.560962314978,39.0680576589452,18.4222391292026));
#16138=CARTESIAN_POINT('',(-371.260362314978,38.0906312689655,18.3367254006483));
#16139=CARTESIAN_POINT('',(-374.560962314978,38.0906312689655,18.3367254006483));
#16140=CARTESIAN_POINT('',(-371.260362314978,39.0680576589452,18.4222391292026));
#16141=CARTESIAN_POINT('',(-371.260362314978,38.0906312689655,18.3367254006483));
#16142=CARTESIAN_POINT('',(-369.534862314978,39.0680576589452,18.4222391292026));
#16143=CARTESIAN_POINT('',(-371.260362314978,39.0680576589452,18.4222391292026));
#16144=CARTESIAN_POINT('',(-369.534862314978,43.5213866656127,18.8118549322371));
#16145=CARTESIAN_POINT('',(-369.534862314978,39.0680576589452,18.4222391292026));
#16146=CARTESIAN_POINT('',(-329.910962314978,43.5213866656127,18.8118549322371));
#16147=CARTESIAN_POINT('',(-369.534862314978,43.5213866656127,18.8118549322371));
#16148=CARTESIAN_POINT('',(-329.910962314978,38.8388033730733,18.4021819781241));
#16149=CARTESIAN_POINT('',(-329.910962314978,43.5213866656127,18.8118549322371));
#16150=CARTESIAN_POINT('',(-315.909962314978,38.8388033730733,18.4021819781241));
#16151=CARTESIAN_POINT('',(-329.910962314978,38.8388033730733,18.4021819781241));
#16152=CARTESIAN_POINT('',(-315.909962314978,43.5213866656127,18.8118549322371));
#16153=CARTESIAN_POINT('',(-315.909962314978,38.8388033730733,18.4021819781241));
#16154=CARTESIAN_POINT('',(-276.285962314978,43.5213866656127,18.8118549322371));
#16155=CARTESIAN_POINT('',(-315.909962314978,43.5213866656127,18.8118549322371));
#16156=CARTESIAN_POINT('',(-276.285962314978,39.0680576589452,18.4222391292026));
#16157=CARTESIAN_POINT('',(-276.285962314978,43.5213866656127,18.8118549322371));
#16158=CARTESIAN_POINT('',(-274.560962314978,39.0680576589452,18.4222391292026));
#16159=CARTESIAN_POINT('',(-276.285962314978,39.0680576589452,18.4222391292026));
#16160=CARTESIAN_POINT('',(-274.560962314978,38.0906312689655,18.3367254006483));
#16161=CARTESIAN_POINT('',(-274.560962314978,39.0680576589452,18.4222391292026));
#16162=CARTESIAN_POINT('',(-271.259962314978,38.0906312689655,18.3367254006483));
#16163=CARTESIAN_POINT('',(-274.560962314978,38.0906312689655,18.3367254006483));
#16164=CARTESIAN_POINT('',(-271.259962314978,39.0680576589452,18.4222391292026));
#16165=CARTESIAN_POINT('',(-271.259962314978,38.0906312689655,18.3367254006483));
#16166=CARTESIAN_POINT('',(-269.534962314978,39.0680576589452,18.4222391292026));
#16167=CARTESIAN_POINT('',(-271.259962314978,39.0680576589452,18.4222391292026));
#16168=CARTESIAN_POINT('',(-269.534962314978,45.3142681496092,18.9687117371324));
#16169=CARTESIAN_POINT('',(-269.534962314978,39.0680576589452,18.4222391292026));
#16170=CARTESIAN_POINT('',(-268.710962314978,45.3142681496092,18.9687117371324));
#16171=CARTESIAN_POINT('',(-269.534962314978,45.3142681496092,18.9687117371324));
#16172=CARTESIAN_POINT('',(-268.710962314978,48.1023780228405,19.2126397437048));
#16173=CARTESIAN_POINT('',(-268.710962314978,45.3142681496092,18.9687117371324));
#16174=CARTESIAN_POINT('',(-269.534962314978,48.1023780228405,19.2126397437048));
#16175=CARTESIAN_POINT('',(-268.710962314978,48.1023780228405,19.2126397437048));
#16176=CARTESIAN_POINT('',(-269.534962314978,51.3202861366165,19.4941702239283));
#16177=CARTESIAN_POINT('',(-269.534962314978,48.1023780228405,19.2126397437048));
#16178=CARTESIAN_POINT('',(-271.259962314978,51.3202861366165,19.4941702239283));
#16179=CARTESIAN_POINT('',(-269.534962314978,51.3202861366165,19.4941702239283));
#16180=CARTESIAN_POINT('',(-271.259962314978,52.2386780287873,19.5745191031674));
#16181=CARTESIAN_POINT('',(-271.259962314978,51.3202861366165,19.4941702239283));
#16182=CARTESIAN_POINT('',(-274.560962314978,52.2386780287873,19.5745191031674));
#16183=CARTESIAN_POINT('',(-271.259962314978,52.2386780287873,19.5745191031674));
#16184=CARTESIAN_POINT('',(-274.560962314978,51.3202861366165,19.4941702239283));
#16185=CARTESIAN_POINT('',(-274.560962314978,52.2386780287873,19.5745191031674));
#16186=CARTESIAN_POINT('',(-274.560962314978,51.3202861366165,19.4941702239283));
#16187=CARTESIAN_POINT('',(-199.228962314978,52.7849912012208,19.6223153124902));
#16188=CARTESIAN_POINT('',(-199.228962314978,38.8388033730733,18.4021819781241));
#16189=CARTESIAN_POINT('',(-199.228962314978,52.7849912012208,19.6223153124902));
#16190=CARTESIAN_POINT('',(-213.227962314978,52.7849912012208,19.6223153124902));
#16191=CARTESIAN_POINT('',(-213.227962314978,52.7849912012208,19.6223153124902));
#16192=CARTESIAN_POINT('',(-213.227962314978,38.8388033730733,18.4021819781241));
#16193=CARTESIAN_POINT('',(-213.227962314978,38.8388033730733,18.4021819781241));
#16194=CARTESIAN_POINT('',(-199.228962314978,38.8388033730733,18.4021819781241));
#16195=CARTESIAN_POINT('',(-384.966462314978,76.7939807615206,21.7228297217287));
#16196=CARTESIAN_POINT('',(-398.965762314978,76.7939807615206,21.7228297217287));
#16197=CARTESIAN_POINT('',(-384.966462314978,76.7939807615206,21.7228297217287));
#16198=CARTESIAN_POINT('',(-384.966462314978,90.7400091985163,22.942949111176));
#16199=CARTESIAN_POINT('',(-384.966462314978,90.7400091985163,22.942949111176));
#16200=CARTESIAN_POINT('',(-398.965762314978,90.7400091985163,22.942949111176));
#16201=CARTESIAN_POINT('',(-398.965762314978,90.7400091985163,22.942949111176));
#16202=CARTESIAN_POINT('',(-398.965762314978,76.7939807615206,21.7228297217287));
#16203=CARTESIAN_POINT('',(-418.303962314978,114.748998758816,25.0434635204145));
#16204=CARTESIAN_POINT('',(-432.303262314978,114.748998758816,25.0434635204145));
#16205=CARTESIAN_POINT('',(-418.303962314978,114.748998758816,25.0434635204145));
#16206=CARTESIAN_POINT('',(-418.303962314978,128.695027195812,26.2635829098617));
#16207=CARTESIAN_POINT('',(-418.303962314978,128.695027195812,26.2635829098617));
#16208=CARTESIAN_POINT('',(-432.303262314978,128.695027195812,26.2635829098617));
#16209=CARTESIAN_POINT('',(-432.303262314978,128.695027195812,26.2635829098617));
#16210=CARTESIAN_POINT('',(-432.303262314978,114.748998758816,25.0434635204145));
#16211=CARTESIAN_POINT('',(-175.415962314978,52.7849912012208,19.6223153124902));
#16212=CARTESIAN_POINT('',(-175.415962314978,38.8388033730733,18.4021819781241));
#16213=CARTESIAN_POINT('',(-175.415962314978,52.7849912012208,19.6223153124902));
#16214=CARTESIAN_POINT('',(-189.415962314978,52.7849912012208,19.6223153124902));
#16215=CARTESIAN_POINT('',(-189.415962314978,52.7849912012208,19.6223153124902));
#16216=CARTESIAN_POINT('',(-189.415962314978,38.8388033730733,18.4021819781241));
#16217=CARTESIAN_POINT('',(-189.415962314978,38.8388033730733,18.4021819781241));
#16218=CARTESIAN_POINT('',(-175.415962314978,38.8388033730733,18.4021819781241));
#16219=CARTESIAN_POINT('',(-220.659962314978,52.7849912012208,19.6223153124902));
#16220=CARTESIAN_POINT('',(-220.659962314978,38.8388033730733,18.4021819781241));
#16221=CARTESIAN_POINT('',(-220.659962314978,52.7849912012208,19.6223153124902));
#16222=CARTESIAN_POINT('',(-234.660962314978,52.7849912012208,19.6223153124902));
#16223=CARTESIAN_POINT('',(-234.660962314978,52.7849912012208,19.6223153124902));
#16224=CARTESIAN_POINT('',(-234.660962314978,38.8388033730733,18.4021819781241));
#16225=CARTESIAN_POINT('',(-234.660962314978,38.8388033730733,18.4021819781241));
#16226=CARTESIAN_POINT('',(-220.659962314978,38.8388033730733,18.4021819781241));
#16227=CARTESIAN_POINT('',(-411.160162314978,52.7849912012208,19.6223153124902));
#16228=CARTESIAN_POINT('',(-411.160162314978,38.8388033730733,18.4021819781241));
#16229=CARTESIAN_POINT('',(-411.160162314978,52.7849912012208,19.6223153124902));
#16230=CARTESIAN_POINT('',(-425.160962314978,52.7849912012208,19.6223153124902));
#16231=CARTESIAN_POINT('',(-425.160962314978,52.7849912012208,19.6223153124902));
#16232=CARTESIAN_POINT('',(-425.160962314978,38.8388033730733,18.4021819781241));
#16233=CARTESIAN_POINT('',(-425.160962314978,38.8388033730733,18.4021819781241));
#16234=CARTESIAN_POINT('',(-411.160162314978,38.8388033730733,18.4021819781241));
#16235=CARTESIAN_POINT('Origin',(-262.934990381766,23.0552792378511,8.65662366284612));
#16236=CARTESIAN_POINT('',(-165.75,27.4823862971263,21.2000936641264));
#16237=CARTESIAN_POINT('',(-458.87,26.1106088121784,17.3133907901064));
#16238=CARTESIAN_POINT('Origin',(-262.934990381766,26.219839838541,17.833954694709));
#16239=CARTESIAN_POINT('',(-458.87,24.2250965471704,17.9788657071681));
#16240=CARTESIAN_POINT('',(-458.87,26.0447162405423,19.8262728734721));
#16241=CARTESIAN_POINT('Origin',(-458.87,26.219839838541,17.833954694709));
#16242=CARTESIAN_POINT('',(-460.87,26.0447162405423,19.8262728734721));
#16243=CARTESIAN_POINT('',(-262.934990381766,26.0447162405424,19.8262728734707));
#16244=CARTESIAN_POINT('',(-460.87,24.2250965471704,17.9788657071681));
#16245=CARTESIAN_POINT('Origin',(-460.87,26.219839838541,17.833954694709));
#16246=CARTESIAN_POINT('',(-262.934990381766,24.2250965471704,17.9788657071681));
#16247=CARTESIAN_POINT('Origin',(-360.90250412717,141.870551987238,27.9995843810102));
#16248=CARTESIAN_POINT('',(-460.87,143.845158763609,28.3172761793163));
#16249=CARTESIAN_POINT('',(-460.87,141.695428389239,29.9919025597718));
#16250=CARTESIAN_POINT('Origin',(-460.87,141.870551987238,27.9995843810102));
#16251=CARTESIAN_POINT('',(-458.87,141.695428389239,29.9919025597718));
#16252=CARTESIAN_POINT('',(-360.90250412717,141.695428389239,29.9919025597718));
#16253=CARTESIAN_POINT('',(-458.87,143.845158763609,28.3172761793162));
#16254=CARTESIAN_POINT('Origin',(-458.87,141.870551987238,27.9995843810102));
#16255=CARTESIAN_POINT('',(-360.90250412717,143.845158763609,28.3172761793117));
#16256=CARTESIAN_POINT('Origin',(-460.87,20.0000002980232,0.));
#16257=CARTESIAN_POINT('',(-460.87,150.000002235174,0.));
#16258=CARTESIAN_POINT('',(-460.87,20.0000002980232,0.));
#16259=CARTESIAN_POINT('',(-458.87,150.000002235174,0.));
#16260=CARTESIAN_POINT('',(-460.87,150.000002235174,0.));
#16261=CARTESIAN_POINT('',(-458.87,20.0000002980232,0.));
#16262=CARTESIAN_POINT('Origin',(-411.160162314978,52.7849912012208,19.6223153124902));
#16263=CARTESIAN_POINT('',(-411.160162314978,38.8257300116611,18.5516111828378));
#16264=CARTESIAN_POINT('',(-411.160162314978,38.8388033730733,18.4021819781241));
#16265=CARTESIAN_POINT('',(-411.160162314978,52.7719178398086,19.7717445172039));
#16266=CARTESIAN_POINT('',(-411.160162314978,52.7719178398086,19.7717445172039));
#16267=CARTESIAN_POINT('',(-411.160162314978,52.7849912012208,19.6223153124902));
#16268=CARTESIAN_POINT('Origin',(-411.160162314978,38.8388033730733,18.4021819781241));
#16269=CARTESIAN_POINT('',(-425.160962314978,38.8257300116611,18.5516111828378));
#16270=CARTESIAN_POINT('',(-425.160962314978,38.8388033730733,18.4021819781241));
#16271=CARTESIAN_POINT('',(-411.160162314978,38.8257300116611,18.5516111828378));
#16272=CARTESIAN_POINT('Origin',(-425.160962314978,38.8388033730733,18.4021819781241));
#16273=CARTESIAN_POINT('',(-425.160962314978,52.7719178398086,19.7717445172039));
#16274=CARTESIAN_POINT('',(-425.160962314978,52.7849912012208,19.6223153124902));
#16275=CARTESIAN_POINT('',(-425.160962314978,38.8257300116611,18.5516111828378));
#16276=CARTESIAN_POINT('Origin',(-425.160962314978,52.7849912012208,19.6223153124902));
#16277=CARTESIAN_POINT('',(-425.160962314978,52.7719178398086,19.7717445172039));
#16278=CARTESIAN_POINT('Origin',(-220.659962314978,52.7849912012208,19.6223153124902));
#16279=CARTESIAN_POINT('',(-220.659962314978,38.8257300116611,18.5516111828378));
#16280=CARTESIAN_POINT('',(-220.659962314978,38.8388033730733,18.4021819781241));
#16281=CARTESIAN_POINT('',(-220.659962314978,52.7719178398086,19.7717445172039));
#16282=CARTESIAN_POINT('',(-220.659962314978,52.7719178398086,19.7717445172039));
#16283=CARTESIAN_POINT('',(-220.659962314978,52.7849912012208,19.6223153124902));
#16284=CARTESIAN_POINT('Origin',(-220.659962314978,38.8388033730733,18.4021819781241));
#16285=CARTESIAN_POINT('',(-234.660962314978,38.8257300116611,18.5516111828378));
#16286=CARTESIAN_POINT('',(-234.660962314978,38.8388033730733,18.4021819781241));
#16287=CARTESIAN_POINT('',(-220.659962314978,38.8257300116611,18.5516111828378));
#16288=CARTESIAN_POINT('Origin',(-234.660962314978,38.8388033730733,18.4021819781241));
#16289=CARTESIAN_POINT('',(-234.660962314978,52.7719178398086,19.7717445172039));
#16290=CARTESIAN_POINT('',(-234.660962314978,52.7849912012208,19.6223153124902));
#16291=CARTESIAN_POINT('',(-234.660962314978,38.8257300116611,18.5516111828378));
#16292=CARTESIAN_POINT('Origin',(-234.660962314978,52.7849912012208,19.6223153124902));
#16293=CARTESIAN_POINT('',(-234.660962314978,52.7719178398086,19.7717445172039));
#16294=CARTESIAN_POINT('Origin',(-175.415962314978,52.7849912012208,19.6223153124902));
#16295=CARTESIAN_POINT('',(-175.415962314978,38.8257300116611,18.5516111828378));
#16296=CARTESIAN_POINT('',(-175.415962314978,38.8388033730733,18.4021819781241));
#16297=CARTESIAN_POINT('',(-175.415962314978,52.7719178398086,19.7717445172039));
#16298=CARTESIAN_POINT('',(-175.415962314978,52.7719178398086,19.7717445172039));
#16299=CARTESIAN_POINT('',(-175.415962314978,52.7849912012208,19.6223153124902));
#16300=CARTESIAN_POINT('Origin',(-175.415962314978,38.8388033730733,18.4021819781241));
#16301=CARTESIAN_POINT('',(-189.415962314978,38.8257300116611,18.5516111828378));
#16302=CARTESIAN_POINT('',(-189.415962314978,38.8388033730733,18.4021819781241));
#16303=CARTESIAN_POINT('',(-175.415962314978,38.8257300116611,18.5516111828378));
#16304=CARTESIAN_POINT('Origin',(-189.415962314978,38.8388033730733,18.4021819781241));
#16305=CARTESIAN_POINT('',(-189.415962314978,52.7719178398086,19.7717445172039));
#16306=CARTESIAN_POINT('',(-189.415962314978,52.7849912012208,19.6223153124902));
#16307=CARTESIAN_POINT('',(-189.415962314978,38.8257300116611,18.5516111828378));
#16308=CARTESIAN_POINT('Origin',(-189.415962314978,52.7849912012208,19.6223153124902));
#16309=CARTESIAN_POINT('',(-189.415962314978,52.7719178398086,19.7717445172039));
#16310=CARTESIAN_POINT('Origin',(-418.303962314978,114.748998758816,25.0434635204145));
#16311=CARTESIAN_POINT('',(-432.303262314978,114.735925397404,25.1928927251282));
#16312=CARTESIAN_POINT('',(-432.303262314978,114.748998758816,25.0434635204145));
#16313=CARTESIAN_POINT('',(-418.303962314978,114.735925397404,25.1928927251282));
#16314=CARTESIAN_POINT('',(-418.303962314978,114.735925397404,25.1928927251282));
#16315=CARTESIAN_POINT('',(-418.303962314978,114.748998758816,25.0434635204145));
#16316=CARTESIAN_POINT('Origin',(-432.303262314978,114.748998758816,25.0434635204145));
#16317=CARTESIAN_POINT('',(-432.303262314978,128.6819538344,26.4130121145755));
#16318=CARTESIAN_POINT('',(-432.303262314978,128.695027195812,26.2635829098617));
#16319=CARTESIAN_POINT('',(-432.303262314978,114.735925397404,25.1928927251282));
#16320=CARTESIAN_POINT('Origin',(-432.303262314978,128.695027195812,26.2635829098617));
#16321=CARTESIAN_POINT('',(-418.303962314978,128.6819538344,26.4130121145755));
#16322=CARTESIAN_POINT('',(-418.303962314978,128.695027195812,26.2635829098617));
#16323=CARTESIAN_POINT('',(-432.303262314978,128.6819538344,26.4130121145755));
#16324=CARTESIAN_POINT('Origin',(-418.303962314978,128.695027195812,26.2635829098617));
#16325=CARTESIAN_POINT('',(-418.303962314978,128.6819538344,26.4130121145755));
#16326=CARTESIAN_POINT('Origin',(-384.966462314978,76.7939807615206,21.7228297217287));
#16327=CARTESIAN_POINT('',(-398.965762314978,76.7809074001084,21.8722589264424));
#16328=CARTESIAN_POINT('',(-398.965762314978,76.7939807615206,21.7228297217287));
#16329=CARTESIAN_POINT('',(-384.966462314978,76.7809074001084,21.8722589264424));
#16330=CARTESIAN_POINT('',(-384.966462314978,76.7809074001084,21.8722589264424));
#16331=CARTESIAN_POINT('',(-384.966462314978,76.7939807615206,21.7228297217287));
#16332=CARTESIAN_POINT('Origin',(-398.965762314978,76.7939807615206,21.7228297217287));
#16333=CARTESIAN_POINT('',(-398.965762314978,90.7269358371042,23.0923783158897));
#16334=CARTESIAN_POINT('',(-398.965762314978,90.7400091985163,22.942949111176));
#16335=CARTESIAN_POINT('',(-398.965762314978,76.7809074001084,21.8722589264424));
#16336=CARTESIAN_POINT('Origin',(-398.965762314978,90.7400091985163,22.942949111176));
#16337=CARTESIAN_POINT('',(-384.966462314978,90.7269358371042,23.0923783158897));
#16338=CARTESIAN_POINT('',(-384.966462314978,90.7400091985163,22.942949111176));
#16339=CARTESIAN_POINT('',(-398.965762314978,90.7269358371042,23.0923783158897));
#16340=CARTESIAN_POINT('Origin',(-384.966462314978,90.7400091985163,22.942949111176));
#16341=CARTESIAN_POINT('',(-384.966462314978,90.7269358371042,23.0923783158897));
#16342=CARTESIAN_POINT('Origin',(-199.228962314978,52.7849912012208,19.6223153124902));
#16343=CARTESIAN_POINT('',(-199.228962314978,38.8257300116611,18.5516111828378));
#16344=CARTESIAN_POINT('',(-199.228962314978,38.8388033730733,18.4021819781241));
#16345=CARTESIAN_POINT('',(-199.228962314978,52.7719178398086,19.7717445172039));
#16346=CARTESIAN_POINT('',(-199.228962314978,52.7719178398086,19.7717445172039));
#16347=CARTESIAN_POINT('',(-199.228962314978,52.7849912012208,19.6223153124902));
#16348=CARTESIAN_POINT('Origin',(-199.228962314978,38.8388033730733,18.4021819781241));
#16349=CARTESIAN_POINT('',(-213.227962314978,38.8257300116611,18.5516111828378));
#16350=CARTESIAN_POINT('',(-213.227962314978,38.8388033730733,18.4021819781241));
#16351=CARTESIAN_POINT('',(-199.228962314978,38.8257300116611,18.5516111828378));
#16352=CARTESIAN_POINT('Origin',(-213.227962314978,38.8388033730733,18.4021819781241));
#16353=CARTESIAN_POINT('',(-213.227962314978,52.7719178398086,19.7717445172039));
#16354=CARTESIAN_POINT('',(-213.227962314978,52.7849912012208,19.6223153124902));
#16355=CARTESIAN_POINT('',(-213.227962314978,38.8257300116611,18.5516111828378));
#16356=CARTESIAN_POINT('Origin',(-213.227962314978,52.7849912012208,19.6223153124902));
#16357=CARTESIAN_POINT('',(-213.227962314978,52.7719178398086,19.7717445172039));
#16358=CARTESIAN_POINT('Origin',(-276.285962314978,48.1023780228405,19.2126397437048));
#16359=CARTESIAN_POINT('',(-276.285962314978,51.3072127752043,19.6435994286421));
#16360=CARTESIAN_POINT('',(-276.285962314978,51.3202861366165,19.4941702239283));
#16361=CARTESIAN_POINT('',(-276.285962314978,48.0893046614284,19.3620689484186));
#16362=CARTESIAN_POINT('',(-276.285962314978,51.3072127752043,19.6435994286421));
#16363=CARTESIAN_POINT('',(-276.285962314978,48.1023780228405,19.2126397437048));
#16364=CARTESIAN_POINT('Origin',(-276.285962314978,51.3202861366165,19.4941702239283));
#16365=CARTESIAN_POINT('',(-274.560962314978,51.3072127752043,19.6435994286421));
#16366=CARTESIAN_POINT('',(-274.560962314978,51.3202861366165,19.4941702239283));
#16367=CARTESIAN_POINT('',(-274.560962314978,51.3072127752043,19.6435994286421));
#16368=CARTESIAN_POINT('Origin',(-274.560962314978,51.3202861366165,19.4941702239283));
#16369=CARTESIAN_POINT('',(-274.560962314978,52.2256046673751,19.7239483078811));
#16370=CARTESIAN_POINT('',(-274.560962314978,52.2386780287873,19.5745191031674));
#16371=CARTESIAN_POINT('',(-274.560962314978,52.2256046673751,19.7239483078811));
#16372=CARTESIAN_POINT('Origin',(-274.560962314978,52.2386780287873,19.5745191031674));
#16373=CARTESIAN_POINT('',(-271.259962314978,52.2256046673751,19.7239483078811));
#16374=CARTESIAN_POINT('',(-271.259962314978,52.2386780287873,19.5745191031674));
#16375=CARTESIAN_POINT('',(-271.259962314978,52.2256046673751,19.7239483078811));
#16376=CARTESIAN_POINT('Origin',(-271.259962314978,52.2386780287873,19.5745191031674));
#16377=CARTESIAN_POINT('',(-271.259962314978,51.3072127752043,19.6435994286421));
#16378=CARTESIAN_POINT('',(-271.259962314978,51.3202861366165,19.4941702239283));
#16379=CARTESIAN_POINT('',(-271.259962314978,51.3072127752043,19.6435994286421));
#16380=CARTESIAN_POINT('Origin',(-271.259962314978,51.3202861366165,19.4941702239283));
#16381=CARTESIAN_POINT('',(-269.534962314978,51.3072127752043,19.6435994286421));
#16382=CARTESIAN_POINT('',(-269.534962314978,51.3202861366165,19.4941702239283));
#16383=CARTESIAN_POINT('',(-269.534962314978,51.3072127752043,19.6435994286421));
#16384=CARTESIAN_POINT('Origin',(-269.534962314978,51.3202861366165,19.4941702239283));
#16385=CARTESIAN_POINT('',(-269.534962314978,48.0893046614284,19.3620689484186));
#16386=CARTESIAN_POINT('',(-269.534962314978,48.1023780228405,19.2126397437048));
#16387=CARTESIAN_POINT('',(-269.534962314978,48.0893046614284,19.3620689484186));
#16388=CARTESIAN_POINT('Origin',(-269.534962314978,48.1023780228405,19.2126397437048));
#16389=CARTESIAN_POINT('',(-268.710962314978,48.0893046614284,19.3620689484186));
#16390=CARTESIAN_POINT('',(-268.710962314978,48.1023780228405,19.2126397437048));
#16391=CARTESIAN_POINT('',(-268.710962314978,48.0893046614284,19.3620689484186));
#16392=CARTESIAN_POINT('Origin',(-268.710962314978,48.1023780228405,19.2126397437048));
#16393=CARTESIAN_POINT('',(-268.710962314978,45.3011947881971,19.1181409418461));
#16394=CARTESIAN_POINT('',(-268.710962314978,45.3142681496092,18.9687117371324));
#16395=CARTESIAN_POINT('',(-268.710962314978,45.3011947881971,19.1181409418461));
#16396=CARTESIAN_POINT('Origin',(-268.710962314978,45.3142681496092,18.9687117371324));
#16397=CARTESIAN_POINT('',(-269.534962314978,45.3011947881971,19.1181409418461));
#16398=CARTESIAN_POINT('',(-269.534962314978,45.3142681496092,18.9687117371324));
#16399=CARTESIAN_POINT('',(-269.534962314978,45.3011947881971,19.1181409418461));
#16400=CARTESIAN_POINT('Origin',(-269.534962314978,45.3142681496092,18.9687117371324));
#16401=CARTESIAN_POINT('',(-269.534962314978,39.0549842975331,18.5716683339163));
#16402=CARTESIAN_POINT('',(-269.534962314978,39.0680576589452,18.4222391292026));
#16403=CARTESIAN_POINT('',(-269.534962314978,39.0549842975331,18.5716683339163));
#16404=CARTESIAN_POINT('Origin',(-269.534962314978,39.0680576589452,18.4222391292026));
#16405=CARTESIAN_POINT('',(-271.259962314978,39.0549842975331,18.5716683339163));
#16406=CARTESIAN_POINT('',(-271.259962314978,39.0680576589452,18.4222391292026));
#16407=CARTESIAN_POINT('',(-271.259962314978,39.0549842975331,18.5716683339163));
#16408=CARTESIAN_POINT('Origin',(-271.259962314978,39.0680576589452,18.4222391292026));
#16409=CARTESIAN_POINT('',(-271.259962314978,38.0775579075533,18.486154605362));
#16410=CARTESIAN_POINT('',(-271.259962314978,38.0906312689655,18.3367254006483));
#16411=CARTESIAN_POINT('',(-271.259962314978,38.0775579075533,18.486154605362));
#16412=CARTESIAN_POINT('Origin',(-271.259962314978,38.0906312689655,18.3367254006483));
#16413=CARTESIAN_POINT('',(-274.560962314978,38.0775579075533,18.486154605362));
#16414=CARTESIAN_POINT('',(-274.560962314978,38.0906312689655,18.3367254006483));
#16415=CARTESIAN_POINT('',(-274.560962314978,38.0775579075533,18.486154605362));
#16416=CARTESIAN_POINT('Origin',(-274.560962314978,38.0906312689655,18.3367254006483));
#16417=CARTESIAN_POINT('',(-274.560962314978,39.0549842975331,18.5716683339163));
#16418=CARTESIAN_POINT('',(-274.560962314978,39.0680576589452,18.4222391292026));
#16419=CARTESIAN_POINT('',(-274.560962314978,39.0549842975331,18.5716683339163));
#16420=CARTESIAN_POINT('Origin',(-274.560962314978,39.0680576589452,18.4222391292026));
#16421=CARTESIAN_POINT('',(-276.285962314978,39.0549842975331,18.5716683339163));
#16422=CARTESIAN_POINT('',(-276.285962314978,39.0680576589452,18.4222391292026));
#16423=CARTESIAN_POINT('',(-276.285962314978,39.0549842975331,18.5716683339163));
#16424=CARTESIAN_POINT('Origin',(-276.285962314978,39.0680576589452,18.4222391292026));
#16425=CARTESIAN_POINT('',(-276.285962314978,43.5083133042005,18.9612841369509));
#16426=CARTESIAN_POINT('',(-276.285962314978,43.5213866656127,18.8118549322371));
#16427=CARTESIAN_POINT('',(-276.285962314978,43.5083133042005,18.9612841369509));
#16428=CARTESIAN_POINT('Origin',(-276.285962314978,43.5213866656127,18.8118549322371));
#16429=CARTESIAN_POINT('',(-315.909962314978,43.5083133042005,18.9612841369509));
#16430=CARTESIAN_POINT('',(-315.909962314978,43.5213866656127,18.8118549322371));
#16431=CARTESIAN_POINT('',(-315.909962314978,43.5083133042005,18.9612841369509));
#16432=CARTESIAN_POINT('Origin',(-315.909962314978,43.5213866656127,18.8118549322371));
#16433=CARTESIAN_POINT('',(-315.909962314978,38.8257300116611,18.5516111828378));
#16434=CARTESIAN_POINT('',(-315.909962314978,38.8388033730733,18.4021819781241));
#16435=CARTESIAN_POINT('',(-315.909962314978,38.8257300116611,18.5516111828378));
#16436=CARTESIAN_POINT('Origin',(-315.909962314978,38.8388033730733,18.4021819781241));
#16437=CARTESIAN_POINT('',(-329.910962314978,38.8257300116611,18.5516111828378));
#16438=CARTESIAN_POINT('',(-329.910962314978,38.8388033730733,18.4021819781241));
#16439=CARTESIAN_POINT('',(-329.910962314978,38.8257300116611,18.5516111828378));
#16440=CARTESIAN_POINT('Origin',(-329.910962314978,38.8388033730733,18.4021819781241));
#16441=CARTESIAN_POINT('',(-329.910962314978,43.5083133042005,18.9612841369509));
#16442=CARTESIAN_POINT('',(-329.910962314978,43.5213866656127,18.8118549322371));
#16443=CARTESIAN_POINT('',(-329.910962314978,43.5083133042005,18.9612841369509));
#16444=CARTESIAN_POINT('Origin',(-329.910962314978,43.5213866656127,18.8118549322371));
#16445=CARTESIAN_POINT('',(-369.534862314978,43.5083133042005,18.9612841369509));
#16446=CARTESIAN_POINT('',(-369.534862314978,43.5213866656127,18.8118549322371));
#16447=CARTESIAN_POINT('',(-369.534862314978,43.5083133042005,18.9612841369509));
#16448=CARTESIAN_POINT('Origin',(-369.534862314978,43.5213866656127,18.8118549322371));
#16449=CARTESIAN_POINT('',(-369.534862314978,39.0549842975331,18.5716683339163));
#16450=CARTESIAN_POINT('',(-369.534862314978,39.0680576589452,18.4222391292026));
#16451=CARTESIAN_POINT('',(-369.534862314978,39.0549842975331,18.5716683339163));
#16452=CARTESIAN_POINT('Origin',(-369.534862314978,39.0680576589452,18.4222391292026));
#16453=CARTESIAN_POINT('',(-371.260362314978,39.0549842975331,18.5716683339163));
#16454=CARTESIAN_POINT('',(-371.260362314978,39.0680576589452,18.4222391292026));
#16455=CARTESIAN_POINT('',(-371.260362314978,39.0549842975331,18.5716683339163));
#16456=CARTESIAN_POINT('Origin',(-371.260362314978,39.0680576589452,18.4222391292026));
#16457=CARTESIAN_POINT('',(-371.260362314978,38.0775579075533,18.486154605362));
#16458=CARTESIAN_POINT('',(-371.260362314978,38.0906312689655,18.3367254006483));
#16459=CARTESIAN_POINT('',(-371.260362314978,38.0775579075533,18.486154605362));
#16460=CARTESIAN_POINT('Origin',(-371.260362314978,38.0906312689655,18.3367254006483));
#16461=CARTESIAN_POINT('',(-374.560962314978,38.0775579075533,18.486154605362));
#16462=CARTESIAN_POINT('',(-374.560962314978,38.0906312689655,18.3367254006483));
#16463=CARTESIAN_POINT('',(-374.560962314978,38.0775579075533,18.486154605362));
#16464=CARTESIAN_POINT('Origin',(-374.560962314978,38.0906312689655,18.3367254006483));
#16465=CARTESIAN_POINT('',(-374.560962314978,39.0549842975331,18.5716683339163));
#16466=CARTESIAN_POINT('',(-374.560962314978,39.0680576589452,18.4222391292026));
#16467=CARTESIAN_POINT('',(-374.560962314978,39.0549842975331,18.5716683339163));
#16468=CARTESIAN_POINT('Origin',(-374.560962314978,39.0680576589452,18.4222391292026));
#16469=CARTESIAN_POINT('',(-376.285962314978,39.0549842975331,18.5716683339163));
#16470=CARTESIAN_POINT('',(-376.285962314978,39.0680576589452,18.4222391292026));
#16471=CARTESIAN_POINT('',(-376.285962314978,39.0549842975331,18.5716683339163));
#16472=CARTESIAN_POINT('Origin',(-376.285962314978,39.0680576589452,18.4222391292026));
#16473=CARTESIAN_POINT('',(-376.285962314978,45.3011947881971,19.1181409418461));
#16474=CARTESIAN_POINT('',(-376.285962314978,45.3142681496092,18.9687117371324));
#16475=CARTESIAN_POINT('',(-376.285962314978,45.3011947881971,19.1181409418461));
#16476=CARTESIAN_POINT('Origin',(-376.285962314978,45.3142681496092,18.9687117371324));
#16477=CARTESIAN_POINT('',(-377.110062314978,45.3011947881971,19.1181409418461));
#16478=CARTESIAN_POINT('',(-377.110062314978,45.3142681496092,18.9687117371324));
#16479=CARTESIAN_POINT('',(-377.110062314978,45.3011947881971,19.1181409418461));
#16480=CARTESIAN_POINT('Origin',(-377.110062314978,45.3142681496092,18.9687117371324));
#16481=CARTESIAN_POINT('',(-377.110062314978,48.0893046614284,19.3620689484186));
#16482=CARTESIAN_POINT('',(-377.110062314978,48.1023780228405,19.2126397437048));
#16483=CARTESIAN_POINT('',(-377.110062314978,48.0893046614284,19.3620689484186));
#16484=CARTESIAN_POINT('Origin',(-377.110062314978,48.1023780228405,19.2126397437048));
#16485=CARTESIAN_POINT('',(-376.285962314978,48.0893046614284,19.3620689484186));
#16486=CARTESIAN_POINT('',(-376.285962314978,48.1023780228405,19.2126397437048));
#16487=CARTESIAN_POINT('',(-376.285962314978,48.0893046614284,19.3620689484186));
#16488=CARTESIAN_POINT('Origin',(-376.285962314978,48.1023780228405,19.2126397437048));
#16489=CARTESIAN_POINT('',(-376.285962314978,51.3072127752043,19.6435994286421));
#16490=CARTESIAN_POINT('',(-376.285962314978,51.3202861366165,19.4941702239283));
#16491=CARTESIAN_POINT('',(-376.285962314978,51.3072127752043,19.6435994286421));
#16492=CARTESIAN_POINT('Origin',(-376.285962314978,51.3202861366165,19.4941702239283));
#16493=CARTESIAN_POINT('',(-374.560962314978,51.3072127752043,19.6435994286421));
#16494=CARTESIAN_POINT('',(-374.560962314978,51.3202861366165,19.4941702239283));
#16495=CARTESIAN_POINT('',(-374.560962314978,51.3072127752043,19.6435994286421));
#16496=CARTESIAN_POINT('Origin',(-374.560962314978,51.3202861366165,19.4941702239283));
#16497=CARTESIAN_POINT('',(-374.560962314978,52.2256046673751,19.7239483078811));
#16498=CARTESIAN_POINT('',(-374.560962314978,52.2386780287873,19.5745191031674));
#16499=CARTESIAN_POINT('',(-374.560962314978,52.2256046673751,19.7239483078811));
#16500=CARTESIAN_POINT('Origin',(-374.560962314978,52.2386780287873,19.5745191031674));
#16501=CARTESIAN_POINT('',(-371.260362314978,52.2256046673751,19.7239483078811));
#16502=CARTESIAN_POINT('',(-371.260362314978,52.2386780287873,19.5745191031674));
#16503=CARTESIAN_POINT('',(-371.260362314978,52.2256046673751,19.7239483078811));
#16504=CARTESIAN_POINT('Origin',(-371.260362314978,52.2386780287873,19.5745191031674));
#16505=CARTESIAN_POINT('',(-371.260362314978,51.3072127752043,19.6435994286421));
#16506=CARTESIAN_POINT('',(-371.260362314978,51.3202861366165,19.4941702239283));
#16507=CARTESIAN_POINT('',(-371.260362314978,51.3072127752043,19.6435994286421));
#16508=CARTESIAN_POINT('Origin',(-371.260362314978,51.3202861366165,19.4941702239283));
#16509=CARTESIAN_POINT('',(-369.534862314978,51.3072127752043,19.6435994286421));
#16510=CARTESIAN_POINT('',(-369.534862314978,51.3202861366165,19.4941702239283));
#16511=CARTESIAN_POINT('',(-369.534862314978,51.3072127752043,19.6435994286421));
#16512=CARTESIAN_POINT('Origin',(-369.534862314978,51.3202861366165,19.4941702239283));
#16513=CARTESIAN_POINT('',(-369.534862314978,48.0893046614284,19.3620689484186));
#16514=CARTESIAN_POINT('',(-369.534862314978,48.1023780228405,19.2126397437048));
#16515=CARTESIAN_POINT('',(-369.534862314978,48.0893046614284,19.3620689484186));
#16516=CARTESIAN_POINT('Origin',(-369.534862314978,48.1023780228405,19.2126397437048));
#16517=CARTESIAN_POINT('',(-329.910962314978,48.0893046614284,19.3620689484186));
#16518=CARTESIAN_POINT('',(-329.910962314978,48.1023780228405,19.2126397437048));
#16519=CARTESIAN_POINT('',(-329.910962314978,48.0893046614284,19.3620689484186));
#16520=CARTESIAN_POINT('Origin',(-329.910962314978,48.1023780228405,19.2126397437048));
#16521=CARTESIAN_POINT('',(-329.910962314978,52.7719178398086,19.7717445172039));
#16522=CARTESIAN_POINT('',(-329.910962314978,52.7849912012208,19.6223153124902));
#16523=CARTESIAN_POINT('',(-329.910962314978,52.7719178398086,19.7717445172039));
#16524=CARTESIAN_POINT('Origin',(-329.910962314978,52.7849912012208,19.6223153124902));
#16525=CARTESIAN_POINT('',(-315.909962314978,52.7719178398086,19.7717445172039));
#16526=CARTESIAN_POINT('',(-315.909962314978,52.7849912012208,19.6223153124902));
#16527=CARTESIAN_POINT('',(-315.909962314978,52.7719178398086,19.7717445172039));
#16528=CARTESIAN_POINT('Origin',(-315.909962314978,52.7849912012208,19.6223153124902));
#16529=CARTESIAN_POINT('',(-315.909962314978,48.0893046614284,19.3620689484186));
#16530=CARTESIAN_POINT('',(-315.909962314978,48.1023780228405,19.2126397437048));
#16531=CARTESIAN_POINT('',(-315.909962314978,48.0893046614284,19.3620689484186));
#16532=CARTESIAN_POINT('Origin',(-315.909962314978,48.1023780228405,19.2126397437048));
#16533=CARTESIAN_POINT('',(-276.285962314978,48.0893046614284,19.3620689484186));
#16534=CARTESIAN_POINT('Origin',(-199.228962314978,95.7714897601683,23.3831466210716));
#16535=CARTESIAN_POINT('',(-213.227962314978,95.7584163987562,23.5325758257853));
#16536=CARTESIAN_POINT('',(-213.227962314978,95.7714897601683,23.3831466210716));
#16537=CARTESIAN_POINT('',(-199.228962314978,95.7584163987562,23.5325758257853));
#16538=CARTESIAN_POINT('',(-199.228962314978,95.7584163987562,23.5325758257853));
#16539=CARTESIAN_POINT('',(-199.228962314978,95.7714897601683,23.3831466210716));
#16540=CARTESIAN_POINT('Origin',(-213.227962314978,95.7714897601683,23.3831466210716));
#16541=CARTESIAN_POINT('',(-213.227962314978,109.704444835752,24.7526952152326));
#16542=CARTESIAN_POINT('',(-213.227962314978,109.717518197164,24.6032660105189));
#16543=CARTESIAN_POINT('',(-213.227962314978,95.7584163987562,23.5325758257853));
#16544=CARTESIAN_POINT('Origin',(-213.227962314978,109.717518197164,24.6032660105189));
#16545=CARTESIAN_POINT('',(-199.228962314978,109.704444835752,24.7526952152326));
#16546=CARTESIAN_POINT('',(-199.228962314978,109.717518197164,24.6032660105189));
#16547=CARTESIAN_POINT('',(-213.227962314978,109.704444835752,24.7526952152326));
#16548=CARTESIAN_POINT('Origin',(-199.228962314978,109.717518197164,24.6032660105189));
#16549=CARTESIAN_POINT('',(-199.228962314978,109.704444835752,24.7526952152326));
#16550=CARTESIAN_POINT('Origin',(-451.353312314978,114.748998758816,25.0434635204145));
#16551=CARTESIAN_POINT('',(-451.353312314978,128.6819538344,26.4130121145755));
#16552=CARTESIAN_POINT('',(-451.353312314978,128.695027195812,26.2635829098617));
#16553=CARTESIAN_POINT('',(-451.353312314978,114.735925397404,25.1928927251282));
#16554=CARTESIAN_POINT('',(-451.353312314978,114.735925397404,25.1928927251282));
#16555=CARTESIAN_POINT('',(-451.353312314978,114.748998758816,25.0434635204145));
#16556=CARTESIAN_POINT('Origin',(-451.353312314978,128.695027195812,26.2635829098617));
#16557=CARTESIAN_POINT('',(-437.353762314978,128.6819538344,26.4130121145755));
#16558=CARTESIAN_POINT('',(-437.353762314978,128.695027195812,26.2635829098617));
#16559=CARTESIAN_POINT('',(-451.353312314978,128.6819538344,26.4130121145755));
#16560=CARTESIAN_POINT('Origin',(-437.353762314978,128.695027195812,26.2635829098617));
#16561=CARTESIAN_POINT('',(-437.353762314978,114.735925397404,25.1928927251282));
#16562=CARTESIAN_POINT('',(-437.353762314978,114.748998758816,25.0434635204145));
#16563=CARTESIAN_POINT('',(-437.353762314978,128.6819538344,26.4130121145755));
#16564=CARTESIAN_POINT('Origin',(-437.353762314978,114.748998758816,25.0434635204145));
#16565=CARTESIAN_POINT('',(-437.353762314978,114.735925397404,25.1928927251282));
#16566=CARTESIAN_POINT('Origin',(-337.054962314978,128.695027195812,26.2635829098617));
#16567=CARTESIAN_POINT('',(-323.053962314978,128.6819538344,26.4130121145755));
#16568=CARTESIAN_POINT('',(-323.053962314978,128.695027195812,26.2635829098617));
#16569=CARTESIAN_POINT('',(-337.054962314978,128.6819538344,26.4130121145755));
#16570=CARTESIAN_POINT('',(-337.054962314978,128.6819538344,26.4130121145755));
#16571=CARTESIAN_POINT('',(-337.054962314978,128.695027195812,26.2635829098617));
#16572=CARTESIAN_POINT('Origin',(-323.053962314978,128.695027195812,26.2635829098617));
#16573=CARTESIAN_POINT('',(-323.053962314978,114.735925397404,25.1928927251282));
#16574=CARTESIAN_POINT('',(-323.053962314978,114.748998758816,25.0434635204145));
#16575=CARTESIAN_POINT('',(-323.053962314978,128.6819538344,26.4130121145755));
#16576=CARTESIAN_POINT('Origin',(-323.053962314978,114.748998758816,25.0434635204145));
#16577=CARTESIAN_POINT('',(-337.054962314978,114.735925397404,25.1928927251282));
#16578=CARTESIAN_POINT('',(-337.054962314978,114.748998758816,25.0434635204145));
#16579=CARTESIAN_POINT('',(-323.053962314978,114.735925397404,25.1928927251282));
#16580=CARTESIAN_POINT('Origin',(-337.054962314978,114.748998758816,25.0434635204145));
#16581=CARTESIAN_POINT('',(-337.054962314978,114.735925397404,25.1928927251282));
#16582=CARTESIAN_POINT('Origin',(-394.203262314978,114.748998758816,25.0434635204145));
#16583=CARTESIAN_POINT('',(-394.203262314978,128.6819538344,26.4130121145755));
#16584=CARTESIAN_POINT('',(-394.203262314978,128.695027195812,26.2635829098617));
#16585=CARTESIAN_POINT('',(-394.203262314978,114.735925397404,25.1928927251282));
#16586=CARTESIAN_POINT('',(-394.203262314978,114.735925397404,25.1928927251282));
#16587=CARTESIAN_POINT('',(-394.203262314978,114.748998758816,25.0434635204145));
#16588=CARTESIAN_POINT('Origin',(-394.203262314978,128.695027195812,26.2635829098617));
#16589=CARTESIAN_POINT('',(-380.203962314978,128.6819538344,26.4130121145755));
#16590=CARTESIAN_POINT('',(-380.203962314978,128.695027195812,26.2635829098617));
#16591=CARTESIAN_POINT('',(-394.203262314978,128.6819538344,26.4130121145755));
#16592=CARTESIAN_POINT('Origin',(-380.203962314978,128.695027195812,26.2635829098617));
#16593=CARTESIAN_POINT('',(-380.203962314978,114.735925397404,25.1928927251282));
#16594=CARTESIAN_POINT('',(-380.203962314978,114.748998758816,25.0434635204145));
#16595=CARTESIAN_POINT('',(-380.203962314978,128.6819538344,26.4130121145755));
#16596=CARTESIAN_POINT('Origin',(-380.203962314978,114.748998758816,25.0434635204145));
#16597=CARTESIAN_POINT('',(-380.203962314978,114.735925397404,25.1928927251282));
#16598=CARTESIAN_POINT('Origin',(-299.240962314978,57.8162725239333,20.0624953912372));
#16599=CARTESIAN_POINT('',(-313.240962314978,57.8031991625211,20.211924595951));
#16600=CARTESIAN_POINT('',(-313.240962314978,57.8162725239333,20.0624953912372));
#16601=CARTESIAN_POINT('',(-299.240962314978,57.8031991625211,20.211924595951));
#16602=CARTESIAN_POINT('',(-299.240962314978,57.8031991625211,20.211924595951));
#16603=CARTESIAN_POINT('',(-299.240962314978,57.8162725239333,20.0624953912372));
#16604=CARTESIAN_POINT('Origin',(-313.240962314978,57.8162725239333,20.0624953912372));
#16605=CARTESIAN_POINT('',(-313.240962314978,71.7493272189866,21.4320527009726));
#16606=CARTESIAN_POINT('',(-313.240962314978,71.7624005803987,21.2826234962588));
#16607=CARTESIAN_POINT('',(-313.240962314978,57.8031991625211,20.211924595951));
#16608=CARTESIAN_POINT('Origin',(-313.240962314978,71.7624005803987,21.2826234962588));
#16609=CARTESIAN_POINT('',(-299.240962314978,71.7493272189866,21.4320527009726));
#16610=CARTESIAN_POINT('',(-299.240962314978,71.7624005803987,21.2826234962588));
#16611=CARTESIAN_POINT('',(-313.240962314978,71.7493272189866,21.4320527009726));
#16612=CARTESIAN_POINT('Origin',(-299.240962314978,71.7624005803987,21.2826234962588));
#16613=CARTESIAN_POINT('',(-299.240962314978,71.7493272189866,21.4320527009726));
#16614=CARTESIAN_POINT('Origin',(-332.290962314978,71.7624005803987,21.2826234962588));
#16615=CARTESIAN_POINT('',(-318.290962314978,71.7493272189866,21.4320527009726));
#16616=CARTESIAN_POINT('',(-318.290962314978,71.7624005803987,21.2826234962588));
#16617=CARTESIAN_POINT('',(-332.290962314978,71.7493272189866,21.4320527009726));
#16618=CARTESIAN_POINT('',(-332.290962314978,71.7493272189866,21.4320527009726));
#16619=CARTESIAN_POINT('',(-332.290962314978,71.7624005803987,21.2826234962588));
#16620=CARTESIAN_POINT('Origin',(-318.290962314978,71.7624005803987,21.2826234962588));
#16621=CARTESIAN_POINT('',(-318.290962314978,57.8031991625211,20.211924595951));
#16622=CARTESIAN_POINT('',(-318.290962314978,57.8162725239333,20.0624953912372));
#16623=CARTESIAN_POINT('',(-318.290962314978,71.7493272189866,21.4320527009726));
#16624=CARTESIAN_POINT('Origin',(-318.290962314978,57.8162725239333,20.0624953912372));
#16625=CARTESIAN_POINT('',(-332.290962314978,57.8031991625211,20.211924595951));
#16626=CARTESIAN_POINT('',(-332.290962314978,57.8162725239333,20.0624953912372));
#16627=CARTESIAN_POINT('',(-318.290962314978,57.8031991625211,20.211924595951));
#16628=CARTESIAN_POINT('Origin',(-332.290962314978,57.8162725239333,20.0624953912372));
#16629=CARTESIAN_POINT('',(-332.290962314978,57.8031991625211,20.211924595951));
#16630=CARTESIAN_POINT('Origin',(-237.328962314978,109.717518197164,24.6032660105189));
#16631=CARTESIAN_POINT('',(-237.328962314978,95.7584163987562,23.5325758257853));
#16632=CARTESIAN_POINT('',(-237.328962314978,95.7714897601683,23.3831466210716));
#16633=CARTESIAN_POINT('',(-237.328962314978,109.704444835752,24.7526952152326));
#16634=CARTESIAN_POINT('',(-237.328962314978,109.704444835752,24.7526952152326));
#16635=CARTESIAN_POINT('',(-237.328962314978,109.717518197164,24.6032660105189));
#16636=CARTESIAN_POINT('Origin',(-237.328962314978,95.7714897601683,23.3831466210716));
#16637=CARTESIAN_POINT('',(-251.327962314978,95.7584163987562,23.5325758257853));
#16638=CARTESIAN_POINT('',(-251.327962314978,95.7714897601683,23.3831466210716));
#16639=CARTESIAN_POINT('',(-237.328962314978,95.7584163987562,23.5325758257853));
#16640=CARTESIAN_POINT('Origin',(-251.327962314978,95.7714897601683,23.3831466210716));
#16641=CARTESIAN_POINT('',(-251.327962314978,109.704444835752,24.7526952152326));
#16642=CARTESIAN_POINT('',(-251.327962314978,109.717518197164,24.6032660105189));
#16643=CARTESIAN_POINT('',(-251.327962314978,95.7584163987562,23.5325758257853));
#16644=CARTESIAN_POINT('Origin',(-251.327962314978,109.717518197164,24.6032660105189));
#16645=CARTESIAN_POINT('',(-251.327962314978,109.704444835752,24.7526952152326));
#16646=CARTESIAN_POINT('Origin',(-399.253962314978,128.695027195812,26.2635829098617));
#16647=CARTESIAN_POINT('',(-399.253962314978,114.735925397404,25.1928927251282));
#16648=CARTESIAN_POINT('',(-399.253962314978,114.748998758816,25.0434635204145));
#16649=CARTESIAN_POINT('',(-399.253962314978,128.6819538344,26.4130121145755));
#16650=CARTESIAN_POINT('',(-399.253962314978,128.6819538344,26.4130121145755));
#16651=CARTESIAN_POINT('',(-399.253962314978,128.695027195812,26.2635829098617));
#16652=CARTESIAN_POINT('Origin',(-399.253962314978,114.748998758816,25.0434635204145));
#16653=CARTESIAN_POINT('',(-413.253262314978,114.735925397404,25.1928927251282));
#16654=CARTESIAN_POINT('',(-413.253262314978,114.748998758816,25.0434635204145));
#16655=CARTESIAN_POINT('',(-399.253962314978,114.735925397404,25.1928927251282));
#16656=CARTESIAN_POINT('Origin',(-413.253262314978,114.748998758816,25.0434635204145));
#16657=CARTESIAN_POINT('',(-413.253262314978,128.6819538344,26.4130121145755));
#16658=CARTESIAN_POINT('',(-413.253262314978,128.695027195812,26.2635829098617));
#16659=CARTESIAN_POINT('',(-413.253262314978,114.735925397404,25.1928927251282));
#16660=CARTESIAN_POINT('Origin',(-413.253262314978,128.695027195812,26.2635829098617));
#16661=CARTESIAN_POINT('',(-413.253262314978,128.6819538344,26.4130121145755));
#16662=CARTESIAN_POINT('Origin',(-261.140962314978,57.8162725239333,20.0624953912372));
#16663=CARTESIAN_POINT('',(-275.140962314978,57.8031991625211,20.211924595951));
#16664=CARTESIAN_POINT('',(-275.140962314978,57.8162725239333,20.0624953912372));
#16665=CARTESIAN_POINT('',(-261.140962314978,57.8031991625211,20.211924595951));
#16666=CARTESIAN_POINT('',(-261.140962314978,57.8031991625211,20.211924595951));
#16667=CARTESIAN_POINT('',(-261.140962314978,57.8162725239333,20.0624953912372));
#16668=CARTESIAN_POINT('Origin',(-275.140962314978,57.8162725239333,20.0624953912372));
#16669=CARTESIAN_POINT('',(-275.140962314978,71.7493272189866,21.4320527009726));
#16670=CARTESIAN_POINT('',(-275.140962314978,71.7624005803987,21.2826234962588));
#16671=CARTESIAN_POINT('',(-275.140962314978,57.8031991625211,20.211924595951));
#16672=CARTESIAN_POINT('Origin',(-275.140962314978,71.7624005803987,21.2826234962588));
#16673=CARTESIAN_POINT('',(-261.140962314978,71.7493272189866,21.4320527009726));
#16674=CARTESIAN_POINT('',(-261.140962314978,71.7624005803987,21.2826234962588));
#16675=CARTESIAN_POINT('',(-275.140962314978,71.7493272189866,21.4320527009726));
#16676=CARTESIAN_POINT('Origin',(-261.140962314978,71.7624005803987,21.2826234962588));
#16677=CARTESIAN_POINT('',(-261.140962314978,71.7493272189866,21.4320527009726));
#16678=CARTESIAN_POINT('Origin',(-337.340962314978,57.8162725239333,20.0624953912372));
#16679=CARTESIAN_POINT('',(-351.340962314978,57.8031991625211,20.211924595951));
#16680=CARTESIAN_POINT('',(-351.340962314978,57.8162725239333,20.0624953912372));
#16681=CARTESIAN_POINT('',(-337.340962314978,57.8031991625211,20.211924595951));
#16682=CARTESIAN_POINT('',(-337.340962314978,57.8031991625211,20.211924595951));
#16683=CARTESIAN_POINT('',(-337.340962314978,57.8162725239333,20.0624953912372));
#16684=CARTESIAN_POINT('Origin',(-351.340962314978,57.8162725239333,20.0624953912372));
#16685=CARTESIAN_POINT('',(-351.340962314978,71.7493272189866,21.4320527009726));
#16686=CARTESIAN_POINT('',(-351.340962314978,71.7624005803987,21.2826234962588));
#16687=CARTESIAN_POINT('',(-351.340962314978,57.8031991625211,20.211924595951));
#16688=CARTESIAN_POINT('Origin',(-351.340962314978,71.7624005803987,21.2826234962588));
#16689=CARTESIAN_POINT('',(-337.340962314978,71.7493272189866,21.4320527009726));
#16690=CARTESIAN_POINT('',(-337.340962314978,71.7624005803987,21.2826234962588));
#16691=CARTESIAN_POINT('',(-351.340962314978,71.7493272189866,21.4320527009726));
#16692=CARTESIAN_POINT('Origin',(-337.340962314978,71.7624005803987,21.2826234962588));
#16693=CARTESIAN_POINT('',(-337.340962314978,71.7493272189866,21.4320527009726));
#16694=CARTESIAN_POINT('Origin',(-294.478962314978,95.7714897601683,23.3831466210716));
#16695=CARTESIAN_POINT('',(-308.477962314978,95.7584163987562,23.5325758257853));
#16696=CARTESIAN_POINT('',(-308.477962314978,95.7714897601683,23.3831466210716));
#16697=CARTESIAN_POINT('',(-294.478962314978,95.7584163987562,23.5325758257853));
#16698=CARTESIAN_POINT('',(-294.478962314978,95.7584163987562,23.5325758257853));
#16699=CARTESIAN_POINT('',(-294.478962314978,95.7714897601683,23.3831466210716));
#16700=CARTESIAN_POINT('Origin',(-308.477962314978,95.7714897601683,23.3831466210716));
#16701=CARTESIAN_POINT('',(-308.477962314978,109.704444835752,24.7526952152326));
#16702=CARTESIAN_POINT('',(-308.477962314978,109.717518197164,24.6032660105189));
#16703=CARTESIAN_POINT('',(-308.477962314978,95.7584163987562,23.5325758257853));
#16704=CARTESIAN_POINT('Origin',(-308.477962314978,109.717518197164,24.6032660105189));
#16705=CARTESIAN_POINT('',(-294.478962314978,109.704444835752,24.7526952152326));
#16706=CARTESIAN_POINT('',(-294.478962314978,109.717518197164,24.6032660105189));
#16707=CARTESIAN_POINT('',(-308.477962314978,109.704444835752,24.7526952152326));
#16708=CARTESIAN_POINT('Origin',(-294.478962314978,109.717518197164,24.6032660105189));
#16709=CARTESIAN_POINT('',(-294.478962314978,109.704444835752,24.7526952152326));
#16710=CARTESIAN_POINT('Origin',(-284.953962314978,128.695027195812,26.2635829098617));
#16711=CARTESIAN_POINT('',(-284.953962314978,114.735925397404,25.1928927251282));
#16712=CARTESIAN_POINT('',(-284.953962314978,114.748998758816,25.0434635204145));
#16713=CARTESIAN_POINT('',(-284.953962314978,128.6819538344,26.4130121145755));
#16714=CARTESIAN_POINT('',(-284.953962314978,128.6819538344,26.4130121145755));
#16715=CARTESIAN_POINT('',(-284.953962314978,128.695027195812,26.2635829098617));
#16716=CARTESIAN_POINT('Origin',(-284.953962314978,114.748998758816,25.0434635204145));
#16717=CARTESIAN_POINT('',(-298.952962314978,114.735925397404,25.1928927251282));
#16718=CARTESIAN_POINT('',(-298.952962314978,114.748998758816,25.0434635204145));
#16719=CARTESIAN_POINT('',(-284.953962314978,114.735925397404,25.1928927251282));
#16720=CARTESIAN_POINT('Origin',(-298.952962314978,114.748998758816,25.0434635204145));
#16721=CARTESIAN_POINT('',(-298.952962314978,128.6819538344,26.4130121145755));
#16722=CARTESIAN_POINT('',(-298.952962314978,128.695027195812,26.2635829098617));
#16723=CARTESIAN_POINT('',(-298.952962314978,114.735925397404,25.1928927251282));
#16724=CARTESIAN_POINT('Origin',(-298.952962314978,128.695027195812,26.2635829098617));
#16725=CARTESIAN_POINT('',(-298.952962314978,128.6819538344,26.4130121145755));
#16726=CARTESIAN_POINT('Origin',(-284.665962314978,76.7939807615206,21.7228297217287));
#16727=CARTESIAN_POINT('',(-284.665962314978,90.7269358371042,23.0923783158897));
#16728=CARTESIAN_POINT('',(-284.665962314978,90.7400091985163,22.942949111176));
#16729=CARTESIAN_POINT('',(-284.665962314978,76.7809074001084,21.8722589264424));
#16730=CARTESIAN_POINT('',(-284.665962314978,76.7809074001084,21.8722589264424));
#16731=CARTESIAN_POINT('',(-284.665962314978,76.7939807615206,21.7228297217287));
#16732=CARTESIAN_POINT('Origin',(-284.665962314978,90.7400091985163,22.942949111176));
#16733=CARTESIAN_POINT('',(-270.665962314978,90.7269358371042,23.0923783158897));
#16734=CARTESIAN_POINT('',(-270.665962314978,90.7400091985163,22.942949111176));
#16735=CARTESIAN_POINT('',(-284.665962314978,90.7269358371042,23.0923783158897));
#16736=CARTESIAN_POINT('Origin',(-270.665962314978,90.7400091985163,22.942949111176));
#16737=CARTESIAN_POINT('',(-270.665962314978,76.7809074001084,21.8722589264424));
#16738=CARTESIAN_POINT('',(-270.665962314978,76.7939807615206,21.7228297217287));
#16739=CARTESIAN_POINT('',(-270.665962314978,90.7269358371042,23.0923783158897));
#16740=CARTESIAN_POINT('Origin',(-270.665962314978,76.7939807615206,21.7228297217287));
#16741=CARTESIAN_POINT('',(-270.665962314978,76.7809074001084,21.8722589264424));
#16742=CARTESIAN_POINT('Origin',(-189.703962314978,128.695027195812,26.2635829098617));
#16743=CARTESIAN_POINT('',(-189.703962314978,114.735925397404,25.1928927251282));
#16744=CARTESIAN_POINT('',(-189.703962314978,114.748998758816,25.0434635204145));
#16745=CARTESIAN_POINT('',(-189.703962314978,128.6819538344,26.4130121145755));
#16746=CARTESIAN_POINT('',(-189.703962314978,128.6819538344,26.4130121145755));
#16747=CARTESIAN_POINT('',(-189.703962314978,128.695027195812,26.2635829098617));
#16748=CARTESIAN_POINT('Origin',(-189.703962314978,114.748998758816,25.0434635204145));
#16749=CARTESIAN_POINT('',(-203.702962314978,114.735925397404,25.1928927251282));
#16750=CARTESIAN_POINT('',(-203.702962314978,114.748998758816,25.0434635204145));
#16751=CARTESIAN_POINT('',(-189.703962314978,114.735925397404,25.1928927251282));
#16752=CARTESIAN_POINT('Origin',(-203.702962314978,114.748998758816,25.0434635204145));
#16753=CARTESIAN_POINT('',(-203.702962314978,128.6819538344,26.4130121145755));
#16754=CARTESIAN_POINT('',(-203.702962314978,128.695027195812,26.2635829098617));
#16755=CARTESIAN_POINT('',(-203.702962314978,114.735925397404,25.1928927251282));
#16756=CARTESIAN_POINT('Origin',(-203.702962314978,128.695027195812,26.2635829098617));
#16757=CARTESIAN_POINT('',(-203.702962314978,128.6819538344,26.4130121145755));
#16758=CARTESIAN_POINT('Origin',(-251.615962314978,76.7939807615206,21.7228297217287));
#16759=CARTESIAN_POINT('',(-265.615962314978,76.7809074001084,21.8722589264424));
#16760=CARTESIAN_POINT('',(-265.615962314978,76.7939807615206,21.7228297217287));
#16761=CARTESIAN_POINT('',(-251.615962314978,76.7809074001084,21.8722589264424));
#16762=CARTESIAN_POINT('',(-251.615962314978,76.7809074001084,21.8722589264424));
#16763=CARTESIAN_POINT('',(-251.615962314978,76.7939807615206,21.7228297217287));
#16764=CARTESIAN_POINT('Origin',(-265.615962314978,76.7939807615206,21.7228297217287));
#16765=CARTESIAN_POINT('',(-265.615962314978,90.7269358371042,23.0923783158897));
#16766=CARTESIAN_POINT('',(-265.615962314978,90.7400091985163,22.942949111176));
#16767=CARTESIAN_POINT('',(-265.615962314978,76.7809074001084,21.8722589264424));
#16768=CARTESIAN_POINT('Origin',(-265.615962314978,90.7400091985163,22.942949111176));
#16769=CARTESIAN_POINT('',(-251.615962314978,90.7269358371042,23.0923783158897));
#16770=CARTESIAN_POINT('',(-251.615962314978,90.7400091985163,22.942949111176));
#16771=CARTESIAN_POINT('',(-265.615962314978,90.7269358371042,23.0923783158897));
#16772=CARTESIAN_POINT('Origin',(-251.615962314978,90.7400091985163,22.942949111176));
#16773=CARTESIAN_POINT('',(-251.615962314978,90.7269358371042,23.0923783158897));
#16774=CARTESIAN_POINT('Origin',(-232.565962314978,76.7939807615206,21.7228297217287));
#16775=CARTESIAN_POINT('',(-246.565962314978,76.7809074001084,21.8722589264424));
#16776=CARTESIAN_POINT('',(-246.565962314978,76.7939807615206,21.7228297217287));
#16777=CARTESIAN_POINT('',(-232.565962314978,76.7809074001084,21.8722589264424));
#16778=CARTESIAN_POINT('',(-232.565962314978,76.7809074001084,21.8722589264424));
#16779=CARTESIAN_POINT('',(-232.565962314978,76.7939807615206,21.7228297217287));
#16780=CARTESIAN_POINT('Origin',(-246.565962314978,76.7939807615206,21.7228297217287));
#16781=CARTESIAN_POINT('',(-246.565962314978,90.7269358371042,23.0923783158897));
#16782=CARTESIAN_POINT('',(-246.565962314978,90.7400091985163,22.942949111176));
#16783=CARTESIAN_POINT('',(-246.565962314978,76.7809074001084,21.8722589264424));
#16784=CARTESIAN_POINT('Origin',(-246.565962314978,90.7400091985163,22.942949111176));
#16785=CARTESIAN_POINT('',(-232.565962314978,90.7269358371042,23.0923783158897));
#16786=CARTESIAN_POINT('',(-232.565962314978,90.7400091985163,22.942949111176));
#16787=CARTESIAN_POINT('',(-246.565962314978,90.7269358371042,23.0923783158897));
#16788=CARTESIAN_POINT('Origin',(-232.565962314978,90.7400091985163,22.942949111176));
#16789=CARTESIAN_POINT('',(-232.565962314978,90.7269358371042,23.0923783158897));
#16790=CARTESIAN_POINT('Origin',(-308.765962314978,76.7939807615206,21.7228297217287));
#16791=CARTESIAN_POINT('',(-322.765962314978,76.7809074001084,21.8722589264424));
#16792=CARTESIAN_POINT('',(-322.765962314978,76.7939807615206,21.7228297217287));
#16793=CARTESIAN_POINT('',(-308.765962314978,76.7809074001084,21.8722589264424));
#16794=CARTESIAN_POINT('',(-308.765962314978,76.7809074001084,21.8722589264424));
#16795=CARTESIAN_POINT('',(-308.765962314978,76.7939807615206,21.7228297217287));
#16796=CARTESIAN_POINT('Origin',(-322.765962314978,76.7939807615206,21.7228297217287));
#16797=CARTESIAN_POINT('',(-322.765962314978,90.7269358371042,23.0923783158897));
#16798=CARTESIAN_POINT('',(-322.765962314978,90.7400091985163,22.942949111176));
#16799=CARTESIAN_POINT('',(-322.765962314978,76.7809074001084,21.8722589264424));
#16800=CARTESIAN_POINT('Origin',(-322.765962314978,90.7400091985163,22.942949111176));
#16801=CARTESIAN_POINT('',(-308.765962314978,90.7269358371042,23.0923783158897));
#16802=CARTESIAN_POINT('',(-308.765962314978,90.7400091985163,22.942949111176));
#16803=CARTESIAN_POINT('',(-322.765962314978,90.7269358371042,23.0923783158897));
#16804=CARTESIAN_POINT('Origin',(-308.765962314978,90.7400091985163,22.942949111176));
#16805=CARTESIAN_POINT('',(-308.765962314978,90.7269358371042,23.0923783158897));
#16806=CARTESIAN_POINT('Origin',(-370.678962314978,95.7714897601683,23.3831466210716));
#16807=CARTESIAN_POINT('',(-384.678262314978,95.7584163987562,23.5325758257853));
#16808=CARTESIAN_POINT('',(-384.678262314978,95.7714897601683,23.3831466210716));
#16809=CARTESIAN_POINT('',(-370.678962314978,95.7584163987562,23.5325758257853));
#16810=CARTESIAN_POINT('',(-370.678962314978,95.7584163987562,23.5325758257853));
#16811=CARTESIAN_POINT('',(-370.678962314978,95.7714897601683,23.3831466210716));
#16812=CARTESIAN_POINT('Origin',(-384.678262314978,95.7714897601683,23.3831466210716));
#16813=CARTESIAN_POINT('',(-384.678262314978,109.704444835752,24.7526952152326));
#16814=CARTESIAN_POINT('',(-384.678262314978,109.717518197164,24.6032660105189));
#16815=CARTESIAN_POINT('',(-384.678262314978,95.7584163987562,23.5325758257853));
#16816=CARTESIAN_POINT('Origin',(-384.678262314978,109.717518197164,24.6032660105189));
#16817=CARTESIAN_POINT('',(-370.678962314978,109.704444835752,24.7526952152326));
#16818=CARTESIAN_POINT('',(-370.678962314978,109.717518197164,24.6032660105189));
#16819=CARTESIAN_POINT('',(-384.678262314978,109.704444835752,24.7526952152326));
#16820=CARTESIAN_POINT('Origin',(-370.678962314978,109.717518197164,24.6032660105189));
#16821=CARTESIAN_POINT('',(-370.678962314978,109.704444835752,24.7526952152326));
#16822=CARTESIAN_POINT('Origin',(-360.865762314978,90.7400091985163,22.942949111176));
#16823=CARTESIAN_POINT('',(-346.865962314978,90.7269358371042,23.0923783158897));
#16824=CARTESIAN_POINT('',(-346.865962314978,90.7400091985163,22.942949111176));
#16825=CARTESIAN_POINT('',(-360.865762314978,90.7269358371042,23.0923783158897));
#16826=CARTESIAN_POINT('',(-360.865762314978,90.7269358371042,23.0923783158897));
#16827=CARTESIAN_POINT('',(-360.865762314978,90.7400091985163,22.942949111176));
#16828=CARTESIAN_POINT('Origin',(-346.865962314978,90.7400091985163,22.942949111176));
#16829=CARTESIAN_POINT('',(-346.865962314978,76.7809074001084,21.8722589264424));
#16830=CARTESIAN_POINT('',(-346.865962314978,76.7939807615206,21.7228297217287));
#16831=CARTESIAN_POINT('',(-346.865962314978,90.7269358371042,23.0923783158897));
#16832=CARTESIAN_POINT('Origin',(-346.865962314978,76.7939807615206,21.7228297217287));
#16833=CARTESIAN_POINT('',(-360.865762314978,76.7809074001084,21.8722589264424));
#16834=CARTESIAN_POINT('',(-360.865762314978,76.7939807615206,21.7228297217287));
#16835=CARTESIAN_POINT('',(-346.865962314978,76.7809074001084,21.8722589264424));
#16836=CARTESIAN_POINT('Origin',(-360.865762314978,76.7939807615206,21.7228297217287));
#16837=CARTESIAN_POINT('',(-360.865762314978,76.7809074001084,21.8722589264424));
#16838=CARTESIAN_POINT('Origin',(-260.852962314978,128.695027195812,26.2635829098617));
#16839=CARTESIAN_POINT('',(-246.853962314978,128.6819538344,26.4130121145755));
#16840=CARTESIAN_POINT('',(-246.853962314978,128.695027195812,26.2635829098617));
#16841=CARTESIAN_POINT('',(-260.852962314978,128.6819538344,26.4130121145755));
#16842=CARTESIAN_POINT('',(-260.852962314978,128.6819538344,26.4130121145755));
#16843=CARTESIAN_POINT('',(-260.852962314978,128.695027195812,26.2635829098617));
#16844=CARTESIAN_POINT('Origin',(-246.853962314978,128.695027195812,26.2635829098617));
#16845=CARTESIAN_POINT('',(-246.853962314978,114.735925397404,25.1928927251282));
#16846=CARTESIAN_POINT('',(-246.853962314978,114.748998758816,25.0434635204145));
#16847=CARTESIAN_POINT('',(-246.853962314978,128.6819538344,26.4130121145755));
#16848=CARTESIAN_POINT('Origin',(-246.853962314978,114.748998758816,25.0434635204145));
#16849=CARTESIAN_POINT('',(-260.852962314978,114.735925397404,25.1928927251282));
#16850=CARTESIAN_POINT('',(-260.852962314978,114.748998758816,25.0434635204145));
#16851=CARTESIAN_POINT('',(-246.853962314978,114.735925397404,25.1928927251282));
#16852=CARTESIAN_POINT('Origin',(-260.852962314978,114.748998758816,25.0434635204145));
#16853=CARTESIAN_POINT('',(-260.852962314978,114.735925397404,25.1928927251282));
#16854=CARTESIAN_POINT('Origin',(-244.472962314978,38.8388033730733,18.4021819781241));
#16855=CARTESIAN_POINT('',(-258.471962314978,38.8257300116611,18.5516111828378));
#16856=CARTESIAN_POINT('',(-258.471962314978,38.8388033730733,18.4021819781241));
#16857=CARTESIAN_POINT('',(-244.472962314978,38.8257300116611,18.5516111828378));
#16858=CARTESIAN_POINT('',(-244.472962314978,38.8257300116611,18.5516111828378));
#16859=CARTESIAN_POINT('',(-244.472962314978,38.8388033730733,18.4021819781241));
#16860=CARTESIAN_POINT('Origin',(-258.471962314978,38.8388033730733,18.4021819781241));
#16861=CARTESIAN_POINT('',(-258.471962314978,52.7719178398086,19.7717445172039));
#16862=CARTESIAN_POINT('',(-258.471962314978,52.7849912012208,19.6223153124902));
#16863=CARTESIAN_POINT('',(-258.471962314978,38.8257300116611,18.5516111828378));
#16864=CARTESIAN_POINT('Origin',(-258.471962314978,52.7849912012208,19.6223153124902));
#16865=CARTESIAN_POINT('',(-244.472962314978,52.7719178398086,19.7717445172039));
#16866=CARTESIAN_POINT('',(-244.472962314978,52.7849912012208,19.6223153124902));
#16867=CARTESIAN_POINT('',(-258.471962314978,52.7719178398086,19.7717445172039));
#16868=CARTESIAN_POINT('Origin',(-244.472962314978,52.7849912012208,19.6223153124902));
#16869=CARTESIAN_POINT('',(-244.472962314978,52.7719178398086,19.7717445172039));
#16870=CARTESIAN_POINT('Origin',(-408.778962314978,95.7714897601683,23.3831466210716));
#16871=CARTESIAN_POINT('',(-422.778262314978,95.7584163987562,23.5325758257853));
#16872=CARTESIAN_POINT('',(-422.778262314978,95.7714897601683,23.3831466210716));
#16873=CARTESIAN_POINT('',(-408.778962314978,95.7584163987562,23.5325758257853));
#16874=CARTESIAN_POINT('',(-408.778962314978,95.7584163987562,23.5325758257853));
#16875=CARTESIAN_POINT('',(-408.778962314978,95.7714897601683,23.3831466210716));
#16876=CARTESIAN_POINT('Origin',(-422.778262314978,95.7714897601683,23.3831466210716));
#16877=CARTESIAN_POINT('',(-422.778262314978,109.704444835752,24.7526952152326));
#16878=CARTESIAN_POINT('',(-422.778262314978,109.717518197164,24.6032660105189));
#16879=CARTESIAN_POINT('',(-422.778262314978,95.7584163987562,23.5325758257853));
#16880=CARTESIAN_POINT('Origin',(-422.778262314978,109.717518197164,24.6032660105189));
#16881=CARTESIAN_POINT('',(-408.778962314978,109.704444835752,24.7526952152326));
#16882=CARTESIAN_POINT('',(-408.778962314978,109.717518197164,24.6032660105189));
#16883=CARTESIAN_POINT('',(-422.778262314978,109.704444835752,24.7526952152326));
#16884=CARTESIAN_POINT('Origin',(-408.778962314978,109.717518197164,24.6032660105189));
#16885=CARTESIAN_POINT('',(-408.778962314978,109.704444835752,24.7526952152326));
#16886=CARTESIAN_POINT('Origin',(-432.591262314978,95.7714897601683,23.3831466210716));
#16887=CARTESIAN_POINT('',(-446.590802314978,95.7584163987562,23.5325758257853));
#16888=CARTESIAN_POINT('',(-446.590802314978,95.7714897601683,23.3831466210716));
#16889=CARTESIAN_POINT('',(-432.591262314978,95.7584163987562,23.5325758257853));
#16890=CARTESIAN_POINT('',(-432.591262314978,95.7584163987562,23.5325758257853));
#16891=CARTESIAN_POINT('',(-432.591262314978,95.7714897601683,23.3831466210716));
#16892=CARTESIAN_POINT('Origin',(-446.590802314978,95.7714897601683,23.3831466210716));
#16893=CARTESIAN_POINT('',(-446.590802314978,109.704444835752,24.7526952152326));
#16894=CARTESIAN_POINT('',(-446.590802314978,109.717518197164,24.6032660105189));
#16895=CARTESIAN_POINT('',(-446.590802314978,95.7584163987562,23.5325758257853));
#16896=CARTESIAN_POINT('Origin',(-446.590802314978,109.717518197164,24.6032660105189));
#16897=CARTESIAN_POINT('',(-432.591262314978,109.704444835752,24.7526952152326));
#16898=CARTESIAN_POINT('',(-432.591262314978,109.717518197164,24.6032660105189));
#16899=CARTESIAN_POINT('',(-446.590802314978,109.704444835752,24.7526952152326));
#16900=CARTESIAN_POINT('Origin',(-432.591262314978,109.717518197164,24.6032660105189));
#16901=CARTESIAN_POINT('',(-432.591262314978,109.704444835752,24.7526952152326));
#16902=CARTESIAN_POINT('Origin',(-403.728262314978,109.717518197164,24.6032660105189));
#16903=CARTESIAN_POINT('',(-389.728962314978,109.704444835752,24.7526952152326));
#16904=CARTESIAN_POINT('',(-389.728962314978,109.717518197164,24.6032660105189));
#16905=CARTESIAN_POINT('',(-403.728262314978,109.704444835752,24.7526952152326));
#16906=CARTESIAN_POINT('',(-403.728262314978,109.704444835752,24.7526952152326));
#16907=CARTESIAN_POINT('',(-403.728262314978,109.717518197164,24.6032660105189));
#16908=CARTESIAN_POINT('Origin',(-389.728962314978,109.717518197164,24.6032660105189));
#16909=CARTESIAN_POINT('',(-389.728962314978,95.7584163987562,23.5325758257853));
#16910=CARTESIAN_POINT('',(-389.728962314978,95.7714897601683,23.3831466210716));
#16911=CARTESIAN_POINT('',(-389.728962314978,109.704444835752,24.7526952152326));
#16912=CARTESIAN_POINT('Origin',(-389.728962314978,95.7714897601683,23.3831466210716));
#16913=CARTESIAN_POINT('',(-403.728262314978,95.7584163987562,23.5325758257853));
#16914=CARTESIAN_POINT('',(-403.728262314978,95.7714897601683,23.3831466210716));
#16915=CARTESIAN_POINT('',(-389.728962314978,95.7584163987562,23.5325758257853));
#16916=CARTESIAN_POINT('Origin',(-403.728262314978,95.7714897601683,23.3831466210716));
#16917=CARTESIAN_POINT('',(-403.728262314978,95.7584163987562,23.5325758257853));
#16918=CARTESIAN_POINT('Origin',(-241.802962314978,114.748998758816,25.0434635204145));
#16919=CARTESIAN_POINT('',(-241.802962314978,128.6819538344,26.4130121145755));
#16920=CARTESIAN_POINT('',(-241.802962314978,128.695027195812,26.2635829098617));
#16921=CARTESIAN_POINT('',(-241.802962314978,114.735925397404,25.1928927251282));
#16922=CARTESIAN_POINT('',(-241.802962314978,114.735925397404,25.1928927251282));
#16923=CARTESIAN_POINT('',(-241.802962314978,114.748998758816,25.0434635204145));
#16924=CARTESIAN_POINT('Origin',(-241.802962314978,128.695027195812,26.2635829098617));
#16925=CARTESIAN_POINT('',(-227.803962314978,128.6819538344,26.4130121145755));
#16926=CARTESIAN_POINT('',(-227.803962314978,128.695027195812,26.2635829098617));
#16927=CARTESIAN_POINT('',(-241.802962314978,128.6819538344,26.4130121145755));
#16928=CARTESIAN_POINT('Origin',(-227.803962314978,128.695027195812,26.2635829098617));
#16929=CARTESIAN_POINT('',(-227.803962314978,114.735925397404,25.1928927251282));
#16930=CARTESIAN_POINT('',(-227.803962314978,114.748998758816,25.0434635204145));
#16931=CARTESIAN_POINT('',(-227.803962314978,128.6819538344,26.4130121145755));
#16932=CARTESIAN_POINT('Origin',(-227.803962314978,114.748998758816,25.0434635204145));
#16933=CARTESIAN_POINT('',(-227.803962314978,114.735925397404,25.1928927251282));
#16934=CARTESIAN_POINT('Origin',(-346.577962314978,95.7714897601683,23.3831466210716));
#16935=CARTESIAN_POINT('',(-346.577962314978,109.704444835752,24.7526952152326));
#16936=CARTESIAN_POINT('',(-346.577962314978,109.717518197164,24.6032660105189));
#16937=CARTESIAN_POINT('',(-346.577962314978,95.7584163987562,23.5325758257853));
#16938=CARTESIAN_POINT('',(-346.577962314978,95.7584163987562,23.5325758257853));
#16939=CARTESIAN_POINT('',(-346.577962314978,95.7714897601683,23.3831466210716));
#16940=CARTESIAN_POINT('Origin',(-346.577962314978,109.717518197164,24.6032660105189));
#16941=CARTESIAN_POINT('',(-332.578962314978,109.704444835752,24.7526952152326));
#16942=CARTESIAN_POINT('',(-332.578962314978,109.717518197164,24.6032660105189));
#16943=CARTESIAN_POINT('',(-346.577962314978,109.704444835752,24.7526952152326));
#16944=CARTESIAN_POINT('Origin',(-332.578962314978,109.717518197164,24.6032660105189));
#16945=CARTESIAN_POINT('',(-332.578962314978,95.7584163987562,23.5325758257853));
#16946=CARTESIAN_POINT('',(-332.578962314978,95.7714897601683,23.3831466210716));
#16947=CARTESIAN_POINT('',(-332.578962314978,109.704444835752,24.7526952152326));
#16948=CARTESIAN_POINT('Origin',(-332.578962314978,95.7714897601683,23.3831466210716));
#16949=CARTESIAN_POINT('',(-332.578962314978,95.7584163987562,23.5325758257853));
#16950=CARTESIAN_POINT('Origin',(-365.628262314978,95.7714897601683,23.3831466210716));
#16951=CARTESIAN_POINT('',(-365.628262314978,109.704444835752,24.7526952152326));
#16952=CARTESIAN_POINT('',(-365.628262314978,109.717518197164,24.6032660105189));
#16953=CARTESIAN_POINT('',(-365.628262314978,95.7584163987562,23.5325758257853));
#16954=CARTESIAN_POINT('',(-365.628262314978,95.7584163987562,23.5325758257853));
#16955=CARTESIAN_POINT('',(-365.628262314978,95.7714897601683,23.3831466210716));
#16956=CARTESIAN_POINT('Origin',(-365.628262314978,109.717518197164,24.6032660105189));
#16957=CARTESIAN_POINT('',(-351.628962314978,109.704444835752,24.7526952152326));
#16958=CARTESIAN_POINT('',(-351.628962314978,109.717518197164,24.6032660105189));
#16959=CARTESIAN_POINT('',(-365.628262314978,109.704444835752,24.7526952152326));
#16960=CARTESIAN_POINT('Origin',(-351.628962314978,109.717518197164,24.6032660105189));
#16961=CARTESIAN_POINT('',(-351.628962314978,95.7584163987562,23.5325758257853));
#16962=CARTESIAN_POINT('',(-351.628962314978,95.7714897601683,23.3831466210716));
#16963=CARTESIAN_POINT('',(-351.628962314978,109.704444835752,24.7526952152326));
#16964=CARTESIAN_POINT('Origin',(-351.628962314978,95.7714897601683,23.3831466210716));
#16965=CARTESIAN_POINT('',(-351.628962314978,95.7584163987562,23.5325758257853));
#16966=CARTESIAN_POINT('Origin',(-356.104662314978,114.748998758816,25.0434635204145));
#16967=CARTESIAN_POINT('',(-356.104662314978,128.6819538344,26.4130121145755));
#16968=CARTESIAN_POINT('',(-356.104662314978,128.695027195812,26.2635829098617));
#16969=CARTESIAN_POINT('',(-356.104662314978,114.735925397404,25.1928927251282));
#16970=CARTESIAN_POINT('',(-356.104662314978,114.735925397404,25.1928927251282));
#16971=CARTESIAN_POINT('',(-356.104662314978,114.748998758816,25.0434635204145));
#16972=CARTESIAN_POINT('Origin',(-356.104662314978,128.695027195812,26.2635829098617));
#16973=CARTESIAN_POINT('',(-342.103962314978,128.6819538344,26.4130121145755));
#16974=CARTESIAN_POINT('',(-342.103962314978,128.695027195812,26.2635829098617));
#16975=CARTESIAN_POINT('',(-356.104662314978,128.6819538344,26.4130121145755));
#16976=CARTESIAN_POINT('Origin',(-342.103962314978,128.695027195812,26.2635829098617));
#16977=CARTESIAN_POINT('',(-342.103962314978,114.735925397404,25.1928927251282));
#16978=CARTESIAN_POINT('',(-342.103962314978,114.748998758816,25.0434635204145));
#16979=CARTESIAN_POINT('',(-342.103962314978,128.6819538344,26.4130121145755));
#16980=CARTESIAN_POINT('Origin',(-342.103962314978,114.748998758816,25.0434635204145));
#16981=CARTESIAN_POINT('',(-342.103962314978,114.735925397404,25.1928927251282));
#16982=CARTESIAN_POINT('Origin',(-265.903962314978,114.748998758816,25.0434635204145));
#16983=CARTESIAN_POINT('',(-279.902962314978,114.735925397404,25.1928927251282));
#16984=CARTESIAN_POINT('',(-279.902962314978,114.748998758816,25.0434635204145));
#16985=CARTESIAN_POINT('',(-265.903962314978,114.735925397404,25.1928927251282));
#16986=CARTESIAN_POINT('',(-265.903962314978,114.735925397404,25.1928927251282));
#16987=CARTESIAN_POINT('',(-265.903962314978,114.748998758816,25.0434635204145));
#16988=CARTESIAN_POINT('Origin',(-279.902962314978,114.748998758816,25.0434635204145));
#16989=CARTESIAN_POINT('',(-279.902962314978,128.6819538344,26.4130121145755));
#16990=CARTESIAN_POINT('',(-279.902962314978,128.695027195812,26.2635829098617));
#16991=CARTESIAN_POINT('',(-279.902962314978,114.735925397404,25.1928927251282));
#16992=CARTESIAN_POINT('Origin',(-279.902962314978,128.695027195812,26.2635829098617));
#16993=CARTESIAN_POINT('',(-265.903962314978,128.6819538344,26.4130121145755));
#16994=CARTESIAN_POINT('',(-265.903962314978,128.695027195812,26.2635829098617));
#16995=CARTESIAN_POINT('',(-279.902962314978,128.6819538344,26.4130121145755));
#16996=CARTESIAN_POINT('Origin',(-265.903962314978,128.695027195812,26.2635829098617));
#16997=CARTESIAN_POINT('',(-265.903962314978,128.6819538344,26.4130121145755));
#16998=CARTESIAN_POINT('Origin',(-213.515962314978,76.7939807615206,21.7228297217287));
#16999=CARTESIAN_POINT('',(-227.515962314978,76.7809074001084,21.8722589264424));
#17000=CARTESIAN_POINT('',(-227.515962314978,76.7939807615206,21.7228297217287));
#17001=CARTESIAN_POINT('',(-213.515962314978,76.7809074001084,21.8722589264424));
#17002=CARTESIAN_POINT('',(-213.515962314978,76.7809074001084,21.8722589264424));
#17003=CARTESIAN_POINT('',(-213.515962314978,76.7939807615206,21.7228297217287));
#17004=CARTESIAN_POINT('Origin',(-227.515962314978,76.7939807615206,21.7228297217287));
#17005=CARTESIAN_POINT('',(-227.515962314978,90.7269358371042,23.0923783158897));
#17006=CARTESIAN_POINT('',(-227.515962314978,90.7400091985163,22.942949111176));
#17007=CARTESIAN_POINT('',(-227.515962314978,76.7809074001084,21.8722589264424));
#17008=CARTESIAN_POINT('Origin',(-227.515962314978,90.7400091985163,22.942949111176));
#17009=CARTESIAN_POINT('',(-213.515962314978,90.7269358371042,23.0923783158897));
#17010=CARTESIAN_POINT('',(-213.515962314978,90.7400091985163,22.942949111176));
#17011=CARTESIAN_POINT('',(-227.515962314978,90.7269358371042,23.0923783158897));
#17012=CARTESIAN_POINT('Origin',(-213.515962314978,90.7400091985163,22.942949111176));
#17013=CARTESIAN_POINT('',(-213.515962314978,90.7269358371042,23.0923783158897));
#17014=CARTESIAN_POINT('Origin',(-341.815962314978,76.7939807615206,21.7228297217287));
#17015=CARTESIAN_POINT('',(-341.815962314978,90.7269358371042,23.0923783158897));
#17016=CARTESIAN_POINT('',(-341.815962314978,90.7400091985163,22.942949111176));
#17017=CARTESIAN_POINT('',(-341.815962314978,76.7809074001084,21.8722589264424));
#17018=CARTESIAN_POINT('',(-341.815962314978,76.7809074001084,21.8722589264424));
#17019=CARTESIAN_POINT('',(-341.815962314978,76.7939807615206,21.7228297217287));
#17020=CARTESIAN_POINT('Origin',(-341.815962314978,90.7400091985163,22.942949111176));
#17021=CARTESIAN_POINT('',(-327.815962314978,90.7269358371042,23.0923783158897));
#17022=CARTESIAN_POINT('',(-327.815962314978,90.7400091985163,22.942949111176));
#17023=CARTESIAN_POINT('',(-341.815962314978,90.7269358371042,23.0923783158897));
#17024=CARTESIAN_POINT('Origin',(-327.815962314978,90.7400091985163,22.942949111176));
#17025=CARTESIAN_POINT('',(-327.815962314978,76.7809074001084,21.8722589264424));
#17026=CARTESIAN_POINT('',(-327.815962314978,76.7939807615206,21.7228297217287));
#17027=CARTESIAN_POINT('',(-327.815962314978,90.7269358371042,23.0923783158897));
#17028=CARTESIAN_POINT('Origin',(-327.815962314978,76.7939807615206,21.7228297217287));
#17029=CARTESIAN_POINT('',(-327.815962314978,76.7809074001084,21.8722589264424));
#17030=CARTESIAN_POINT('Origin',(-184.652962314978,114.748998758816,25.0434635204145));
#17031=CARTESIAN_POINT('',(-184.652962314978,128.6819538344,26.4130121145755));
#17032=CARTESIAN_POINT('',(-184.652962314978,128.695027195812,26.2635829098617));
#17033=CARTESIAN_POINT('',(-184.652962314978,114.735925397404,25.1928927251282));
#17034=CARTESIAN_POINT('',(-184.652962314978,114.735925397404,25.1928927251282));
#17035=CARTESIAN_POINT('',(-184.652962314978,114.748998758816,25.0434635204145));
#17036=CARTESIAN_POINT('Origin',(-184.652962314978,128.695027195812,26.2635829098617));
#17037=CARTESIAN_POINT('',(-170.653962314978,128.6819538344,26.4130121145755));
#17038=CARTESIAN_POINT('',(-170.653962314978,128.695027195812,26.2635829098617));
#17039=CARTESIAN_POINT('',(-184.652962314978,128.6819538344,26.4130121145755));
#17040=CARTESIAN_POINT('Origin',(-170.653962314978,128.695027195812,26.2635829098617));
#17041=CARTESIAN_POINT('',(-170.653962314978,114.735925397404,25.1928927251282));
#17042=CARTESIAN_POINT('',(-170.653962314978,114.748998758816,25.0434635204145));
#17043=CARTESIAN_POINT('',(-170.653962314978,128.6819538344,26.4130121145755));
#17044=CARTESIAN_POINT('Origin',(-170.653962314978,114.748998758816,25.0434635204145));
#17045=CARTESIAN_POINT('',(-170.653962314978,114.735925397404,25.1928927251282));
#17046=CARTESIAN_POINT('Origin',(-208.753962314978,114.748998758816,25.0434635204145));
#17047=CARTESIAN_POINT('',(-222.752962314978,114.735925397404,25.1928927251282));
#17048=CARTESIAN_POINT('',(-222.752962314978,114.748998758816,25.0434635204145));
#17049=CARTESIAN_POINT('',(-208.753962314978,114.735925397404,25.1928927251282));
#17050=CARTESIAN_POINT('',(-208.753962314978,114.735925397404,25.1928927251282));
#17051=CARTESIAN_POINT('',(-208.753962314978,114.748998758816,25.0434635204145));
#17052=CARTESIAN_POINT('Origin',(-222.752962314978,114.748998758816,25.0434635204145));
#17053=CARTESIAN_POINT('',(-222.752962314978,128.6819538344,26.4130121145755));
#17054=CARTESIAN_POINT('',(-222.752962314978,128.695027195812,26.2635829098617));
#17055=CARTESIAN_POINT('',(-222.752962314978,114.735925397404,25.1928927251282));
#17056=CARTESIAN_POINT('Origin',(-222.752962314978,128.695027195812,26.2635829098617));
#17057=CARTESIAN_POINT('',(-208.753962314978,128.6819538344,26.4130121145755));
#17058=CARTESIAN_POINT('',(-208.753962314978,128.695027195812,26.2635829098617));
#17059=CARTESIAN_POINT('',(-222.752962314978,128.6819538344,26.4130121145755));
#17060=CARTESIAN_POINT('Origin',(-208.753962314978,128.695027195812,26.2635829098617));
#17061=CARTESIAN_POINT('',(-208.753962314978,128.6819538344,26.4130121145755));
#17062=CARTESIAN_POINT('Origin',(-289.715962314978,76.7939807615206,21.7228297217287));
#17063=CARTESIAN_POINT('',(-303.715962314978,76.7809074001084,21.8722589264424));
#17064=CARTESIAN_POINT('',(-303.715962314978,76.7939807615206,21.7228297217287));
#17065=CARTESIAN_POINT('',(-289.715962314978,76.7809074001084,21.8722589264424));
#17066=CARTESIAN_POINT('',(-289.715962314978,76.7809074001084,21.8722589264424));
#17067=CARTESIAN_POINT('',(-289.715962314978,76.7939807615206,21.7228297217287));
#17068=CARTESIAN_POINT('Origin',(-303.715962314978,76.7939807615206,21.7228297217287));
#17069=CARTESIAN_POINT('',(-303.715962314978,90.7269358371042,23.0923783158897));
#17070=CARTESIAN_POINT('',(-303.715962314978,90.7400091985163,22.942949111176));
#17071=CARTESIAN_POINT('',(-303.715962314978,76.7809074001084,21.8722589264424));
#17072=CARTESIAN_POINT('Origin',(-303.715962314978,90.7400091985163,22.942949111176));
#17073=CARTESIAN_POINT('',(-289.715962314978,90.7269358371042,23.0923783158897));
#17074=CARTESIAN_POINT('',(-289.715962314978,90.7400091985163,22.942949111176));
#17075=CARTESIAN_POINT('',(-303.715962314978,90.7269358371042,23.0923783158897));
#17076=CARTESIAN_POINT('Origin',(-289.715962314978,90.7400091985163,22.942949111176));
#17077=CARTESIAN_POINT('',(-289.715962314978,90.7269358371042,23.0923783158897));
#17078=CARTESIAN_POINT('Origin',(-294.190962314978,71.7624005803987,21.2826234962588));
#17079=CARTESIAN_POINT('',(-280.190962314978,71.7493272189866,21.4320527009726));
#17080=CARTESIAN_POINT('',(-280.190962314978,71.7624005803987,21.2826234962588));
#17081=CARTESIAN_POINT('',(-294.190962314978,71.7493272189866,21.4320527009726));
#17082=CARTESIAN_POINT('',(-294.190962314978,71.7493272189866,21.4320527009726));
#17083=CARTESIAN_POINT('',(-294.190962314978,71.7624005803987,21.2826234962588));
#17084=CARTESIAN_POINT('Origin',(-280.190962314978,71.7624005803987,21.2826234962588));
#17085=CARTESIAN_POINT('',(-280.190962314978,57.8031991625211,20.211924595951));
#17086=CARTESIAN_POINT('',(-280.190962314978,57.8162725239333,20.0624953912372));
#17087=CARTESIAN_POINT('',(-280.190962314978,71.7493272189866,21.4320527009726));
#17088=CARTESIAN_POINT('Origin',(-280.190962314978,57.8162725239333,20.0624953912372));
#17089=CARTESIAN_POINT('',(-294.190962314978,57.8031991625211,20.211924595951));
#17090=CARTESIAN_POINT('',(-294.190962314978,57.8162725239333,20.0624953912372));
#17091=CARTESIAN_POINT('',(-280.190962314978,57.8031991625211,20.211924595951));
#17092=CARTESIAN_POINT('Origin',(-294.190962314978,57.8162725239333,20.0624953912372));
#17093=CARTESIAN_POINT('',(-294.190962314978,57.8031991625211,20.211924595951));
#17094=CARTESIAN_POINT('Origin',(-430.210062314978,76.7939807615206,21.7228297217287));
#17095=CARTESIAN_POINT('',(-444.210932314978,76.7809074001084,21.8722589264424));
#17096=CARTESIAN_POINT('',(-444.210932314978,76.7939807615206,21.7228297217287));
#17097=CARTESIAN_POINT('',(-430.210062314978,76.7809074001084,21.8722589264424));
#17098=CARTESIAN_POINT('',(-430.210062314978,76.7809074001084,21.8722589264424));
#17099=CARTESIAN_POINT('',(-430.210062314978,76.7939807615206,21.7228297217287));
#17100=CARTESIAN_POINT('Origin',(-444.210932314978,76.7939807615206,21.7228297217287));
#17101=CARTESIAN_POINT('',(-444.210932314978,90.7269358371042,23.0923783158897));
#17102=CARTESIAN_POINT('',(-444.210932314978,90.7400091985163,22.942949111176));
#17103=CARTESIAN_POINT('',(-444.210932314978,76.7809074001084,21.8722589264424));
#17104=CARTESIAN_POINT('Origin',(-444.210932314978,90.7400091985163,22.942949111176));
#17105=CARTESIAN_POINT('',(-430.210062314978,90.7269358371042,23.0923783158897));
#17106=CARTESIAN_POINT('',(-430.210062314978,90.7400091985163,22.942949111176));
#17107=CARTESIAN_POINT('',(-444.210932314978,90.7269358371042,23.0923783158897));
#17108=CARTESIAN_POINT('Origin',(-430.210062314978,90.7400091985163,22.942949111176));
#17109=CARTESIAN_POINT('',(-430.210062314978,90.7269358371042,23.0923783158897));
#17110=CARTESIAN_POINT('Origin',(-289.427962314978,109.717518197164,24.6032660105189));
#17111=CARTESIAN_POINT('',(-275.428962314978,109.704444835752,24.7526952152326));
#17112=CARTESIAN_POINT('',(-275.428962314978,109.717518197164,24.6032660105189));
#17113=CARTESIAN_POINT('',(-289.427962314978,109.704444835752,24.7526952152326));
#17114=CARTESIAN_POINT('',(-289.427962314978,109.704444835752,24.7526952152326));
#17115=CARTESIAN_POINT('',(-289.427962314978,109.717518197164,24.6032660105189));
#17116=CARTESIAN_POINT('Origin',(-275.428962314978,109.717518197164,24.6032660105189));
#17117=CARTESIAN_POINT('',(-275.428962314978,95.7584163987562,23.5325758257853));
#17118=CARTESIAN_POINT('',(-275.428962314978,95.7714897601683,23.3831466210716));
#17119=CARTESIAN_POINT('',(-275.428962314978,109.704444835752,24.7526952152326));
#17120=CARTESIAN_POINT('Origin',(-275.428962314978,95.7714897601683,23.3831466210716));
#17121=CARTESIAN_POINT('',(-289.427962314978,95.7584163987562,23.5325758257853));
#17122=CARTESIAN_POINT('',(-289.427962314978,95.7714897601683,23.3831466210716));
#17123=CARTESIAN_POINT('',(-275.428962314978,95.7584163987562,23.5325758257853));
#17124=CARTESIAN_POINT('Origin',(-289.427962314978,95.7714897601683,23.3831466210716));
#17125=CARTESIAN_POINT('',(-289.427962314978,95.7584163987562,23.5325758257853));
#17126=CARTESIAN_POINT('Origin',(-223.040962314978,71.7624005803987,21.2826234962588));
#17127=CARTESIAN_POINT('',(-223.040962314978,57.8031991625211,20.211924595951));
#17128=CARTESIAN_POINT('',(-223.040962314978,57.8162725239333,20.0624953912372));
#17129=CARTESIAN_POINT('',(-223.040962314978,71.7493272189866,21.4320527009726));
#17130=CARTESIAN_POINT('',(-223.040962314978,71.7493272189866,21.4320527009726));
#17131=CARTESIAN_POINT('',(-223.040962314978,71.7624005803987,21.2826234962588));
#17132=CARTESIAN_POINT('Origin',(-223.040962314978,57.8162725239333,20.0624953912372));
#17133=CARTESIAN_POINT('',(-237.040962314978,57.8031991625211,20.211924595951));
#17134=CARTESIAN_POINT('',(-237.040962314978,57.8162725239333,20.0624953912372));
#17135=CARTESIAN_POINT('',(-223.040962314978,57.8031991625211,20.211924595951));
#17136=CARTESIAN_POINT('Origin',(-237.040962314978,57.8162725239333,20.0624953912372));
#17137=CARTESIAN_POINT('',(-237.040962314978,71.7493272189866,21.4320527009726));
#17138=CARTESIAN_POINT('',(-237.040962314978,71.7624005803987,21.2826234962588));
#17139=CARTESIAN_POINT('',(-237.040962314978,57.8031991625211,20.211924595951));
#17140=CARTESIAN_POINT('Origin',(-237.040962314978,71.7624005803987,21.2826234962588));
#17141=CARTESIAN_POINT('',(-237.040962314978,71.7493272189866,21.4320527009726));
#17142=CARTESIAN_POINT('Origin',(-379.915762314978,76.7939807615206,21.7228297217287));
#17143=CARTESIAN_POINT('',(-379.915762314978,90.7269358371042,23.0923783158897));
#17144=CARTESIAN_POINT('',(-379.915762314978,90.7400091985163,22.942949111176));
#17145=CARTESIAN_POINT('',(-379.915762314978,76.7809074001084,21.8722589264424));
#17146=CARTESIAN_POINT('',(-379.915762314978,76.7809074001084,21.8722589264424));
#17147=CARTESIAN_POINT('',(-379.915762314978,76.7939807615206,21.7228297217287));
#17148=CARTESIAN_POINT('Origin',(-379.915762314978,90.7400091985163,22.942949111176));
#17149=CARTESIAN_POINT('',(-365.916462314978,90.7269358371042,23.0923783158897));
#17150=CARTESIAN_POINT('',(-365.916462314978,90.7400091985163,22.942949111176));
#17151=CARTESIAN_POINT('',(-379.915762314978,90.7269358371042,23.0923783158897));
#17152=CARTESIAN_POINT('Origin',(-365.916462314978,90.7400091985163,22.942949111176));
#17153=CARTESIAN_POINT('',(-365.916462314978,76.7809074001084,21.8722589264424));
#17154=CARTESIAN_POINT('',(-365.916462314978,76.7939807615206,21.7228297217287));
#17155=CARTESIAN_POINT('',(-365.916462314978,90.7269358371042,23.0923783158897));
#17156=CARTESIAN_POINT('Origin',(-365.916462314978,76.7939807615206,21.7228297217287));
#17157=CARTESIAN_POINT('',(-365.916462314978,76.7809074001084,21.8722589264424));
#17158=CARTESIAN_POINT('Origin',(-187.322962314978,71.7624005803987,21.2826234962588));
#17159=CARTESIAN_POINT('',(-187.322962314978,67.0668136600761,21.0223858477615));
#17160=CARTESIAN_POINT('',(-187.322962314978,67.0798870214883,20.8729566430477));
#17161=CARTESIAN_POINT('',(-187.322962314978,71.7493272189866,21.4320527009726));
#17162=CARTESIAN_POINT('',(-187.322962314978,67.0668136600761,21.0223858477615));
#17163=CARTESIAN_POINT('',(-187.322962314978,71.7624005803987,21.2826234962588));
#17164=CARTESIAN_POINT('Origin',(-187.322962314978,67.0798870214883,20.8729566430477));
#17165=CARTESIAN_POINT('',(-185.796962314978,67.0668136600761,21.0223858477615));
#17166=CARTESIAN_POINT('',(-185.796962314978,67.0798870214883,20.8729566430477));
#17167=CARTESIAN_POINT('',(-185.796962314978,67.0668136600761,21.0223858477615));
#17168=CARTESIAN_POINT('Origin',(-185.796962314978,67.0798870214883,20.8729566430477));
#17169=CARTESIAN_POINT('',(-185.796962314978,70.2847217738521,21.303916327985));
#17170=CARTESIAN_POINT('',(-185.796962314978,70.2977951352642,21.1544871232712));
#17171=CARTESIAN_POINT('',(-185.796962314978,70.2847217738521,21.303916327985));
#17172=CARTESIAN_POINT('Origin',(-185.796962314978,70.2977951352642,21.1544871232712));
#17173=CARTESIAN_POINT('',(-184.072962314978,70.2847217738521,21.303916327985));
#17174=CARTESIAN_POINT('',(-184.072962314978,70.2977951352642,21.1544871232712));
#17175=CARTESIAN_POINT('',(-184.072962314978,70.2847217738521,21.303916327985));
#17176=CARTESIAN_POINT('Origin',(-184.072962314978,70.2977951352642,21.1544871232712));
#17177=CARTESIAN_POINT('',(-184.072962314978,71.2032132854927,21.3842739227983));
#17178=CARTESIAN_POINT('',(-184.072962314978,71.2162866469049,21.2348447180845));
#17179=CARTESIAN_POINT('',(-184.072962314978,71.2032132854927,21.3842739227983));
#17180=CARTESIAN_POINT('Origin',(-184.072962314978,71.2162866469049,21.2348447180845));
#17181=CARTESIAN_POINT('',(-180.772962314978,71.2032132854927,21.3842739227983));
#17182=CARTESIAN_POINT('',(-180.772962314978,71.2162866469049,21.2348447180845));
#17183=CARTESIAN_POINT('',(-180.772962314978,71.2032132854927,21.3842739227983));
#17184=CARTESIAN_POINT('Origin',(-180.772962314978,71.2162866469049,21.2348447180845));
#17185=CARTESIAN_POINT('',(-180.772962314978,70.2847217738521,21.303916327985));
#17186=CARTESIAN_POINT('',(-180.772962314978,70.2977951352642,21.1544871232712));
#17187=CARTESIAN_POINT('',(-180.772962314978,70.2847217738521,21.303916327985));
#17188=CARTESIAN_POINT('Origin',(-180.772962314978,70.2977951352642,21.1544871232712));
#17189=CARTESIAN_POINT('',(-179.047962314978,70.2847217738521,21.303916327985));
#17190=CARTESIAN_POINT('',(-179.047962314978,70.2977951352642,21.1544871232712));
#17191=CARTESIAN_POINT('',(-179.047962314978,70.2847217738521,21.303916327985));
#17192=CARTESIAN_POINT('Origin',(-179.047962314978,70.2977951352642,21.1544871232712));
#17193=CARTESIAN_POINT('',(-179.047962314978,67.0668136600761,21.0223858477615));
#17194=CARTESIAN_POINT('',(-179.047962314978,67.0798870214883,20.8729566430477));
#17195=CARTESIAN_POINT('',(-179.047962314978,67.0668136600761,21.0223858477615));
#17196=CARTESIAN_POINT('Origin',(-179.047962314978,67.0798870214883,20.8729566430477));
#17197=CARTESIAN_POINT('',(-178.221962314978,67.0668136600761,21.0223858477615));
#17198=CARTESIAN_POINT('',(-178.221962314978,67.0798870214883,20.8729566430477));
#17199=CARTESIAN_POINT('',(-178.221962314978,67.0668136600761,21.0223858477615));
#17200=CARTESIAN_POINT('Origin',(-178.221962314978,67.0798870214883,20.8729566430477));
#17201=CARTESIAN_POINT('',(-178.221962314978,64.278663939057,20.7784543549593));
#17202=CARTESIAN_POINT('',(-178.221962314978,64.2917373004692,20.6290251502456));
#17203=CARTESIAN_POINT('',(-178.221962314978,64.278663939057,20.7784543549593));
#17204=CARTESIAN_POINT('Origin',(-178.221962314978,64.2917373004692,20.6290251502456));
#17205=CARTESIAN_POINT('',(-179.047962314978,64.278663939057,20.7784543549593));
#17206=CARTESIAN_POINT('',(-179.047962314978,64.2917373004692,20.6290251502456));
#17207=CARTESIAN_POINT('',(-179.047962314978,64.278663939057,20.7784543549593));
#17208=CARTESIAN_POINT('Origin',(-179.047962314978,64.2917373004692,20.6290251502456));
#17209=CARTESIAN_POINT('',(-179.047962314978,58.0325231820217,20.2319878479315));
#17210=CARTESIAN_POINT('',(-179.047962314978,58.0455965434339,20.0825586432177));
#17211=CARTESIAN_POINT('',(-179.047962314978,58.0325231820217,20.2319878479315));
#17212=CARTESIAN_POINT('Origin',(-179.047962314978,58.0455965434339,20.0825586432177));
#17213=CARTESIAN_POINT('',(-180.772962314978,58.0325231820217,20.2319878479315));
#17214=CARTESIAN_POINT('',(-180.772962314978,58.0455965434339,20.0825586432177));
#17215=CARTESIAN_POINT('',(-180.772962314978,58.0325231820217,20.2319878479315));
#17216=CARTESIAN_POINT('Origin',(-180.772962314978,58.0455965434339,20.0825586432177));
#17217=CARTESIAN_POINT('',(-180.772962314978,57.0550569442542,20.1464706331475));
#17218=CARTESIAN_POINT('',(-180.772962314978,57.0681303056663,19.9970414284337));
#17219=CARTESIAN_POINT('',(-180.772962314978,57.0550569442542,20.1464706331475));
#17220=CARTESIAN_POINT('Origin',(-180.772962314978,57.0681303056663,19.9970414284337));
#17221=CARTESIAN_POINT('',(-184.072962314978,57.0550569442542,20.1464706331475));
#17222=CARTESIAN_POINT('',(-184.072962314978,57.0681303056663,19.9970414284337));
#17223=CARTESIAN_POINT('',(-184.072962314978,57.0550569442542,20.1464706331475));
#17224=CARTESIAN_POINT('Origin',(-184.072962314978,57.0681303056663,19.9970414284337));
#17225=CARTESIAN_POINT('',(-184.072962314978,58.0325231820217,20.2319878479315));
#17226=CARTESIAN_POINT('',(-184.072962314978,58.0455965434339,20.0825586432177));
#17227=CARTESIAN_POINT('',(-184.072962314978,58.0325231820217,20.2319878479315));
#17228=CARTESIAN_POINT('Origin',(-184.072962314978,58.0455965434339,20.0825586432177));
#17229=CARTESIAN_POINT('',(-185.796962314978,58.0325231820217,20.2319878479315));
#17230=CARTESIAN_POINT('',(-185.796962314978,58.0455965434339,20.0825586432177));
#17231=CARTESIAN_POINT('',(-185.796962314978,58.0325231820217,20.2319878479315));
#17232=CARTESIAN_POINT('Origin',(-185.796962314978,58.0455965434339,20.0825586432177));
#17233=CARTESIAN_POINT('',(-185.796962314978,62.484417668324,20.6214781466965));
#17234=CARTESIAN_POINT('',(-185.796962314978,62.4974910297362,20.4720489419828));
#17235=CARTESIAN_POINT('',(-185.796962314978,62.484417668324,20.6214781466965));
#17236=CARTESIAN_POINT('Origin',(-185.796962314978,62.4974910297362,20.4720489419828));
#17237=CARTESIAN_POINT('',(-187.322962314978,62.484417668324,20.6214781466965));
#17238=CARTESIAN_POINT('',(-187.322962314978,62.4974910297362,20.4720489419828));
#17239=CARTESIAN_POINT('',(-187.322962314978,62.484417668324,20.6214781466965));
#17240=CARTESIAN_POINT('Origin',(-187.322962314978,62.4974910297362,20.4720489419828));
#17241=CARTESIAN_POINT('',(-187.322962314978,57.8031991625211,20.211924595951));
#17242=CARTESIAN_POINT('',(-187.322962314978,57.8162725239333,20.0624953912372));
#17243=CARTESIAN_POINT('',(-187.322962314978,57.8031991625211,20.211924595951));
#17244=CARTESIAN_POINT('Origin',(-187.322962314978,57.8162725239333,20.0624953912372));
#17245=CARTESIAN_POINT('',(-201.322962314978,57.8031991625211,20.211924595951));
#17246=CARTESIAN_POINT('',(-201.322962314978,57.8162725239333,20.0624953912372));
#17247=CARTESIAN_POINT('',(-201.322962314978,57.8031991625211,20.211924595951));
#17248=CARTESIAN_POINT('Origin',(-201.322962314978,57.8162725239333,20.0624953912372));
#17249=CARTESIAN_POINT('',(-201.322962314978,62.484417668324,20.6214781466965));
#17250=CARTESIAN_POINT('',(-201.322962314978,62.4974910297362,20.4720489419828));
#17251=CARTESIAN_POINT('',(-201.322962314978,62.484417668324,20.6214781466965));
#17252=CARTESIAN_POINT('Origin',(-201.322962314978,62.4974910297362,20.4720489419828));
#17253=CARTESIAN_POINT('',(-202.846962314978,62.484417668324,20.6214781466965));
#17254=CARTESIAN_POINT('',(-202.846962314978,62.4974910297362,20.4720489419828));
#17255=CARTESIAN_POINT('',(-202.846962314978,62.484417668324,20.6214781466965));
#17256=CARTESIAN_POINT('Origin',(-202.846962314978,62.4974910297362,20.4720489419828));
#17257=CARTESIAN_POINT('',(-202.846962314978,58.0325231820217,20.2319878479315));
#17258=CARTESIAN_POINT('',(-202.846962314978,58.0455965434339,20.0825586432177));
#17259=CARTESIAN_POINT('',(-202.846962314978,58.0325231820217,20.2319878479315));
#17260=CARTESIAN_POINT('Origin',(-202.846962314978,58.0455965434339,20.0825586432177));
#17261=CARTESIAN_POINT('',(-204.572962314978,58.0325231820217,20.2319878479315));
#17262=CARTESIAN_POINT('',(-204.572962314978,58.0455965434339,20.0825586432177));
#17263=CARTESIAN_POINT('',(-204.572962314978,58.0325231820217,20.2319878479315));
#17264=CARTESIAN_POINT('Origin',(-204.572962314978,58.0455965434339,20.0825586432177));
#17265=CARTESIAN_POINT('',(-204.572962314978,57.0550569442542,20.1464706331475));
#17266=CARTESIAN_POINT('',(-204.572962314978,57.0681303056663,19.9970414284337));
#17267=CARTESIAN_POINT('',(-204.572962314978,57.0550569442542,20.1464706331475));
#17268=CARTESIAN_POINT('Origin',(-204.572962314978,57.0681303056663,19.9970414284337));
#17269=CARTESIAN_POINT('',(-207.871962314978,57.0550569442542,20.1464706331475));
#17270=CARTESIAN_POINT('',(-207.871962314978,57.0681303056663,19.9970414284337));
#17271=CARTESIAN_POINT('',(-207.871962314978,57.0550569442542,20.1464706331475));
#17272=CARTESIAN_POINT('Origin',(-207.871962314978,57.0681303056663,19.9970414284337));
#17273=CARTESIAN_POINT('',(-207.871962314978,58.0325231820217,20.2319878479315));
#17274=CARTESIAN_POINT('',(-207.871962314978,58.0455965434339,20.0825586432177));
#17275=CARTESIAN_POINT('',(-207.871962314978,58.0325231820217,20.2319878479315));
#17276=CARTESIAN_POINT('Origin',(-207.871962314978,58.0455965434339,20.0825586432177));
#17277=CARTESIAN_POINT('',(-209.596962314978,58.0325231820217,20.2319878479315));
#17278=CARTESIAN_POINT('',(-209.596962314978,58.0455965434339,20.0825586432177));
#17279=CARTESIAN_POINT('',(-209.596962314978,58.0325231820217,20.2319878479315));
#17280=CARTESIAN_POINT('Origin',(-209.596962314978,58.0455965434339,20.0825586432177));
#17281=CARTESIAN_POINT('',(-209.596962314978,64.278663939057,20.7784543549593));
#17282=CARTESIAN_POINT('',(-209.596962314978,64.2917373004692,20.6290251502456));
#17283=CARTESIAN_POINT('',(-209.596962314978,64.278663939057,20.7784543549593));
#17284=CARTESIAN_POINT('Origin',(-209.596962314978,64.2917373004692,20.6290251502456));
#17285=CARTESIAN_POINT('',(-210.422962314978,64.278663939057,20.7784543549593));
#17286=CARTESIAN_POINT('',(-210.422962314978,64.2917373004692,20.6290251502456));
#17287=CARTESIAN_POINT('',(-210.422962314978,64.278663939057,20.7784543549593));
#17288=CARTESIAN_POINT('Origin',(-210.422962314978,64.2917373004692,20.6290251502456));
#17289=CARTESIAN_POINT('',(-210.422962314978,67.0668136600761,21.0223858477615));
#17290=CARTESIAN_POINT('',(-210.422962314978,67.0798870214883,20.8729566430477));
#17291=CARTESIAN_POINT('',(-210.422962314978,67.0668136600761,21.0223858477615));
#17292=CARTESIAN_POINT('Origin',(-210.422962314978,67.0798870214883,20.8729566430477));
#17293=CARTESIAN_POINT('',(-209.596962314978,67.0668136600761,21.0223858477615));
#17294=CARTESIAN_POINT('',(-209.596962314978,67.0798870214883,20.8729566430477));
#17295=CARTESIAN_POINT('',(-209.596962314978,67.0668136600761,21.0223858477615));
#17296=CARTESIAN_POINT('Origin',(-209.596962314978,67.0798870214883,20.8729566430477));
#17297=CARTESIAN_POINT('',(-209.596962314978,70.2847217738521,21.303916327985));
#17298=CARTESIAN_POINT('',(-209.596962314978,70.2977951352642,21.1544871232712));
#17299=CARTESIAN_POINT('',(-209.596962314978,70.2847217738521,21.303916327985));
#17300=CARTESIAN_POINT('Origin',(-209.596962314978,70.2977951352642,21.1544871232712));
#17301=CARTESIAN_POINT('',(-207.871962314978,70.2847217738521,21.303916327985));
#17302=CARTESIAN_POINT('',(-207.871962314978,70.2977951352642,21.1544871232712));
#17303=CARTESIAN_POINT('',(-207.871962314978,70.2847217738521,21.303916327985));
#17304=CARTESIAN_POINT('Origin',(-207.871962314978,70.2977951352642,21.1544871232712));
#17305=CARTESIAN_POINT('',(-207.871962314978,71.2032132854927,21.3842739227983));
#17306=CARTESIAN_POINT('',(-207.871962314978,71.2162866469049,21.2348447180845));
#17307=CARTESIAN_POINT('',(-207.871962314978,71.2032132854927,21.3842739227983));
#17308=CARTESIAN_POINT('Origin',(-207.871962314978,71.2162866469049,21.2348447180845));
#17309=CARTESIAN_POINT('',(-204.572962314978,71.2032132854927,21.3842739227983));
#17310=CARTESIAN_POINT('',(-204.572962314978,71.2162866469049,21.2348447180845));
#17311=CARTESIAN_POINT('',(-204.572962314978,71.2032132854927,21.3842739227983));
#17312=CARTESIAN_POINT('Origin',(-204.572962314978,71.2162866469049,21.2348447180845));
#17313=CARTESIAN_POINT('',(-204.572962314978,70.2847217738521,21.303916327985));
#17314=CARTESIAN_POINT('',(-204.572962314978,70.2977951352642,21.1544871232712));
#17315=CARTESIAN_POINT('',(-204.572962314978,70.2847217738521,21.303916327985));
#17316=CARTESIAN_POINT('Origin',(-204.572962314978,70.2977951352642,21.1544871232712));
#17317=CARTESIAN_POINT('',(-202.846962314978,70.2847217738521,21.303916327985));
#17318=CARTESIAN_POINT('',(-202.846962314978,70.2977951352642,21.1544871232712));
#17319=CARTESIAN_POINT('',(-202.846962314978,70.2847217738521,21.303916327985));
#17320=CARTESIAN_POINT('Origin',(-202.846962314978,70.2977951352642,21.1544871232712));
#17321=CARTESIAN_POINT('',(-202.846962314978,67.0668136600761,21.0223858477615));
#17322=CARTESIAN_POINT('',(-202.846962314978,67.0798870214883,20.8729566430477));
#17323=CARTESIAN_POINT('',(-202.846962314978,67.0668136600761,21.0223858477615));
#17324=CARTESIAN_POINT('Origin',(-202.846962314978,67.0798870214883,20.8729566430477));
#17325=CARTESIAN_POINT('',(-201.322962314978,67.0668136600761,21.0223858477615));
#17326=CARTESIAN_POINT('',(-201.322962314978,67.0798870214883,20.8729566430477));
#17327=CARTESIAN_POINT('',(-201.322962314978,67.0668136600761,21.0223858477615));
#17328=CARTESIAN_POINT('Origin',(-201.322962314978,67.0798870214883,20.8729566430477));
#17329=CARTESIAN_POINT('',(-201.322962314978,71.7493272189866,21.4320527009726));
#17330=CARTESIAN_POINT('',(-201.322962314978,71.7624005803987,21.2826234962588));
#17331=CARTESIAN_POINT('',(-201.322962314978,71.7493272189866,21.4320527009726));
#17332=CARTESIAN_POINT('Origin',(-201.322962314978,71.7624005803987,21.2826234962588));
#17333=CARTESIAN_POINT('',(-187.322962314978,71.7493272189866,21.4320527009726));
#17334=CARTESIAN_POINT('Origin',(-256.378962314978,109.717518197164,24.6032660105189));
#17335=CARTESIAN_POINT('',(-256.378962314978,95.7584163987562,23.5325758257853));
#17336=CARTESIAN_POINT('',(-256.378962314978,95.7714897601683,23.3831466210716));
#17337=CARTESIAN_POINT('',(-256.378962314978,109.704444835752,24.7526952152326));
#17338=CARTESIAN_POINT('',(-256.378962314978,109.704444835752,24.7526952152326));
#17339=CARTESIAN_POINT('',(-256.378962314978,109.717518197164,24.6032660105189));
#17340=CARTESIAN_POINT('Origin',(-256.378962314978,95.7714897601683,23.3831466210716));
#17341=CARTESIAN_POINT('',(-270.377962314978,95.7584163987562,23.5325758257853));
#17342=CARTESIAN_POINT('',(-270.377962314978,95.7714897601683,23.3831466210716));
#17343=CARTESIAN_POINT('',(-256.378962314978,95.7584163987562,23.5325758257853));
#17344=CARTESIAN_POINT('Origin',(-270.377962314978,95.7714897601683,23.3831466210716));
#17345=CARTESIAN_POINT('',(-270.377962314978,109.704444835752,24.7526952152326));
#17346=CARTESIAN_POINT('',(-270.377962314978,109.717518197164,24.6032660105189));
#17347=CARTESIAN_POINT('',(-270.377962314978,95.7584163987562,23.5325758257853));
#17348=CARTESIAN_POINT('Origin',(-270.377962314978,109.717518197164,24.6032660105189));
#17349=CARTESIAN_POINT('',(-270.377962314978,109.704444835752,24.7526952152326));
#17350=CARTESIAN_POINT('Origin',(-256.090962314978,71.7624005803987,21.2826234962588));
#17351=CARTESIAN_POINT('',(-242.090962314978,71.7493272189866,21.4320527009726));
#17352=CARTESIAN_POINT('',(-242.090962314978,71.7624005803987,21.2826234962588));
#17353=CARTESIAN_POINT('',(-256.090962314978,71.7493272189866,21.4320527009726));
#17354=CARTESIAN_POINT('',(-256.090962314978,71.7493272189866,21.4320527009726));
#17355=CARTESIAN_POINT('',(-256.090962314978,71.7624005803987,21.2826234962588));
#17356=CARTESIAN_POINT('Origin',(-242.090962314978,71.7624005803987,21.2826234962588));
#17357=CARTESIAN_POINT('',(-242.090962314978,57.8031991625211,20.211924595951));
#17358=CARTESIAN_POINT('',(-242.090962314978,57.8162725239333,20.0624953912372));
#17359=CARTESIAN_POINT('',(-242.090962314978,71.7493272189866,21.4320527009726));
#17360=CARTESIAN_POINT('Origin',(-242.090962314978,57.8162725239333,20.0624953912372));
#17361=CARTESIAN_POINT('',(-256.090962314978,57.8031991625211,20.211924595951));
#17362=CARTESIAN_POINT('',(-256.090962314978,57.8162725239333,20.0624953912372));
#17363=CARTESIAN_POINT('',(-242.090962314978,57.8031991625211,20.211924595951));
#17364=CARTESIAN_POINT('Origin',(-256.090962314978,57.8162725239333,20.0624953912372));
#17365=CARTESIAN_POINT('',(-256.090962314978,57.8031991625211,20.211924595951));
#17366=CARTESIAN_POINT('Origin',(-404.016462314978,76.7939807615206,21.7228297217287));
#17367=CARTESIAN_POINT('',(-418.015762314978,76.7809074001084,21.8722589264424));
#17368=CARTESIAN_POINT('',(-418.015762314978,76.7939807615206,21.7228297217287));
#17369=CARTESIAN_POINT('',(-404.016462314978,76.7809074001084,21.8722589264424));
#17370=CARTESIAN_POINT('',(-404.016462314978,76.7809074001084,21.8722589264424));
#17371=CARTESIAN_POINT('',(-404.016462314978,76.7939807615206,21.7228297217287));
#17372=CARTESIAN_POINT('Origin',(-418.015762314978,76.7939807615206,21.7228297217287));
#17373=CARTESIAN_POINT('',(-418.015762314978,90.7269358371042,23.0923783158897));
#17374=CARTESIAN_POINT('',(-418.015762314978,90.7400091985163,22.942949111176));
#17375=CARTESIAN_POINT('',(-418.015762314978,76.7809074001084,21.8722589264424));
#17376=CARTESIAN_POINT('Origin',(-418.015762314978,90.7400091985163,22.942949111176));
#17377=CARTESIAN_POINT('',(-404.016462314978,90.7269358371042,23.0923783158897));
#17378=CARTESIAN_POINT('',(-404.016462314978,90.7400091985163,22.942949111176));
#17379=CARTESIAN_POINT('',(-418.015762314978,90.7269358371042,23.0923783158897));
#17380=CARTESIAN_POINT('Origin',(-404.016462314978,90.7400091985163,22.942949111176));
#17381=CARTESIAN_POINT('',(-404.016462314978,90.7269358371042,23.0923783158897));
#17382=CARTESIAN_POINT('Origin',(-425.447562314978,71.7624005803987,21.2826234962588));
#17383=CARTESIAN_POINT('',(-425.447562314978,67.0668136600761,21.0223858477615));
#17384=CARTESIAN_POINT('',(-425.447562314978,67.0798870214883,20.8729566430477));
#17385=CARTESIAN_POINT('',(-425.447562314978,71.7493272189866,21.4320527009726));
#17386=CARTESIAN_POINT('',(-425.447562314978,67.0668136600761,21.0223858477615));
#17387=CARTESIAN_POINT('',(-425.447562314978,71.7624005803987,21.2826234962588));
#17388=CARTESIAN_POINT('Origin',(-425.447562314978,67.0798870214883,20.8729566430477));
#17389=CARTESIAN_POINT('',(-423.922062314978,67.0668136600761,21.0223858477615));
#17390=CARTESIAN_POINT('',(-423.922062314978,67.0798870214883,20.8729566430477));
#17391=CARTESIAN_POINT('',(-423.922062314978,67.0668136600761,21.0223858477615));
#17392=CARTESIAN_POINT('Origin',(-423.922062314978,67.0798870214883,20.8729566430477));
#17393=CARTESIAN_POINT('',(-423.922062314978,70.2847217738521,21.303916327985));
#17394=CARTESIAN_POINT('',(-423.922062314978,70.2977951352642,21.1544871232712));
#17395=CARTESIAN_POINT('',(-423.922062314978,70.2847217738521,21.303916327985));
#17396=CARTESIAN_POINT('Origin',(-423.922062314978,70.2977951352642,21.1544871232712));
#17397=CARTESIAN_POINT('',(-422.198162314978,70.2847217738521,21.303916327985));
#17398=CARTESIAN_POINT('',(-422.198162314978,70.2977951352642,21.1544871232712));
#17399=CARTESIAN_POINT('',(-422.198162314978,70.2847217738521,21.303916327985));
#17400=CARTESIAN_POINT('Origin',(-422.198162314978,70.2977951352642,21.1544871232712));
#17401=CARTESIAN_POINT('',(-422.198162314978,71.2032132854927,21.3842739227983));
#17402=CARTESIAN_POINT('',(-422.198162314978,71.2162866469049,21.2348447180845));
#17403=CARTESIAN_POINT('',(-422.198162314978,71.2032132854927,21.3842739227983));
#17404=CARTESIAN_POINT('Origin',(-422.198162314978,71.2162866469049,21.2348447180845));
#17405=CARTESIAN_POINT('',(-418.897762314978,71.2032132854927,21.3842739227983));
#17406=CARTESIAN_POINT('',(-418.897762314978,71.2162866469049,21.2348447180845));
#17407=CARTESIAN_POINT('',(-418.897762314978,71.2032132854927,21.3842739227983));
#17408=CARTESIAN_POINT('Origin',(-418.897762314978,71.2162866469049,21.2348447180845));
#17409=CARTESIAN_POINT('',(-418.897762314978,70.2847217738521,21.303916327985));
#17410=CARTESIAN_POINT('',(-418.897762314978,70.2977951352642,21.1544871232712));
#17411=CARTESIAN_POINT('',(-418.897762314978,70.2847217738521,21.303916327985));
#17412=CARTESIAN_POINT('Origin',(-418.897762314978,70.2977951352642,21.1544871232712));
#17413=CARTESIAN_POINT('',(-417.172562314978,70.2847217738521,21.303916327985));
#17414=CARTESIAN_POINT('',(-417.172562314978,70.2977951352642,21.1544871232712));
#17415=CARTESIAN_POINT('',(-417.172562314978,70.2847217738521,21.303916327985));
#17416=CARTESIAN_POINT('Origin',(-417.172562314978,70.2977951352642,21.1544871232712));
#17417=CARTESIAN_POINT('',(-417.172562314978,67.0668136600761,21.0223858477615));
#17418=CARTESIAN_POINT('',(-417.172562314978,67.0798870214883,20.8729566430477));
#17419=CARTESIAN_POINT('',(-417.172562314978,67.0668136600761,21.0223858477615));
#17420=CARTESIAN_POINT('Origin',(-417.172562314978,67.0798870214883,20.8729566430477));
#17421=CARTESIAN_POINT('',(-416.347062314978,67.0668136600761,21.0223858477615));
#17422=CARTESIAN_POINT('',(-416.347062314978,67.0798870214883,20.8729566430477));
#17423=CARTESIAN_POINT('',(-416.347062314978,67.0668136600761,21.0223858477615));
#17424=CARTESIAN_POINT('Origin',(-416.347062314978,67.0798870214883,20.8729566430477));
#17425=CARTESIAN_POINT('',(-416.347062314978,64.278663939057,20.7784543549593));
#17426=CARTESIAN_POINT('',(-416.347062314978,64.2917373004692,20.6290251502456));
#17427=CARTESIAN_POINT('',(-416.347062314978,64.278663939057,20.7784543549593));
#17428=CARTESIAN_POINT('Origin',(-416.347062314978,64.2917373004692,20.6290251502456));
#17429=CARTESIAN_POINT('',(-417.172562314978,64.278663939057,20.7784543549593));
#17430=CARTESIAN_POINT('',(-417.172562314978,64.2917373004692,20.6290251502456));
#17431=CARTESIAN_POINT('',(-417.172562314978,64.278663939057,20.7784543549593));
#17432=CARTESIAN_POINT('Origin',(-417.172562314978,64.2917373004692,20.6290251502456));
#17433=CARTESIAN_POINT('',(-417.172562314978,58.0325231820217,20.2319878479315));
#17434=CARTESIAN_POINT('',(-417.172562314978,58.0455965434339,20.0825586432177));
#17435=CARTESIAN_POINT('',(-417.172562314978,58.0325231820217,20.2319878479315));
#17436=CARTESIAN_POINT('Origin',(-417.172562314978,58.0455965434339,20.0825586432177));
#17437=CARTESIAN_POINT('',(-418.897762314978,58.0325231820217,20.2319878479315));
#17438=CARTESIAN_POINT('',(-418.897762314978,58.0455965434339,20.0825586432177));
#17439=CARTESIAN_POINT('',(-418.897762314978,58.0325231820217,20.2319878479315));
#17440=CARTESIAN_POINT('Origin',(-418.897762314978,58.0455965434339,20.0825586432177));
#17441=CARTESIAN_POINT('',(-418.897762314978,57.0550569442542,20.1464706331475));
#17442=CARTESIAN_POINT('',(-418.897762314978,57.0681303056663,19.9970414284337));
#17443=CARTESIAN_POINT('',(-418.897762314978,57.0550569442542,20.1464706331475));
#17444=CARTESIAN_POINT('Origin',(-418.897762314978,57.0681303056663,19.9970414284337));
#17445=CARTESIAN_POINT('',(-422.198162314978,57.0550569442542,20.1464706331475));
#17446=CARTESIAN_POINT('',(-422.198162314978,57.0681303056663,19.9970414284337));
#17447=CARTESIAN_POINT('',(-422.198162314978,57.0550569442542,20.1464706331475));
#17448=CARTESIAN_POINT('Origin',(-422.198162314978,57.0681303056663,19.9970414284337));
#17449=CARTESIAN_POINT('',(-422.198162314978,58.0325231820217,20.2319878479315));
#17450=CARTESIAN_POINT('',(-422.198162314978,58.0455965434339,20.0825586432177));
#17451=CARTESIAN_POINT('',(-422.198162314978,58.0325231820217,20.2319878479315));
#17452=CARTESIAN_POINT('Origin',(-422.198162314978,58.0455965434339,20.0825586432177));
#17453=CARTESIAN_POINT('',(-423.922062314978,58.0325231820217,20.2319878479315));
#17454=CARTESIAN_POINT('',(-423.922062314978,58.0455965434339,20.0825586432177));
#17455=CARTESIAN_POINT('',(-423.922062314978,58.0325231820217,20.2319878479315));
#17456=CARTESIAN_POINT('Origin',(-423.922062314978,58.0455965434339,20.0825586432177));
#17457=CARTESIAN_POINT('',(-423.922062314978,62.484417668324,20.6214781466965));
#17458=CARTESIAN_POINT('',(-423.922062314978,62.4974910297362,20.4720489419828));
#17459=CARTESIAN_POINT('',(-423.922062314978,62.484417668324,20.6214781466965));
#17460=CARTESIAN_POINT('Origin',(-423.922062314978,62.4974910297362,20.4720489419828));
#17461=CARTESIAN_POINT('',(-425.447562314978,62.484417668324,20.6214781466965));
#17462=CARTESIAN_POINT('',(-425.447562314978,62.4974910297362,20.4720489419828));
#17463=CARTESIAN_POINT('',(-425.447562314978,62.484417668324,20.6214781466965));
#17464=CARTESIAN_POINT('Origin',(-425.447562314978,62.4974910297362,20.4720489419828));
#17465=CARTESIAN_POINT('',(-425.447562314978,57.8031991625211,20.211924595951));
#17466=CARTESIAN_POINT('',(-425.447562314978,57.8162725239333,20.0624953912372));
#17467=CARTESIAN_POINT('',(-425.447562314978,57.8031991625211,20.211924595951));
#17468=CARTESIAN_POINT('Origin',(-425.447562314978,57.8162725239333,20.0624953912372));
#17469=CARTESIAN_POINT('',(-439.447062314978,57.8031991625211,20.211924595951));
#17470=CARTESIAN_POINT('',(-439.447062314978,57.8162725239333,20.0624953912372));
#17471=CARTESIAN_POINT('',(-439.447062314978,57.8031991625211,20.211924595951));
#17472=CARTESIAN_POINT('Origin',(-439.447062314978,57.8162725239333,20.0624953912372));
#17473=CARTESIAN_POINT('',(-439.447062314978,62.484417668324,20.6214781466965));
#17474=CARTESIAN_POINT('',(-439.447062314978,62.4974910297362,20.4720489419828));
#17475=CARTESIAN_POINT('',(-439.447062314978,62.484417668324,20.6214781466965));
#17476=CARTESIAN_POINT('Origin',(-439.447062314978,62.4974910297362,20.4720489419828));
#17477=CARTESIAN_POINT('',(-440.972562314978,62.484417668324,20.6214781466965));
#17478=CARTESIAN_POINT('',(-440.972562314978,62.4974910297362,20.4720489419828));
#17479=CARTESIAN_POINT('',(-440.972562314978,62.484417668324,20.6214781466965));
#17480=CARTESIAN_POINT('Origin',(-440.972562314978,62.4974910297362,20.4720489419828));
#17481=CARTESIAN_POINT('',(-440.972562314978,58.0325231820217,20.2319878479315));
#17482=CARTESIAN_POINT('',(-440.972562314978,58.0455965434339,20.0825586432177));
#17483=CARTESIAN_POINT('',(-440.972562314978,58.0325231820217,20.2319878479315));
#17484=CARTESIAN_POINT('Origin',(-440.972562314978,58.0455965434339,20.0825586432177));
#17485=CARTESIAN_POINT('',(-442.697862314978,58.0325231820217,20.2319878479315));
#17486=CARTESIAN_POINT('',(-442.697862314978,58.0455965434339,20.0825586432177));
#17487=CARTESIAN_POINT('',(-442.697862314978,58.0325231820217,20.2319878479315));
#17488=CARTESIAN_POINT('Origin',(-442.697862314978,58.0455965434339,20.0825586432177));
#17489=CARTESIAN_POINT('',(-442.697862314978,57.0550569442542,20.1464706331475));
#17490=CARTESIAN_POINT('',(-442.697862314978,57.0681303056663,19.9970414284337));
#17491=CARTESIAN_POINT('',(-442.697862314978,57.0550569442542,20.1464706331475));
#17492=CARTESIAN_POINT('Origin',(-442.697862314978,57.0681303056663,19.9970414284337));
#17493=CARTESIAN_POINT('',(-445.996872314978,57.0550569442542,20.1464706331475));
#17494=CARTESIAN_POINT('',(-445.996872314978,57.0681303056663,19.9970414284337));
#17495=CARTESIAN_POINT('',(-445.996872314978,57.0550569442542,20.1464706331475));
#17496=CARTESIAN_POINT('Origin',(-445.996872314978,57.0681303056663,19.9970414284337));
#17497=CARTESIAN_POINT('',(-445.996872314978,58.0325231820217,20.2319878479315));
#17498=CARTESIAN_POINT('',(-445.996872314978,58.0455965434339,20.0825586432177));
#17499=CARTESIAN_POINT('',(-445.996872314978,58.0325231820217,20.2319878479315));
#17500=CARTESIAN_POINT('Origin',(-445.996872314978,58.0455965434339,20.0825586432177));
#17501=CARTESIAN_POINT('',(-447.722162314978,58.0325231820217,20.2319878479315));
#17502=CARTESIAN_POINT('',(-447.722162314978,58.0455965434339,20.0825586432177));
#17503=CARTESIAN_POINT('',(-447.722162314978,58.0325231820217,20.2319878479315));
#17504=CARTESIAN_POINT('Origin',(-447.722162314978,58.0455965434339,20.0825586432177));
#17505=CARTESIAN_POINT('',(-447.722162314978,64.278663939057,20.7784543549593));
#17506=CARTESIAN_POINT('',(-447.722162314978,64.2917373004692,20.6290251502456));
#17507=CARTESIAN_POINT('',(-447.722162314978,64.278663939057,20.7784543549593));
#17508=CARTESIAN_POINT('Origin',(-447.722162314978,64.2917373004692,20.6290251502456));
#17509=CARTESIAN_POINT('',(-448.547632314978,64.278663939057,20.7784543549593));
#17510=CARTESIAN_POINT('',(-448.547632314978,64.2917373004692,20.6290251502456));
#17511=CARTESIAN_POINT('',(-448.547632314978,64.278663939057,20.7784543549593));
#17512=CARTESIAN_POINT('Origin',(-448.547632314978,64.2917373004692,20.6290251502456));
#17513=CARTESIAN_POINT('',(-448.547632314978,67.0668136600761,21.0223858477615));
#17514=CARTESIAN_POINT('',(-448.547632314978,67.0798870214883,20.8729566430477));
#17515=CARTESIAN_POINT('',(-448.547632314978,67.0668136600761,21.0223858477615));
#17516=CARTESIAN_POINT('Origin',(-448.547632314978,67.0798870214883,20.8729566430477));
#17517=CARTESIAN_POINT('',(-447.722162314978,67.0668136600761,21.0223858477615));
#17518=CARTESIAN_POINT('',(-447.722162314978,67.0798870214883,20.8729566430477));
#17519=CARTESIAN_POINT('',(-447.722162314978,67.0668136600761,21.0223858477615));
#17520=CARTESIAN_POINT('Origin',(-447.722162314978,67.0798870214883,20.8729566430477));
#17521=CARTESIAN_POINT('',(-447.722162314978,70.2847217738521,21.303916327985));
#17522=CARTESIAN_POINT('',(-447.722162314978,70.2977951352642,21.1544871232712));
#17523=CARTESIAN_POINT('',(-447.722162314978,70.2847217738521,21.303916327985));
#17524=CARTESIAN_POINT('Origin',(-447.722162314978,70.2977951352642,21.1544871232712));
#17525=CARTESIAN_POINT('',(-445.996872314978,70.2847217738521,21.303916327985));
#17526=CARTESIAN_POINT('',(-445.996872314978,70.2977951352642,21.1544871232712));
#17527=CARTESIAN_POINT('',(-445.996872314978,70.2847217738521,21.303916327985));
#17528=CARTESIAN_POINT('Origin',(-445.996872314978,70.2977951352642,21.1544871232712));
#17529=CARTESIAN_POINT('',(-445.996872314978,71.2032132854927,21.3842739227983));
#17530=CARTESIAN_POINT('',(-445.996872314978,71.2162866469049,21.2348447180845));
#17531=CARTESIAN_POINT('',(-445.996872314978,71.2032132854927,21.3842739227983));
#17532=CARTESIAN_POINT('Origin',(-445.996872314978,71.2162866469049,21.2348447180845));
#17533=CARTESIAN_POINT('',(-442.697862314978,71.2032132854927,21.3842739227983));
#17534=CARTESIAN_POINT('',(-442.697862314978,71.2162866469049,21.2348447180845));
#17535=CARTESIAN_POINT('',(-442.697862314978,71.2032132854927,21.3842739227983));
#17536=CARTESIAN_POINT('Origin',(-442.697862314978,71.2162866469049,21.2348447180845));
#17537=CARTESIAN_POINT('',(-442.697862314978,70.2847217738521,21.303916327985));
#17538=CARTESIAN_POINT('',(-442.697862314978,70.2977951352642,21.1544871232712));
#17539=CARTESIAN_POINT('',(-442.697862314978,70.2847217738521,21.303916327985));
#17540=CARTESIAN_POINT('Origin',(-442.697862314978,70.2977951352642,21.1544871232712));
#17541=CARTESIAN_POINT('',(-440.972562314978,70.2847217738521,21.303916327985));
#17542=CARTESIAN_POINT('',(-440.972562314978,70.2977951352642,21.1544871232712));
#17543=CARTESIAN_POINT('',(-440.972562314978,70.2847217738521,21.303916327985));
#17544=CARTESIAN_POINT('Origin',(-440.972562314978,70.2977951352642,21.1544871232712));
#17545=CARTESIAN_POINT('',(-440.972562314978,67.0668136600761,21.0223858477615));
#17546=CARTESIAN_POINT('',(-440.972562314978,67.0798870214883,20.8729566430477));
#17547=CARTESIAN_POINT('',(-440.972562314978,67.0668136600761,21.0223858477615));
#17548=CARTESIAN_POINT('Origin',(-440.972562314978,67.0798870214883,20.8729566430477));
#17549=CARTESIAN_POINT('',(-439.447062314978,67.0668136600761,21.0223858477615));
#17550=CARTESIAN_POINT('',(-439.447062314978,67.0798870214883,20.8729566430477));
#17551=CARTESIAN_POINT('',(-439.447062314978,67.0668136600761,21.0223858477615));
#17552=CARTESIAN_POINT('Origin',(-439.447062314978,67.0798870214883,20.8729566430477));
#17553=CARTESIAN_POINT('',(-439.447062314978,71.7493272189866,21.4320527009726));
#17554=CARTESIAN_POINT('',(-439.447062314978,71.7624005803987,21.2826234962588));
#17555=CARTESIAN_POINT('',(-439.447062314978,71.7493272189866,21.4320527009726));
#17556=CARTESIAN_POINT('Origin',(-439.447062314978,71.7624005803987,21.2826234962588));
#17557=CARTESIAN_POINT('',(-425.447562314978,71.7493272189866,21.4320527009726));
#17558=CARTESIAN_POINT('Origin',(-394.491462314978,71.7624005803987,21.2826234962588));
#17559=CARTESIAN_POINT('',(-394.491462314978,57.8031991625211,20.211924595951));
#17560=CARTESIAN_POINT('',(-394.491462314978,57.8162725239333,20.0624953912372));
#17561=CARTESIAN_POINT('',(-394.491462314978,71.7493272189866,21.4320527009726));
#17562=CARTESIAN_POINT('',(-394.491462314978,71.7493272189866,21.4320527009726));
#17563=CARTESIAN_POINT('',(-394.491462314978,71.7624005803987,21.2826234962588));
#17564=CARTESIAN_POINT('Origin',(-394.491462314978,57.8162725239333,20.0624953912372));
#17565=CARTESIAN_POINT('',(-408.490762314978,57.8031991625211,20.211924595951));
#17566=CARTESIAN_POINT('',(-408.490762314978,57.8162725239333,20.0624953912372));
#17567=CARTESIAN_POINT('',(-394.491462314978,57.8031991625211,20.211924595951));
#17568=CARTESIAN_POINT('Origin',(-408.490762314978,57.8162725239333,20.0624953912372));
#17569=CARTESIAN_POINT('',(-408.490762314978,71.7493272189866,21.4320527009726));
#17570=CARTESIAN_POINT('',(-408.490762314978,71.7624005803987,21.2826234962588));
#17571=CARTESIAN_POINT('',(-408.490762314978,57.8031991625211,20.211924595951));
#17572=CARTESIAN_POINT('Origin',(-408.490762314978,71.7624005803987,21.2826234962588));
#17573=CARTESIAN_POINT('',(-408.490762314978,71.7493272189866,21.4320527009726));
#17574=CARTESIAN_POINT('Origin',(-196.560962314978,86.057396020136,22.5332735423906));
#17575=CARTESIAN_POINT('',(-196.560962314978,90.7269358371042,23.0923783158897));
#17576=CARTESIAN_POINT('',(-196.560962314978,90.7400091985163,22.942949111176));
#17577=CARTESIAN_POINT('',(-196.560962314978,86.0443226587239,22.6827027471044));
#17578=CARTESIAN_POINT('',(-196.560962314978,90.7269358371042,23.0923783158897));
#17579=CARTESIAN_POINT('',(-196.560962314978,86.057396020136,22.5332735423906));
#17580=CARTESIAN_POINT('Origin',(-196.560962314978,90.7400091985163,22.942949111176));
#17581=CARTESIAN_POINT('',(-182.559962314978,90.7269358371042,23.0923783158897));
#17582=CARTESIAN_POINT('',(-182.559962314978,90.7400091985163,22.942949111176));
#17583=CARTESIAN_POINT('',(-182.559962314978,90.7269358371042,23.0923783158897));
#17584=CARTESIAN_POINT('Origin',(-182.559962314978,90.7400091985163,22.942949111176));
#17585=CARTESIAN_POINT('',(-182.559962314978,86.0443226587239,22.6827027471044));
#17586=CARTESIAN_POINT('',(-182.559962314978,86.057396020136,22.5332735423906));
#17587=CARTESIAN_POINT('',(-182.559962314978,86.0443226587239,22.6827027471044));
#17588=CARTESIAN_POINT('Origin',(-182.559962314978,86.057396020136,22.5332735423906));
#17589=CARTESIAN_POINT('',(-181.035962314978,86.0443226587239,22.6827027471044));
#17590=CARTESIAN_POINT('',(-181.035962314978,86.057396020136,22.5332735423906));
#17591=CARTESIAN_POINT('',(-181.035962314978,86.0443226587239,22.6827027471044));
#17592=CARTESIAN_POINT('Origin',(-181.035962314978,86.057396020136,22.5332735423906));
#17593=CARTESIAN_POINT('',(-181.035962314978,89.26213115303,22.9642245117536));
#17594=CARTESIAN_POINT('',(-181.035962314978,89.2752045144422,22.8147953070398));
#17595=CARTESIAN_POINT('',(-181.035962314978,89.26213115303,22.9642245117536));
#17596=CARTESIAN_POINT('Origin',(-181.035962314978,89.2752045144422,22.8147953070398));
#17597=CARTESIAN_POINT('',(-179.310962314978,89.26213115303,22.9642245117536));
#17598=CARTESIAN_POINT('',(-179.310962314978,89.2752045144422,22.8147953070398));
#17599=CARTESIAN_POINT('',(-179.310962314978,89.26213115303,22.9642245117536));
#17600=CARTESIAN_POINT('Origin',(-179.310962314978,89.2752045144422,22.8147953070398));
#17601=CARTESIAN_POINT('',(-179.310962314978,90.1793276115631,23.0444688041013));
#17602=CARTESIAN_POINT('',(-179.310962314978,90.1924009729753,22.8950395993876));
#17603=CARTESIAN_POINT('',(-179.310962314978,90.1793276115631,23.0444688041013));
#17604=CARTESIAN_POINT('Origin',(-179.310962314978,90.1924009729753,22.8950395993876));
#17605=CARTESIAN_POINT('',(-176.009962314978,90.1793276115631,23.0444688041013));
#17606=CARTESIAN_POINT('',(-176.009962314978,90.1924009729753,22.8950395993876));
#17607=CARTESIAN_POINT('',(-176.009962314978,90.1793276115631,23.0444688041013));
#17608=CARTESIAN_POINT('Origin',(-176.009962314978,90.1924009729753,22.8950395993876));
#17609=CARTESIAN_POINT('',(-176.009962314978,89.26213115303,22.9642245117536));
#17610=CARTESIAN_POINT('',(-176.009962314978,89.2752045144422,22.8147953070398));
#17611=CARTESIAN_POINT('',(-176.009962314978,89.26213115303,22.9642245117536));
#17612=CARTESIAN_POINT('Origin',(-176.009962314978,89.2752045144422,22.8147953070398));
#17613=CARTESIAN_POINT('',(-174.284962314978,89.26213115303,22.9642245117536));
#17614=CARTESIAN_POINT('',(-174.284962314978,89.2752045144422,22.8147953070398));
#17615=CARTESIAN_POINT('',(-174.284962314978,89.26213115303,22.9642245117536));
#17616=CARTESIAN_POINT('Origin',(-174.284962314978,89.2752045144422,22.8147953070398));
#17617=CARTESIAN_POINT('',(-174.284962314978,86.0443226587239,22.6827027471044));
#17618=CARTESIAN_POINT('',(-174.284962314978,86.057396020136,22.5332735423906));
#17619=CARTESIAN_POINT('',(-174.284962314978,86.0443226587239,22.6827027471044));
#17620=CARTESIAN_POINT('Origin',(-174.284962314978,86.057396020136,22.5332735423906));
#17621=CARTESIAN_POINT('',(-173.460962314978,86.0443226587239,22.6827027471044));
#17622=CARTESIAN_POINT('',(-173.460962314978,86.057396020136,22.5332735423906));
#17623=CARTESIAN_POINT('',(-173.460962314978,86.0443226587239,22.6827027471044));
#17624=CARTESIAN_POINT('Origin',(-173.460962314978,86.057396020136,22.5332735423906));
#17625=CARTESIAN_POINT('',(-173.460962314978,83.256073318235,22.4387625387279));
#17626=CARTESIAN_POINT('',(-173.460962314978,83.2691466796472,22.2893333340142));
#17627=CARTESIAN_POINT('',(-173.460962314978,83.256073318235,22.4387625387279));
#17628=CARTESIAN_POINT('Origin',(-173.460962314978,83.2691466796472,22.2893333340142));
#17629=CARTESIAN_POINT('',(-174.284962314978,83.256073318235,22.4387625387279));
#17630=CARTESIAN_POINT('',(-174.284962314978,83.2691466796472,22.2893333340142));
#17631=CARTESIAN_POINT('',(-174.284962314978,83.256073318235,22.4387625387279));
#17632=CARTESIAN_POINT('Origin',(-174.284962314978,83.2691466796472,22.2893333340142));
#17633=CARTESIAN_POINT('',(-174.284962314978,77.0100321806695,21.8923047472744));
#17634=CARTESIAN_POINT('',(-174.284962314978,77.0231055420816,21.7428755425606));
#17635=CARTESIAN_POINT('',(-174.284962314978,77.0100321806695,21.8923047472744));
#17636=CARTESIAN_POINT('Origin',(-174.284962314978,77.0231055420816,21.7428755425606));
#17637=CARTESIAN_POINT('',(-176.009962314978,77.0100321806695,21.8923047472744));
#17638=CARTESIAN_POINT('',(-176.009962314978,77.0231055420816,21.7428755425606));
#17639=CARTESIAN_POINT('',(-176.009962314978,77.0100321806695,21.8923047472744));
#17640=CARTESIAN_POINT('Origin',(-176.009962314978,77.0231055420816,21.7428755425606));
#17641=CARTESIAN_POINT('',(-176.009962314978,76.0326655623717,21.8067962480647));
#17642=CARTESIAN_POINT('',(-176.009962314978,76.0457389237839,21.6573670433509));
#17643=CARTESIAN_POINT('',(-176.009962314978,76.0326655623717,21.8067962480647));
#17644=CARTESIAN_POINT('Origin',(-176.009962314978,76.0457389237839,21.6573670433509));
#17645=CARTESIAN_POINT('',(-179.310962314978,76.0326655623717,21.8067962480647));
#17646=CARTESIAN_POINT('',(-179.310962314978,76.0457389237839,21.6573670433509));
#17647=CARTESIAN_POINT('',(-179.310962314978,76.0326655623717,21.8067962480647));
#17648=CARTESIAN_POINT('Origin',(-179.310962314978,76.0457389237839,21.6573670433509));
#17649=CARTESIAN_POINT('',(-179.310962314978,77.0100321806695,21.8923047472744));
#17650=CARTESIAN_POINT('',(-179.310962314978,77.0231055420816,21.7428755425606));
#17651=CARTESIAN_POINT('',(-179.310962314978,77.0100321806695,21.8923047472744));
#17652=CARTESIAN_POINT('Origin',(-179.310962314978,77.0231055420816,21.7428755425606));
#17653=CARTESIAN_POINT('',(-181.035962314978,77.0100321806695,21.8923047472744));
#17654=CARTESIAN_POINT('',(-181.035962314978,77.0231055420816,21.7428755425606));
#17655=CARTESIAN_POINT('',(-181.035962314978,77.0100321806695,21.8923047472744));
#17656=CARTESIAN_POINT('Origin',(-181.035962314978,77.0231055420816,21.7428755425606));
#17657=CARTESIAN_POINT('',(-181.035962314978,81.4620262864415,22.2818037616137));
#17658=CARTESIAN_POINT('',(-181.035962314978,81.4750996478536,22.1323745568999));
#17659=CARTESIAN_POINT('',(-181.035962314978,81.4620262864415,22.2818037616137));
#17660=CARTESIAN_POINT('Origin',(-181.035962314978,81.4750996478536,22.1323745568999));
#17661=CARTESIAN_POINT('',(-182.559962314978,81.4620262864415,22.2818037616137));
#17662=CARTESIAN_POINT('',(-182.559962314978,81.4750996478536,22.1323745568999));
#17663=CARTESIAN_POINT('',(-182.559962314978,81.4620262864415,22.2818037616137));
#17664=CARTESIAN_POINT('Origin',(-182.559962314978,81.4750996478536,22.1323745568999));
#17665=CARTESIAN_POINT('',(-182.559962314978,76.7809074001084,21.8722589264424));
#17666=CARTESIAN_POINT('',(-182.559962314978,76.7939807615206,21.7228297217287));
#17667=CARTESIAN_POINT('',(-182.559962314978,76.7809074001084,21.8722589264424));
#17668=CARTESIAN_POINT('Origin',(-182.559962314978,76.7939807615206,21.7228297217287));
#17669=CARTESIAN_POINT('',(-196.560962314978,76.7809074001084,21.8722589264424));
#17670=CARTESIAN_POINT('',(-196.560962314978,76.7939807615206,21.7228297217287));
#17671=CARTESIAN_POINT('',(-196.560962314978,76.7809074001084,21.8722589264424));
#17672=CARTESIAN_POINT('Origin',(-196.560962314978,76.7939807615206,21.7228297217287));
#17673=CARTESIAN_POINT('',(-196.560962314978,81.4620262864415,22.2818037616137));
#17674=CARTESIAN_POINT('',(-196.560962314978,81.4750996478536,22.1323745568999));
#17675=CARTESIAN_POINT('',(-196.560962314978,81.4620262864415,22.2818037616137));
#17676=CARTESIAN_POINT('Origin',(-196.560962314978,81.4750996478536,22.1323745568999));
#17677=CARTESIAN_POINT('',(-198.084962314978,81.4620262864415,22.2818037616137));
#17678=CARTESIAN_POINT('',(-198.084962314978,81.4750996478536,22.1323745568999));
#17679=CARTESIAN_POINT('',(-198.084962314978,81.4620262864415,22.2818037616137));
#17680=CARTESIAN_POINT('Origin',(-198.084962314978,81.4750996478536,22.1323745568999));
#17681=CARTESIAN_POINT('',(-198.084962314978,77.0100321806695,21.8923047472744));
#17682=CARTESIAN_POINT('',(-198.084962314978,77.0231055420816,21.7428755425606));
#17683=CARTESIAN_POINT('',(-198.084962314978,77.0100321806695,21.8923047472744));
#17684=CARTESIAN_POINT('Origin',(-198.084962314978,77.0231055420816,21.7428755425606));
#17685=CARTESIAN_POINT('',(-199.811962314978,77.0100321806695,21.8923047472744));
#17686=CARTESIAN_POINT('',(-199.811962314978,77.0231055420816,21.7428755425606));
#17687=CARTESIAN_POINT('',(-199.811962314978,77.0100321806695,21.8923047472744));
#17688=CARTESIAN_POINT('Origin',(-199.811962314978,77.0231055420816,21.7428755425606));
#17689=CARTESIAN_POINT('',(-199.811962314978,76.0326655623717,21.8067962480647));
#17690=CARTESIAN_POINT('',(-199.811962314978,76.0457389237839,21.6573670433509));
#17691=CARTESIAN_POINT('',(-199.811962314978,76.0326655623717,21.8067962480647));
#17692=CARTESIAN_POINT('Origin',(-199.811962314978,76.0457389237839,21.6573670433509));
#17693=CARTESIAN_POINT('',(-203.110962314978,76.0326655623717,21.8067962480647));
#17694=CARTESIAN_POINT('',(-203.110962314978,76.0457389237839,21.6573670433509));
#17695=CARTESIAN_POINT('',(-203.110962314978,76.0326655623717,21.8067962480647));
#17696=CARTESIAN_POINT('Origin',(-203.110962314978,76.0457389237839,21.6573670433509));
#17697=CARTESIAN_POINT('',(-203.110962314978,77.0100321806695,21.8923047472744));
#17698=CARTESIAN_POINT('',(-203.110962314978,77.0231055420816,21.7428755425606));
#17699=CARTESIAN_POINT('',(-203.110962314978,77.0100321806695,21.8923047472744));
#17700=CARTESIAN_POINT('Origin',(-203.110962314978,77.0231055420816,21.7428755425606));
#17701=CARTESIAN_POINT('',(-204.835962314978,77.0100321806695,21.8923047472744));
#17702=CARTESIAN_POINT('',(-204.835962314978,77.0231055420816,21.7428755425606));
#17703=CARTESIAN_POINT('',(-204.835962314978,77.0100321806695,21.8923047472744));
#17704=CARTESIAN_POINT('Origin',(-204.835962314978,77.0231055420816,21.7428755425606));
#17705=CARTESIAN_POINT('',(-204.835962314978,83.256073318235,22.4387625387279));
#17706=CARTESIAN_POINT('',(-204.835962314978,83.2691466796472,22.2893333340142));
#17707=CARTESIAN_POINT('',(-204.835962314978,83.256073318235,22.4387625387279));
#17708=CARTESIAN_POINT('Origin',(-204.835962314978,83.2691466796472,22.2893333340142));
#17709=CARTESIAN_POINT('',(-205.659962314978,83.256073318235,22.4387625387279));
#17710=CARTESIAN_POINT('',(-205.659962314978,83.2691466796472,22.2893333340142));
#17711=CARTESIAN_POINT('',(-205.659962314978,83.256073318235,22.4387625387279));
#17712=CARTESIAN_POINT('Origin',(-205.659962314978,83.2691466796472,22.2893333340142));
#17713=CARTESIAN_POINT('',(-205.659962314978,86.0443226587239,22.6827027471044));
#17714=CARTESIAN_POINT('',(-205.659962314978,86.057396020136,22.5332735423906));
#17715=CARTESIAN_POINT('',(-205.659962314978,86.0443226587239,22.6827027471044));
#17716=CARTESIAN_POINT('Origin',(-205.659962314978,86.057396020136,22.5332735423906));
#17717=CARTESIAN_POINT('',(-204.835962314978,86.0443226587239,22.6827027471044));
#17718=CARTESIAN_POINT('',(-204.835962314978,86.057396020136,22.5332735423906));
#17719=CARTESIAN_POINT('',(-204.835962314978,86.0443226587239,22.6827027471044));
#17720=CARTESIAN_POINT('Origin',(-204.835962314978,86.057396020136,22.5332735423906));
#17721=CARTESIAN_POINT('',(-204.835962314978,89.26213115303,22.9642245117536));
#17722=CARTESIAN_POINT('',(-204.835962314978,89.2752045144422,22.8147953070398));
#17723=CARTESIAN_POINT('',(-204.835962314978,89.26213115303,22.9642245117536));
#17724=CARTESIAN_POINT('Origin',(-204.835962314978,89.2752045144422,22.8147953070398));
#17725=CARTESIAN_POINT('',(-203.110962314978,89.26213115303,22.9642245117536));
#17726=CARTESIAN_POINT('',(-203.110962314978,89.2752045144422,22.8147953070398));
#17727=CARTESIAN_POINT('',(-203.110962314978,89.26213115303,22.9642245117536));
#17728=CARTESIAN_POINT('Origin',(-203.110962314978,89.2752045144422,22.8147953070398));
#17729=CARTESIAN_POINT('',(-203.110962314978,90.1793276115631,23.0444688041013));
#17730=CARTESIAN_POINT('',(-203.110962314978,90.1924009729753,22.8950395993876));
#17731=CARTESIAN_POINT('',(-203.110962314978,90.1793276115631,23.0444688041013));
#17732=CARTESIAN_POINT('Origin',(-203.110962314978,90.1924009729753,22.8950395993876));
#17733=CARTESIAN_POINT('',(-199.811962314978,90.1793276115631,23.0444688041013));
#17734=CARTESIAN_POINT('',(-199.811962314978,90.1924009729753,22.8950395993876));
#17735=CARTESIAN_POINT('',(-199.811962314978,90.1793276115631,23.0444688041013));
#17736=CARTESIAN_POINT('Origin',(-199.811962314978,90.1924009729753,22.8950395993876));
#17737=CARTESIAN_POINT('',(-199.811962314978,89.26213115303,22.9642245117536));
#17738=CARTESIAN_POINT('',(-199.811962314978,89.2752045144422,22.8147953070398));
#17739=CARTESIAN_POINT('',(-199.811962314978,89.26213115303,22.9642245117536));
#17740=CARTESIAN_POINT('Origin',(-199.811962314978,89.2752045144422,22.8147953070398));
#17741=CARTESIAN_POINT('',(-198.084962314978,89.26213115303,22.9642245117536));
#17742=CARTESIAN_POINT('',(-198.084962314978,89.2752045144422,22.8147953070398));
#17743=CARTESIAN_POINT('',(-198.084962314978,89.26213115303,22.9642245117536));
#17744=CARTESIAN_POINT('Origin',(-198.084962314978,89.2752045144422,22.8147953070398));
#17745=CARTESIAN_POINT('',(-198.084962314978,86.0443226587239,22.6827027471044));
#17746=CARTESIAN_POINT('',(-198.084962314978,86.057396020136,22.5332735423906));
#17747=CARTESIAN_POINT('',(-198.084962314978,86.0443226587239,22.6827027471044));
#17748=CARTESIAN_POINT('Origin',(-198.084962314978,86.057396020136,22.5332735423906));
#17749=CARTESIAN_POINT('',(-196.560962314978,86.0443226587239,22.6827027471044));
#17750=CARTESIAN_POINT('Origin',(-175.415962314978,95.7714897601683,23.3831466210716));
#17751=CARTESIAN_POINT('',(-189.415962314978,95.7584163987562,23.5325758257853));
#17752=CARTESIAN_POINT('',(-189.415962314978,95.7714897601683,23.3831466210716));
#17753=CARTESIAN_POINT('',(-175.415962314978,95.7584163987562,23.5325758257853));
#17754=CARTESIAN_POINT('',(-175.415962314978,95.7584163987562,23.5325758257853));
#17755=CARTESIAN_POINT('',(-175.415962314978,95.7714897601683,23.3831466210716));
#17756=CARTESIAN_POINT('Origin',(-189.415962314978,95.7714897601683,23.3831466210716));
#17757=CARTESIAN_POINT('',(-189.415962314978,109.704444835752,24.7526952152326));
#17758=CARTESIAN_POINT('',(-189.415962314978,109.717518197164,24.6032660105189));
#17759=CARTESIAN_POINT('',(-189.415962314978,95.7584163987562,23.5325758257853));
#17760=CARTESIAN_POINT('Origin',(-189.415962314978,109.717518197164,24.6032660105189));
#17761=CARTESIAN_POINT('',(-175.415962314978,109.704444835752,24.7526952152326));
#17762=CARTESIAN_POINT('',(-175.415962314978,109.717518197164,24.6032660105189));
#17763=CARTESIAN_POINT('',(-189.415962314978,109.704444835752,24.7526952152326));
#17764=CARTESIAN_POINT('Origin',(-175.415962314978,109.717518197164,24.6032660105189));
#17765=CARTESIAN_POINT('',(-175.415962314978,109.704444835752,24.7526952152326));
#17766=CARTESIAN_POINT('Origin',(-313.528962314978,95.7714897601683,23.3831466210716));
#17767=CARTESIAN_POINT('',(-327.527962314978,95.7584163987562,23.5325758257853));
#17768=CARTESIAN_POINT('',(-327.527962314978,95.7714897601683,23.3831466210716));
#17769=CARTESIAN_POINT('',(-313.528962314978,95.7584163987562,23.5325758257853));
#17770=CARTESIAN_POINT('',(-313.528962314978,95.7584163987562,23.5325758257853));
#17771=CARTESIAN_POINT('',(-313.528962314978,95.7714897601683,23.3831466210716));
#17772=CARTESIAN_POINT('Origin',(-327.527962314978,95.7714897601683,23.3831466210716));
#17773=CARTESIAN_POINT('',(-327.527962314978,109.704444835752,24.7526952152326));
#17774=CARTESIAN_POINT('',(-327.527962314978,109.717518197164,24.6032660105189));
#17775=CARTESIAN_POINT('',(-327.527962314978,95.7584163987562,23.5325758257853));
#17776=CARTESIAN_POINT('Origin',(-327.527962314978,109.717518197164,24.6032660105189));
#17777=CARTESIAN_POINT('',(-313.528962314978,109.704444835752,24.7526952152326));
#17778=CARTESIAN_POINT('',(-313.528962314978,109.717518197164,24.6032660105189));
#17779=CARTESIAN_POINT('',(-327.527962314978,109.704444835752,24.7526952152326));
#17780=CARTESIAN_POINT('Origin',(-313.528962314978,109.717518197164,24.6032660105189));
#17781=CARTESIAN_POINT('',(-313.528962314978,109.704444835752,24.7526952152326));
#17782=CARTESIAN_POINT('Origin',(-218.278962314978,95.7714897601683,23.3831466210716));
#17783=CARTESIAN_POINT('',(-232.277962314978,95.7584163987562,23.5325758257853));
#17784=CARTESIAN_POINT('',(-232.277962314978,95.7714897601683,23.3831466210716));
#17785=CARTESIAN_POINT('',(-218.278962314978,95.7584163987562,23.5325758257853));
#17786=CARTESIAN_POINT('',(-218.278962314978,95.7584163987562,23.5325758257853));
#17787=CARTESIAN_POINT('',(-218.278962314978,95.7714897601683,23.3831466210716));
#17788=CARTESIAN_POINT('Origin',(-232.277962314978,95.7714897601683,23.3831466210716));
#17789=CARTESIAN_POINT('',(-232.277962314978,109.704444835752,24.7526952152326));
#17790=CARTESIAN_POINT('',(-232.277962314978,109.717518197164,24.6032660105189));
#17791=CARTESIAN_POINT('',(-232.277962314978,95.7584163987562,23.5325758257853));
#17792=CARTESIAN_POINT('Origin',(-232.277962314978,109.717518197164,24.6032660105189));
#17793=CARTESIAN_POINT('',(-218.278962314978,109.704444835752,24.7526952152326));
#17794=CARTESIAN_POINT('',(-218.278962314978,109.717518197164,24.6032660105189));
#17795=CARTESIAN_POINT('',(-232.277962314978,109.704444835752,24.7526952152326));
#17796=CARTESIAN_POINT('Origin',(-218.278962314978,109.717518197164,24.6032660105189));
#17797=CARTESIAN_POINT('',(-218.278962314978,109.704444835752,24.7526952152326));
#17798=CARTESIAN_POINT('Origin',(-448.972052314978,38.8388033730733,18.4021819781241));
#17799=CARTESIAN_POINT('',(-448.972052314978,52.7719178398086,19.7717445172039));
#17800=CARTESIAN_POINT('',(-448.972052314978,52.7849912012208,19.6223153124902));
#17801=CARTESIAN_POINT('',(-448.972052314978,38.8257300116611,18.5516111828378));
#17802=CARTESIAN_POINT('',(-448.972052314978,38.8257300116611,18.5516111828378));
#17803=CARTESIAN_POINT('',(-448.972052314978,38.8388033730733,18.4021819781241));
#17804=CARTESIAN_POINT('Origin',(-448.972052314978,52.7849912012208,19.6223153124902));
#17805=CARTESIAN_POINT('',(-434.972562314978,52.7719178398086,19.7717445172039));
#17806=CARTESIAN_POINT('',(-434.972562314978,52.7849912012208,19.6223153124902));
#17807=CARTESIAN_POINT('',(-448.972052314978,52.7719178398086,19.7717445172039));
#17808=CARTESIAN_POINT('Origin',(-434.972562314978,52.7849912012208,19.6223153124902));
#17809=CARTESIAN_POINT('',(-434.972562314978,38.8257300116611,18.5516111828378));
#17810=CARTESIAN_POINT('',(-434.972562314978,38.8388033730733,18.4021819781241));
#17811=CARTESIAN_POINT('',(-434.972562314978,52.7719178398086,19.7717445172039));
#17812=CARTESIAN_POINT('Origin',(-434.972562314978,38.8388033730733,18.4021819781241));
#17813=CARTESIAN_POINT('',(-434.972562314978,38.8257300116611,18.5516111828378));
#17814=CARTESIAN_POINT('Origin',(-389.440762314978,71.7624005803987,21.2826234962588));
#17815=CARTESIAN_POINT('',(-375.441462314978,71.7493272189866,21.4320527009726));
#17816=CARTESIAN_POINT('',(-375.441462314978,71.7624005803987,21.2826234962588));
#17817=CARTESIAN_POINT('',(-389.440762314978,71.7493272189866,21.4320527009726));
#17818=CARTESIAN_POINT('',(-389.440762314978,71.7493272189866,21.4320527009726));
#17819=CARTESIAN_POINT('',(-389.440762314978,71.7624005803987,21.2826234962588));
#17820=CARTESIAN_POINT('Origin',(-375.441462314978,71.7624005803987,21.2826234962588));
#17821=CARTESIAN_POINT('',(-375.441462314978,57.8031991625211,20.211924595951));
#17822=CARTESIAN_POINT('',(-375.441462314978,57.8162725239333,20.0624953912372));
#17823=CARTESIAN_POINT('',(-375.441462314978,71.7493272189866,21.4320527009726));
#17824=CARTESIAN_POINT('Origin',(-375.441462314978,57.8162725239333,20.0624953912372));
#17825=CARTESIAN_POINT('',(-389.440762314978,57.8031991625211,20.211924595951));
#17826=CARTESIAN_POINT('',(-389.440762314978,57.8162725239333,20.0624953912372));
#17827=CARTESIAN_POINT('',(-375.441462314978,57.8031991625211,20.211924595951));
#17828=CARTESIAN_POINT('Origin',(-389.440762314978,57.8162725239333,20.0624953912372));
#17829=CARTESIAN_POINT('',(-389.440762314978,57.8031991625211,20.211924595951));
#17830=CARTESIAN_POINT('Origin',(-304.003962314978,128.695027195812,26.2635829098617));
#17831=CARTESIAN_POINT('',(-304.003962314978,114.735925397404,25.1928927251282));
#17832=CARTESIAN_POINT('',(-304.003962314978,114.748998758816,25.0434635204145));
#17833=CARTESIAN_POINT('',(-304.003962314978,128.6819538344,26.4130121145755));
#17834=CARTESIAN_POINT('',(-304.003962314978,128.6819538344,26.4130121145755));
#17835=CARTESIAN_POINT('',(-304.003962314978,128.695027195812,26.2635829098617));
#17836=CARTESIAN_POINT('Origin',(-304.003962314978,114.748998758816,25.0434635204145));
#17837=CARTESIAN_POINT('',(-318.002962314978,114.735925397404,25.1928927251282));
#17838=CARTESIAN_POINT('',(-318.002962314978,114.748998758816,25.0434635204145));
#17839=CARTESIAN_POINT('',(-304.003962314978,114.735925397404,25.1928927251282));
#17840=CARTESIAN_POINT('Origin',(-318.002962314978,114.748998758816,25.0434635204145));
#17841=CARTESIAN_POINT('',(-318.002962314978,128.6819538344,26.4130121145755));
#17842=CARTESIAN_POINT('',(-318.002962314978,128.695027195812,26.2635829098617));
#17843=CARTESIAN_POINT('',(-318.002962314978,114.735925397404,25.1928927251282));
#17844=CARTESIAN_POINT('Origin',(-318.002962314978,128.695027195812,26.2635829098617));
#17845=CARTESIAN_POINT('',(-318.002962314978,128.6819538344,26.4130121145755));
#17846=CARTESIAN_POINT('Origin',(-370.390762314978,71.7624005803987,21.2826234962588));
#17847=CARTESIAN_POINT('',(-356.391462314978,71.7493272189866,21.4320527009726));
#17848=CARTESIAN_POINT('',(-356.391462314978,71.7624005803987,21.2826234962588));
#17849=CARTESIAN_POINT('',(-370.390762314978,71.7493272189866,21.4320527009726));
#17850=CARTESIAN_POINT('',(-370.390762314978,71.7493272189866,21.4320527009726));
#17851=CARTESIAN_POINT('',(-370.390762314978,71.7624005803987,21.2826234962588));
#17852=CARTESIAN_POINT('Origin',(-356.391462314978,71.7624005803987,21.2826234962588));
#17853=CARTESIAN_POINT('',(-356.391462314978,57.8031991625211,20.211924595951));
#17854=CARTESIAN_POINT('',(-356.391462314978,57.8162725239333,20.0624953912372));
#17855=CARTESIAN_POINT('',(-356.391462314978,71.7493272189866,21.4320527009726));
#17856=CARTESIAN_POINT('Origin',(-356.391462314978,57.8162725239333,20.0624953912372));
#17857=CARTESIAN_POINT('',(-370.390762314978,57.8031991625211,20.211924595951));
#17858=CARTESIAN_POINT('',(-370.390762314978,57.8162725239333,20.0624953912372));
#17859=CARTESIAN_POINT('',(-356.391462314978,57.8031991625211,20.211924595951));
#17860=CARTESIAN_POINT('Origin',(-370.390762314978,57.8162725239333,20.0624953912372));
#17861=CARTESIAN_POINT('',(-370.390762314978,57.8031991625211,20.211924595951));
#17862=CARTESIAN_POINT('Origin',(-361.153962314978,114.748998758816,25.0434635204145));
#17863=CARTESIAN_POINT('',(-375.153262314978,114.735925397404,25.1928927251282));
#17864=CARTESIAN_POINT('',(-375.153262314978,114.748998758816,25.0434635204145));
#17865=CARTESIAN_POINT('',(-361.153962314978,114.735925397404,25.1928927251282));
#17866=CARTESIAN_POINT('',(-361.153962314978,114.735925397404,25.1928927251282));
#17867=CARTESIAN_POINT('',(-361.153962314978,114.748998758816,25.0434635204145));
#17868=CARTESIAN_POINT('Origin',(-375.153262314978,114.748998758816,25.0434635204145));
#17869=CARTESIAN_POINT('',(-375.153262314978,128.6819538344,26.4130121145755));
#17870=CARTESIAN_POINT('',(-375.153262314978,128.695027195812,26.2635829098617));
#17871=CARTESIAN_POINT('',(-375.153262314978,114.735925397404,25.1928927251282));
#17872=CARTESIAN_POINT('Origin',(-375.153262314978,128.695027195812,26.2635829098617));
#17873=CARTESIAN_POINT('',(-361.153962314978,128.6819538344,26.4130121145755));
#17874=CARTESIAN_POINT('',(-361.153962314978,128.695027195812,26.2635829098617));
#17875=CARTESIAN_POINT('',(-375.153262314978,128.6819538344,26.4130121145755));
#17876=CARTESIAN_POINT('Origin',(-361.153962314978,128.695027195812,26.2635829098617));
#17877=CARTESIAN_POINT('',(-361.153962314978,128.6819538344,26.4130121145755));
#17878=CARTESIAN_POINT('Origin',(-401.346962314978,52.7849912012208,19.6223153124902));
#17879=CARTESIAN_POINT('',(-387.347662314978,52.7719178398086,19.7717445172039));
#17880=CARTESIAN_POINT('',(-387.347662314978,52.7849912012208,19.6223153124902));
#17881=CARTESIAN_POINT('',(-401.346962314978,52.7719178398086,19.7717445172039));
#17882=CARTESIAN_POINT('',(-401.346962314978,52.7719178398086,19.7717445172039));
#17883=CARTESIAN_POINT('',(-401.346962314978,52.7849912012208,19.6223153124902));
#17884=CARTESIAN_POINT('Origin',(-387.347662314978,52.7849912012208,19.6223153124902));
#17885=CARTESIAN_POINT('',(-387.347662314978,38.8257300116611,18.5516111828378));
#17886=CARTESIAN_POINT('',(-387.347662314978,38.8388033730733,18.4021819781241));
#17887=CARTESIAN_POINT('',(-387.347662314978,52.7719178398086,19.7717445172039));
#17888=CARTESIAN_POINT('Origin',(-387.347662314978,38.8388033730733,18.4021819781241));
#17889=CARTESIAN_POINT('',(-401.346962314978,38.8257300116611,18.5516111828378));
#17890=CARTESIAN_POINT('',(-401.346962314978,38.8388033730733,18.4021819781241));
#17891=CARTESIAN_POINT('',(-387.347662314978,38.8257300116611,18.5516111828378));
#17892=CARTESIAN_POINT('Origin',(-401.346962314978,38.8388033730733,18.4021819781241));
#17893=CARTESIAN_POINT('',(-401.346962314978,38.8257300116611,18.5516111828378));
#17894=CARTESIAN_POINT('Origin',(-460.87,85.0000012665987,13.750000204891));
#17895=CARTESIAN_POINT('',(-460.87,26.0451540495372,19.8212920780251));
#17896=CARTESIAN_POINT('',(-460.87,26.5357262551566,14.2402285638958));
#17897=CARTESIAN_POINT('',(-460.87,141.695866198234,29.9869217643249));
#17898=CARTESIAN_POINT('',(-460.87,112.899583208817,27.455745399105));
#17899=CARTESIAN_POINT('',(-460.87,142.186438403854,24.4058582501846));
#17900=CARTESIAN_POINT('',(-460.870016508683,151.920361944879,0.5587652436988));
#17901=CARTESIAN_POINT('',(-460.87,145.540622744839,22.4891187438384));
#17902=CARTESIAN_POINT('',(-460.870016508683,149.999971351672,0.00010616203853786));
#17903=CARTESIAN_POINT('',(-460.87,26.1106088121784,17.3133907901064));
#17904=CARTESIAN_POINT('Origin',(-460.87,141.780747371271,29.9943827695915));
#17905=CARTESIAN_POINT('',(-458.87,141.695866198234,29.9869217643249));
#17906=CARTESIAN_POINT('',(-360.90250412717,141.695866198234,29.9869217643249));
#17907=CARTESIAN_POINT('',(-458.87,26.0451540495372,19.8212920780251));
#17908=CARTESIAN_POINT('',(-262.934990381766,26.0451540495374,19.8212920780237));
#17909=CARTESIAN_POINT('',(-458.87,112.899583208817,27.455745399105));
#17910=CARTESIAN_POINT('Origin',(-460.87,141.695428389239,29.9919025597718));
#17911=CARTESIAN_POINT('',(-458.87,142.186438403854,24.4058582501846));
#17912=CARTESIAN_POINT('Origin',(-458.87,26.0447162405424,19.8262728734707));
#17913=CARTESIAN_POINT('',(-458.87,26.5357262551566,14.2402285638958));
#17914=CARTESIAN_POINT('Origin',(-458.87,85.0000012665987,13.750000204891));
#17915=CARTESIAN_POINT('',(-458.87,26.0574796852174,17.3321422466809));
#17916=CARTESIAN_POINT('',(-458.87,26.0485896122555,17.4337562456107));
#17917=CARTESIAN_POINT('',(-458.87,26.4389467753545,12.9719534546298));
#17918=CARTESIAN_POINT('',(-458.87,142.154889409272,27.5917412417919));
#17919=CARTESIAN_POINT('',(-458.87,55.2899041617478,19.992039775287));
#17920=CARTESIAN_POINT('',(-458.87,142.158872248968,27.5462171757466));
#17921=CARTESIAN_POINT('',(-458.87,142.545246572371,23.1299384508111));
#17922=CARTESIAN_POINT('',(-458.87,143.920392709172,28.0586594914422));
#17923=CARTESIAN_POINT('',(-458.87,113.879763964542,19.3195674930044));
#17924=CARTESIAN_POINT('',(-458.87,145.540622744839,22.4891187438384));
#17925=CARTESIAN_POINT('',(-458.87,52.8529169029776,7.87492911100096));
#17926=CARTESIAN_POINT('Origin',(-458.87,85.0000012665987,13.750000204891));
#17927=CARTESIAN_POINT('',(-458.87,150.000002235174,0.));
#17928=CARTESIAN_POINT('Origin',(-64.9999807635322,26.1106088121784,17.3133907901064));
#17929=CARTESIAN_POINT('',(-165.75,26.0574796852173,17.332142246681));
#17930=CARTESIAN_POINT('',(-165.75,52.6644007738691,7.94146421539221));
#17931=CARTESIAN_POINT('',(-259.438929239255,26.0574796852173,17.332142246681));
#17932=CARTESIAN_POINT('Origin',(-453.877877714978,26.0616629736675,17.284327040897));
#17933=CARTESIAN_POINT('',(-165.75,26.0485896122555,17.4337562456107));
#17934=CARTESIAN_POINT('',(-165.75,26.384759151574,13.5913208286032));
#17935=CARTESIAN_POINT('',(-72.8779623149779,26.0485896122555,17.4337562456107));
#17936=CARTESIAN_POINT('Origin',(-262.935008254341,145.99998673382,13.7500532859107));
#17937=CARTESIAN_POINT('',(-165.75,149.999971351672,0.00010616203853786));
#17938=CARTESIAN_POINT('',(-165.75,143.453305358828,22.504270512443));
#17939=CARTESIAN_POINT('',(-460.870016508683,149.999971351672,0.00010616203853786));
#17940=CARTESIAN_POINT('Origin',(-64.9999999999999,149.999971351672,0.00010616203853786));
#17941=CARTESIAN_POINT('',(-165.75,151.920361944879,0.5587652436988));
#17942=CARTESIAN_POINT('',(-165.75,122.055197999646,-8.12928244946005));
#17943=CARTESIAN_POINT('',(-460.870016508683,151.920361944879,0.5587652436988));
#17944=CARTESIAN_POINT('Origin',(-262.935008254341,147.920377327024,14.30871236757));
#17945=CARTESIAN_POINT('',(-165.75,143.920392709172,28.0586594914422));
#17946=CARTESIAN_POINT('',(-165.75,145.373695952032,23.0629295941023));
#17947=CARTESIAN_POINT('',(-64.9999999999999,143.920392709172,28.0586594914422));
#17948=CARTESIAN_POINT('Origin',(-460.870016508683,142.000002115965,27.5000004097819));
#17949=CARTESIAN_POINT('',(-165.75,142.158872248968,27.5462171757466));
#17950=CARTESIAN_POINT('',(-165.75,114.055228763939,19.3706117982833));
#17951=CARTESIAN_POINT('',(-266.873989411831,142.158872248968,27.5462171757466));
#17952=CARTESIAN_POINT('Origin',(-72.8779623149779,142.167962770684,27.4423120370782));
#17953=CARTESIAN_POINT('',(-165.75,142.154889409272,27.5917412417919));
#17954=CARTESIAN_POINT('',(-165.75,142.49105894859,23.7493058247845));
#17955=CARTESIAN_POINT('',(-453.877877714978,142.154889409272,27.5917412417919));
#17956=CARTESIAN_POINT('Origin',(-263.377920014978,83.7530713664315,22.4822442337396));
#17957=CARTESIAN_POINT('',(-165.75,84.0554414644947,22.5086981895094));
#17958=CARTESIAN_POINT('Origin',(-165.75,85.0170772797832,14.9997105159781));
#17959=CARTESIAN_POINT('Origin',(388.917226376007,168.853199725765,0.340336515553981));
#17960=CARTESIAN_POINT('',(381.485912894166,168.848262810331,10.3914834929628));
#17961=CARTESIAN_POINT('Origin',(388.985736547007,168.85051313968,10.3401014697279));
#17962=CARTESIAN_POINT('',(381.417402723167,168.850949396417,0.391718538788934));
#17963=CARTESIAN_POINT('',(381.417402723167,168.850949396417,0.391718538788936));
#17964=CARTESIAN_POINT('Origin',(388.917226376007,168.853199725765,0.340336515553981));
#17965=CARTESIAN_POINT('Origin',(388.985736547007,168.85051313968,10.3401014697279));
#17966=CARTESIAN_POINT('Origin',(388.917226376007,168.853199725765,0.340336515553981));
#17967=CARTESIAN_POINT('Origin',(404.999993063083,151.920397931146,0.));
#17968=CARTESIAN_POINT('',(404.999993063083,151.920397931146,0.));
#17969=CARTESIAN_POINT('',(9.1300280557634,151.920397931146,0.));
#17970=CARTESIAN_POINT('',(404.999993063083,151.920397931146,0.));
#17971=CARTESIAN_POINT('',(9.1300280557634,151.920397931146,2.));
#17972=CARTESIAN_POINT('',(9.1300280557634,151.920397931146,0.));
#17973=CARTESIAN_POINT('',(404.999993063083,151.920397931146,2.));
#17974=CARTESIAN_POINT('',(404.999993063083,151.920397931146,2.));
#17975=CARTESIAN_POINT('',(404.999993063083,151.920397931146,0.));
#17976=CARTESIAN_POINT('Origin',(404.999993063083,18.114179844679,0.));
#17977=CARTESIAN_POINT('',(404.999993063083,18.114179844679,0.));
#17978=CARTESIAN_POINT('',(404.999993063083,18.114179844679,0.));
#17979=CARTESIAN_POINT('',(404.999993063083,18.114179844679,2.));
#17980=CARTESIAN_POINT('',(404.999993063083,18.114179844679,2.));
#17981=CARTESIAN_POINT('',(404.999993063083,18.114179844679,0.));
#17982=CARTESIAN_POINT('Origin',(9.1300280557634,18.114179844679,0.));
#17983=CARTESIAN_POINT('',(9.1300280557634,18.114179844679,0.));
#17984=CARTESIAN_POINT('',(9.1300280557634,18.114179844679,0.));
#17985=CARTESIAN_POINT('',(9.1300280557634,18.114179844679,2.));
#17986=CARTESIAN_POINT('',(9.1300280557634,18.114179844679,2.));
#17987=CARTESIAN_POINT('',(9.1300280557634,18.114179844679,0.));
#17988=CARTESIAN_POINT('Origin',(9.1300280557634,151.920397931146,0.));
#17989=CARTESIAN_POINT('',(9.1300280557634,151.920397931146,0.));
#17990=CARTESIAN_POINT('',(9.1300280557634,151.920397931146,2.));
#17991=CARTESIAN_POINT('Origin',(207.065010559423,85.0172888879125,2.));
#17992=CARTESIAN_POINT('Origin',(207.065010559423,85.0172888879125,0.));
#17993=CARTESIAN_POINT('Origin',(-165.75,85.0170772797832,14.9997105159781));
#17994=CARTESIAN_POINT('',(-165.75,142.020536373752,27.4294138986422));
#17995=CARTESIAN_POINT('',(-165.75,149.999971351672,0.00010616203853786));
#17996=CARTESIAN_POINT('',(-165.75,143.453305358828,22.504270512443));
#17997=CARTESIAN_POINT('',(-165.75,26.1015837047183,17.2878196523036));
#17998=CARTESIAN_POINT('',(-165.75,84.0685148259069,22.3592689847957));
#17999=CARTESIAN_POINT('',(-165.75,19.9999496635241,-0.000143464414343875));
#18000=CARTESIAN_POINT('',(-165.75,27.4823862971263,21.2000936641264));
#18001=CARTESIAN_POINT('',(-165.75,18.1139689963583,0.665496771055924));
#18002=CARTESIAN_POINT('',(-165.75,46.5537416252147,-9.37207003912857));
#18003=CARTESIAN_POINT('',(-165.75,24.2246281450127,17.9790310255767));
#18004=CARTESIAN_POINT('',(-165.75,25.5964056299608,21.8657338995965));
#18005=CARTESIAN_POINT('',(-165.75,26.0574796852173,17.332142246681));
#18006=CARTESIAN_POINT('',(-165.75,52.6644007738691,7.94146421539221));
#18007=CARTESIAN_POINT('',(-165.75,26.0485896122555,17.4337562456107));
#18008=CARTESIAN_POINT('',(-165.75,26.384759151574,13.5913208286032));
#18009=CARTESIAN_POINT('',(-165.75,142.154889409272,27.5917412417919));
#18010=CARTESIAN_POINT('',(-165.75,84.0554414644947,22.5086981895094));
#18011=CARTESIAN_POINT('',(-165.75,142.158872248968,27.5462171757466));
#18012=CARTESIAN_POINT('',(-165.75,142.49105894859,23.7493058247845));
#18013=CARTESIAN_POINT('',(-165.75,143.920392709172,28.0586594914422));
#18014=CARTESIAN_POINT('',(-165.75,114.055228763939,19.3706117982833));
#18015=CARTESIAN_POINT('',(-165.75,151.920361944879,0.5587652436988));
#18016=CARTESIAN_POINT('',(-165.75,145.373695952032,23.0629295941023));
#18017=CARTESIAN_POINT('',(-165.75,122.055197999646,-8.12928244946005));
#18018=CARTESIAN_POINT('Origin',(-453.877877714978,26.0616629736675,17.284327040897));
#18019=CARTESIAN_POINT('',(-67.,26.0574796852174,17.3321422466809));
#18020=CARTESIAN_POINT('',(-259.438929239255,26.0574796852173,17.332142246681));
#18021=CARTESIAN_POINT('',(-67.,26.0485896122555,17.4337562456107));
#18022=CARTESIAN_POINT('',(-67.,26.0585206785317,17.32024363865));
#18023=CARTESIAN_POINT('',(-72.8779623149779,26.0485896122555,17.4337562456107));
#18024=CARTESIAN_POINT('Origin',(-64.9999807635322,26.1106088121784,17.3133907901064));
#18025=CARTESIAN_POINT('',(-67.,24.2246281450127,17.9790310255767));
#18026=CARTESIAN_POINT('',(-460.87,24.2246281450127,17.9790310255767));
#18027=CARTESIAN_POINT('',(-67.,76.0383018638515,-0.30814793401325));
#18028=CARTESIAN_POINT('Origin',(-262.934990381766,21.1692985706855,9.32226389831632));
#18029=CARTESIAN_POINT('',(-64.9999807635322,18.1139689963583,0.665496771055924));
#18030=CARTESIAN_POINT('',(-64.9999807635322,18.1139689963583,0.665496771055924));
#18031=CARTESIAN_POINT('',(-64.9999807635322,24.2246281450127,17.9790310255767));
#18032=CARTESIAN_POINT('',(-64.9999807635322,24.2246281450127,17.9790310255767));
#18033=CARTESIAN_POINT('',(-65.,24.2246281450127,17.9790310255767));
#18034=CARTESIAN_POINT('',(-460.87,24.2246281450127,17.9790310255767));
#18035=CARTESIAN_POINT('',(-64.9999999999999,24.1805123466451,17.8540362635353));
#18036=CARTESIAN_POINT('',(-64.9999999999999,22.6969633578491,13.6506474619465));
#18037=CARTESIAN_POINT('',(-67.,24.1805123466451,17.8540362635353));
#18038=CARTESIAN_POINT('',(-164.967495190883,24.1805123466451,17.8540362635353));
#18039=CARTESIAN_POINT('',(-67.,30.7139669580692,36.365490995904));
#18040=CARTESIAN_POINT('Origin',(-460.87,19.9999496635241,-0.000143464414343875));
#18041=CARTESIAN_POINT('',(-67.,20.0000002980232,-2.22044604925031E-15));
#18042=CARTESIAN_POINT('',(-64.9999807635322,19.9999496635241,-0.000143464414343875));
#18043=CARTESIAN_POINT('',(-64.9999999999999,20.0000002980232,-2.22044604925031E-15));
#18044=CARTESIAN_POINT('',(-67.,20.0000002980232,-2.22044604925031E-15));
#18045=CARTESIAN_POINT('',(-64.9999807635322,19.9999496635241,-0.000143464414343875));
#18046=CARTESIAN_POINT('Origin',(-262.934990381766,23.0552792378511,8.65662366284612));
#18047=CARTESIAN_POINT('',(-67.,26.1015837047181,17.2878196523035));
#18048=CARTESIAN_POINT('',(-360.902495190883,26.1015837047185,17.2878196523036));
#18049=CARTESIAN_POINT('',(-67.,26.1106088121784,17.3133907901064));
#18050=CARTESIAN_POINT('Origin',(-263.377920014978,83.7661447278436,22.3328150290259));
#18051=CARTESIAN_POINT('',(-67.,142.020536373751,27.4294138986421));
#18052=CARTESIAN_POINT('',(-263.15646413466,142.020536373753,27.4294138986422));
#18053=CARTESIAN_POINT('',(-67.,107.48244387386,24.4077223450919));
#18054=CARTESIAN_POINT('',(-67.,112.88621571704,24.8804911216507));
#18055=CARTESIAN_POINT('',(-124.999994859099,107.48244387386,24.4077223450919));
#18056=CARTESIAN_POINT('',(-72.8779623149779,107.48244387386,24.4077223450919));
#18057=CARTESIAN_POINT('',(-124.999994859099,84.5699654763273,22.4031402320251));
#18058=CARTESIAN_POINT('',(-124.999994859099,95.6242943008518,23.3702686870589));
#18059=CARTESIAN_POINT('',(-67.,84.5699654763273,22.4031402320251));
#18060=CARTESIAN_POINT('',(-72.8779623149779,84.5699654763273,22.4031402320251));
#18061=CARTESIAN_POINT('',(-67.,84.1834040446658,22.3693204889986));
#18062=CARTESIAN_POINT('',(-117.977962314978,52.7849912012208,19.6223153124902));
#18063=CARTESIAN_POINT('',(-103.978962314978,52.7849912012208,19.6223153124902));
#18064=CARTESIAN_POINT('',(-117.977962314978,52.7849912012208,19.6223153124902));
#18065=CARTESIAN_POINT('',(-117.977962314978,38.8388033730733,18.4021819781241));
#18066=CARTESIAN_POINT('',(-117.977962314978,38.8388033730733,18.4021819781241));
#18067=CARTESIAN_POINT('',(-103.978962314978,38.8388033730733,18.4021819781241));
#18068=CARTESIAN_POINT('',(-103.978962314978,38.8388033730733,18.4021819781241));
#18069=CARTESIAN_POINT('',(-103.978962314978,52.7849912012208,19.6223153124902));
#18070=CARTESIAN_POINT('',(-142.078962314978,52.7849912012208,19.6223153124902));
#18071=CARTESIAN_POINT('',(-142.078962314978,38.8388033730733,18.4021819781241));
#18072=CARTESIAN_POINT('',(-142.078962314978,52.7849912012208,19.6223153124902));
#18073=CARTESIAN_POINT('',(-156.079962314978,52.7849912012208,19.6223153124902));
#18074=CARTESIAN_POINT('',(-156.079962314978,52.7849912012208,19.6223153124902));
#18075=CARTESIAN_POINT('',(-156.079962314978,38.8388033730733,18.4021819781241));
#18076=CARTESIAN_POINT('',(-156.079962314978,38.8388033730733,18.4021819781241));
#18077=CARTESIAN_POINT('',(-142.078962314978,38.8388033730733,18.4021819781241));
#18078=CARTESIAN_POINT('',(-75.4039623149782,57.8162725239333,20.0624953912372));
#18079=CARTESIAN_POINT('',(-89.4019623149779,57.8162725239333,20.0624953912372));
#18080=CARTESIAN_POINT('',(-75.4039623149782,57.8162725239333,20.0624953912372));
#18081=CARTESIAN_POINT('',(-75.4039623149782,71.7624005803987,21.2826234962588));
#18082=CARTESIAN_POINT('',(-75.4039623149782,71.7624005803987,21.2826234962588));
#18083=CARTESIAN_POINT('',(-89.4019623149779,71.7624005803987,21.2826234962588));
#18084=CARTESIAN_POINT('',(-89.4019623149779,71.7624005803987,21.2826234962588));
#18085=CARTESIAN_POINT('',(-89.4019623149779,57.8162725239333,20.0624953912372));
#18086=CARTESIAN_POINT('',(-123.028962314978,57.8162725239333,20.0624953912372));
#18087=CARTESIAN_POINT('',(-137.027962314978,57.8162725239333,20.0624953912372));
#18088=CARTESIAN_POINT('',(-123.028962314978,57.8162725239333,20.0624953912372));
#18089=CARTESIAN_POINT('',(-123.028962314978,71.7624005803987,21.2826234962588));
#18090=CARTESIAN_POINT('',(-123.028962314978,71.7624005803987,21.2826234962588));
#18091=CARTESIAN_POINT('',(-137.027962314978,71.7624005803987,21.2826234962588));
#18092=CARTESIAN_POINT('',(-137.027962314978,71.7624005803987,21.2826234962588));
#18093=CARTESIAN_POINT('',(-137.027962314978,57.8162725239333,20.0624953912372));
#18094=CARTESIAN_POINT('',(-89.4049623149783,52.7849912012208,19.6223153124902));
#18095=CARTESIAN_POINT('',(-75.4039623149782,52.7849912012208,19.6223153124902));
#18096=CARTESIAN_POINT('',(-89.4049623149783,52.7849912012208,19.6223153124902));
#18097=CARTESIAN_POINT('',(-89.4049623149783,38.8388033730733,18.4021819781241));
#18098=CARTESIAN_POINT('',(-89.4049623149783,38.8388033730733,18.4021819781241));
#18099=CARTESIAN_POINT('',(-75.4039623149782,38.8388033730733,18.4021819781241));
#18100=CARTESIAN_POINT('',(-75.4039623149782,38.8388033730733,18.4021819781241));
#18101=CARTESIAN_POINT('',(-75.4039623149782,52.7849912012208,19.6223153124902));
#18102=CARTESIAN_POINT('',(-142.078962314978,114.748998758816,25.0434635204145));
#18103=CARTESIAN_POINT('',(-156.077962314978,114.748998758816,25.0434635204145));
#18104=CARTESIAN_POINT('',(-142.078962314978,114.748998758816,25.0434635204145));
#18105=CARTESIAN_POINT('',(-142.078962314978,128.695027195812,26.2635829098617));
#18106=CARTESIAN_POINT('',(-142.078962314978,128.695027195812,26.2635829098617));
#18107=CARTESIAN_POINT('',(-156.077962314978,128.695027195812,26.2635829098617));
#18108=CARTESIAN_POINT('',(-156.077962314978,128.695027195812,26.2635829098617));
#18109=CARTESIAN_POINT('',(-156.077962314978,114.748998758816,25.0434635204145));
#18110=CARTESIAN_POINT('',(-123.028962314978,128.695027195812,26.2635829098617));
#18111=CARTESIAN_POINT('',(-123.028962314978,114.748998758816,25.0434635204145));
#18112=CARTESIAN_POINT('',(-123.028962314978,128.695027195812,26.2635829098617));
#18113=CARTESIAN_POINT('',(-137.027962314978,128.695027195812,26.2635829098617));
#18114=CARTESIAN_POINT('',(-137.027962314978,128.695027195812,26.2635829098617));
#18115=CARTESIAN_POINT('',(-137.027962314978,114.748998758816,25.0434635204145));
#18116=CARTESIAN_POINT('',(-137.027962314978,114.748998758816,25.0434635204145));
#18117=CARTESIAN_POINT('',(-123.028962314978,114.748998758816,25.0434635204145));
#18118=CARTESIAN_POINT('',(-117.977962314978,114.748998758816,25.0434635204145));
#18119=CARTESIAN_POINT('',(-117.977962314978,128.695027195812,26.2635829098617));
#18120=CARTESIAN_POINT('',(-117.977962314978,114.748998758816,25.0434635204145));
#18121=CARTESIAN_POINT('',(-103.978962314978,114.748998758816,25.0434635204145));
#18122=CARTESIAN_POINT('',(-103.978962314978,114.748998758816,25.0434635204145));
#18123=CARTESIAN_POINT('',(-103.978962314978,128.695027195812,26.2635829098617));
#18124=CARTESIAN_POINT('',(-103.978962314978,128.695027195812,26.2635829098617));
#18125=CARTESIAN_POINT('',(-117.977962314978,128.695027195812,26.2635829098617));
#18126=CARTESIAN_POINT('',(-123.028962314978,38.8388033730733,18.4021819781241));
#18127=CARTESIAN_POINT('',(-137.029962314978,38.8388033730733,18.4021819781241));
#18128=CARTESIAN_POINT('',(-123.028962314978,38.8388033730733,18.4021819781241));
#18129=CARTESIAN_POINT('',(-123.028962314978,52.7849912012208,19.6223153124902));
#18130=CARTESIAN_POINT('',(-123.028962314978,52.7849912012208,19.6223153124902));
#18131=CARTESIAN_POINT('',(-137.029962314978,52.7849912012208,19.6223153124902));
#18132=CARTESIAN_POINT('',(-137.029962314978,52.7849912012208,19.6223153124902));
#18133=CARTESIAN_POINT('',(-137.029962314978,38.8388033730733,18.4021819781241));
#18134=CARTESIAN_POINT('Origin',(-67.,142.000002115965,27.5000004097819));
#18135=CARTESIAN_POINT('',(-67.,84.4348740750685,23.9472420140662));
#18136=CARTESIAN_POINT('',(-67.,84.4784519464423,23.4491446650203));
#18137=CARTESIAN_POINT('',(-67.,88.2367662100173,24.2798644758226));
#18138=CARTESIAN_POINT('',(-67.,118.889124496436,26.9615983362192));
#18139=CARTESIAN_POINT('',(-67.,88.5628047715287,20.5532266650313));
#18140=CARTESIAN_POINT('',(-67.,88.3274842615644,23.2429524018346));
#18141=CARTESIAN_POINT('',(-67.,103.007628020037,21.8169849459115));
#18142=CARTESIAN_POINT('',(-67.,116.874311366147,23.0301625393994));
#18143=CARTESIAN_POINT('',(-67.,102.681589458525,25.5436227567028));
#18144=CARTESIAN_POINT('',(-67.,102.772307510073,24.5067106827148));
#18145=CARTESIAN_POINT('',(-67.,107.347352472601,25.9518241271329));
#18146=CARTESIAN_POINT('',(-67.,118.889124496436,26.9615983362192));
#18147=CARTESIAN_POINT('',(-66.9999999999999,107.516342769392,24.0202561961561));
#18148=CARTESIAN_POINT('',(-67.,150.000002235174,-2.22044604925031E-15));
#18149=CARTESIAN_POINT('',(-67.,150.000002235174,-2.22044604925031E-15));
#18150=CARTESIAN_POINT('',(-67.,20.0000002980232,-2.22044604925031E-15));
#18151=CARTESIAN_POINT('Origin',(-163.96750412717,141.508851343307,27.4608439681566));
#18152=CARTESIAN_POINT('',(-67.,143.974462956213,27.8740743812512));
#18153=CARTESIAN_POINT('',(-67.,141.289946845809,29.9512416916077));
#18154=CARTESIAN_POINT('Origin',(-67.,141.508851343307,27.4608439681566));
#18155=CARTESIAN_POINT('',(-64.9999999999999,141.289946845809,29.9512416916077));
#18156=CARTESIAN_POINT('',(-163.96750412717,141.289946845809,29.9512416916086));
#18157=CARTESIAN_POINT('',(-64.9999999999999,143.974462956213,27.8740743812512));
#18158=CARTESIAN_POINT('Origin',(-64.9999999999999,141.508851343307,27.4608439681566));
#18159=CARTESIAN_POINT('',(-163.96750412717,143.974462956213,27.8740743812512));
#18160=CARTESIAN_POINT('Origin',(-64.9999999999999,26.1106088121784,17.3133907901064));
#18161=CARTESIAN_POINT('',(-64.9999999999999,26.0051845962015,19.8177787865475));
#18162=CARTESIAN_POINT('',(-64.9999999999999,141.780747371271,29.9943827695915));
#18163=CARTESIAN_POINT('Origin',(-64.9999999999999,26.1803081942002,17.8254606077852));
#18164=CARTESIAN_POINT('',(-64.9999999999999,26.1106088121784,17.3133907901064));
#18165=CARTESIAN_POINT('',(-65.,26.1106088121784,17.3133907901064));
#18166=CARTESIAN_POINT('',(-64.9999999999999,26.1106088121784,17.3133907901064));
#18167=CARTESIAN_POINT('',(-64.9999999999999,150.000002235174,-2.22044604925031E-15));
#18168=CARTESIAN_POINT('',(-64.9999999999999,20.0000002980232,-2.22044604925031E-15));
#18169=CARTESIAN_POINT('',(-64.9999999999999,151.920361944879,0.5587652436988));
#18170=CARTESIAN_POINT('',(-64.9999999999999,149.999971351672,0.00010616203853786));
#18171=CARTESIAN_POINT('',(-64.9999999999999,143.975154152861,27.870417028762));
#18172=CARTESIAN_POINT('',(-64.9999999999999,151.920361944879,0.5587652436988));
#18173=CARTESIAN_POINT('Origin',(-64.9999999999999,142.009596823996,27.5008437789837));
#18174=CARTESIAN_POINT('',(-64.9999999999999,88.1931742137254,24.7781232734206));
#18175=CARTESIAN_POINT('',(-64.9999999999999,102.637482335879,26.0477694754762));
#18176=CARTESIAN_POINT('',(-64.9999999999999,88.1931742137254,24.7781232734206));
#18177=CARTESIAN_POINT('',(-64.9999999999999,103.007628020037,21.8169849459115));
#18178=CARTESIAN_POINT('',(-64.9999999999999,102.771629431787,24.5144611529863));
#18179=CARTESIAN_POINT('',(-64.9999999999999,88.5628047715287,20.5532266650313));
#18180=CARTESIAN_POINT('',(-64.9999999999999,58.9275482365721,17.9604776775405));
#18181=CARTESIAN_POINT('',(-64.9999999999999,88.3268061832786,23.2507028721062));
#18182=CARTESIAN_POINT('Origin',(-67.,141.780747371271,29.9943827695924));
#18183=CARTESIAN_POINT('',(-67.,108.255305965408,27.0475161565822));
#18184=CARTESIAN_POINT('',(-67.,141.780747371271,29.9943827695915));
#18185=CARTESIAN_POINT('',(-66.84136765254,108.255307078702,27.0475162544401));
#18186=CARTESIAN_POINT('',(-69.9389811574889,108.255305965408,27.0475161565822));
#18187=CARTESIAN_POINT('',(-66.84136765254,83.3830059047809,24.8612555865846));
#18188=CARTESIAN_POINT('',(-66.84136765254,88.1490430670298,25.2801874544685));
#18189=CARTESIAN_POINT('',(-67.,83.3830059047809,24.8612555865844));
#18190=CARTESIAN_POINT('',(-96.4999982118606,83.3830059047809,24.8612555865846));
#18191=CARTESIAN_POINT('',(-67.,26.0051845962015,19.8177787865475));
#18192=CARTESIAN_POINT('',(-67.,141.780747371271,29.9943827695915));
#18193=CARTESIAN_POINT('',(-164.967495190883,26.0051845962016,19.8177787865468));
#18194=CARTESIAN_POINT('Origin',(-67.,108.256531830594,27.0335699293309));
#18195=CARTESIAN_POINT('',(-66.84136765254,108.256392556124,27.0351746666752));
#18196=CARTESIAN_POINT('',(-67.,108.256390788715,27.0351745120472));
#18197=CARTESIAN_POINT('',(-72.84136765254,108.256392556124,27.0351746666752));
#18198=CARTESIAN_POINT('',(-66.84136765254,108.256532943888,27.0335700271888));
#18199=CARTESIAN_POINT('',(-67.,108.256531830594,27.0335699293309));
#18200=CARTESIAN_POINT('Origin',(-72.8779623149779,108.465565225384,24.644307293852));
#18201=CARTESIAN_POINT('',(-67.,108.387126170246,25.5408826195376));
#18202=CARTESIAN_POINT('',(-66.9999999999999,108.381803704359,25.6017058601228));
#18203=CARTESIAN_POINT('',(-67.8409623149779,108.387126170246,25.5408826195376));
#18204=CARTESIAN_POINT('',(-67.8409623149779,108.387126170246,25.5408826195376));
#18205=CARTESIAN_POINT('',(-67.8409623149779,108.465565225384,24.644307293852));
#18206=CARTESIAN_POINT('',(-67.8409623149779,108.465565225384,24.644307293852));
#18207=CARTESIAN_POINT('',(-125.999994874001,108.465565225384,24.644307293852));
#18208=CARTESIAN_POINT('',(-168.127941164978,108.465565225384,24.644307293852));
#18209=CARTESIAN_POINT('',(-125.999996423721,108.256392556124,27.0351746666752));
#18210=CARTESIAN_POINT('',(-125.999994874001,108.465565225384,24.644307293852));
#18211=CARTESIAN_POINT('',(-72.84136765254,108.256392556124,27.0351746666752));
#18212=CARTESIAN_POINT('Origin',(-64.9999999999999,88.1931742137254,24.7781232734206));
#18213=CARTESIAN_POINT('',(-66.84136765254,102.637482335879,26.0477694754762));
#18214=CARTESIAN_POINT('',(-65.9999999999999,102.637482335879,26.0477694754762));
#18215=CARTESIAN_POINT('',(-66.84136765254,88.1931742137254,24.7781232734206));
#18216=CARTESIAN_POINT('',(-67.,88.1931742137254,24.7781232734206));
#18217=CARTESIAN_POINT('',(-66.84136765254,85.8099529711468,24.5686395256557));
#18218=CARTESIAN_POINT('Origin',(-66.84136765254,83.5141369482909,23.3647780346141));
#18219=CARTESIAN_POINT('',(-66.84136765254,88.1967506474429,24.7372444489723));
#18220=CARTESIAN_POINT('',(-66.84136765254,88.2603363001039,24.0104571133515));
#18221=CARTESIAN_POINT('',(-66.84136765254,102.641573895951,26.0010027298524));
#18222=CARTESIAN_POINT('',(-66.84136765254,87.3079391280304,24.6594835170124));
#18223=CARTESIAN_POINT('',(-66.84136765254,102.705159548612,25.2742153942317));
#18224=CARTESIAN_POINT('Origin',(-164.967495190883,26.1803081942002,17.8254606077852));
#18225=CARTESIAN_POINT('Origin',(-67.,26.1803081942002,17.8254606077852));
#18226=CARTESIAN_POINT('Origin',(-124.999994859099,107.556526255196,23.5609568517139));
#18227=CARTESIAN_POINT('',(-124.999994859099,84.4348740750685,23.9472420140662));
#18228=CARTESIAN_POINT('',(-124.999994859099,84.5568921149152,22.5525694367389));
#18229=CARTESIAN_POINT('',(-124.999994859099,107.347352472601,25.9518241271329));
#18230=CARTESIAN_POINT('',(-124.999994859099,107.556526255196,23.5609568517139));
#18231=CARTESIAN_POINT('',(-124.999994859099,101.627203080248,25.4513759016273));
#18232=CARTESIAN_POINT('Origin',(-123.028962314978,52.7849912012208,19.6223153124902));
#18233=CARTESIAN_POINT('',(-123.028962314978,38.8257300116611,18.5516111828378));
#18234=CARTESIAN_POINT('',(-123.028962314978,38.8388033730733,18.4021819781241));
#18235=CARTESIAN_POINT('',(-123.028962314978,52.7719178398086,19.7717445172039));
#18236=CARTESIAN_POINT('',(-123.028962314978,52.7719178398086,19.7717445172039));
#18237=CARTESIAN_POINT('',(-123.028962314978,52.7849912012208,19.6223153124902));
#18238=CARTESIAN_POINT('Origin',(-137.029962314978,52.7849912012208,19.6223153124902));
#18239=CARTESIAN_POINT('',(-137.029962314978,52.7719178398086,19.7717445172039));
#18240=CARTESIAN_POINT('',(-137.029962314978,52.7719178398086,19.7717445172039));
#18241=CARTESIAN_POINT('',(-137.029962314978,52.7849912012208,19.6223153124902));
#18242=CARTESIAN_POINT('Origin',(-137.029962314978,38.8388033730733,18.4021819781241));
#18243=CARTESIAN_POINT('',(-137.029962314978,38.8257300116611,18.5516111828378));
#18244=CARTESIAN_POINT('',(-137.029962314978,38.8257300116611,18.5516111828378));
#18245=CARTESIAN_POINT('',(-137.029962314978,38.8388033730733,18.4021819781241));
#18246=CARTESIAN_POINT('Origin',(-123.028962314978,38.8388033730733,18.4021819781241));
#18247=CARTESIAN_POINT('',(-123.028962314978,38.8257300116611,18.5516111828378));
#18248=CARTESIAN_POINT('Origin',(-103.978962314978,114.748998758816,25.0434635204145));
#18249=CARTESIAN_POINT('',(-117.977962314978,114.735925397404,25.1928927251282));
#18250=CARTESIAN_POINT('',(-117.977962314978,114.748998758816,25.0434635204145));
#18251=CARTESIAN_POINT('',(-103.978962314978,114.735925397404,25.1928927251282));
#18252=CARTESIAN_POINT('',(-103.978962314978,114.735925397404,25.1928927251282));
#18253=CARTESIAN_POINT('',(-103.978962314978,114.748998758816,25.0434635204145));
#18254=CARTESIAN_POINT('Origin',(-103.978962314978,128.695027195812,26.2635829098617));
#18255=CARTESIAN_POINT('',(-103.978962314978,128.6819538344,26.4130121145755));
#18256=CARTESIAN_POINT('',(-103.978962314978,128.6819538344,26.4130121145755));
#18257=CARTESIAN_POINT('',(-103.978962314978,128.695027195812,26.2635829098617));
#18258=CARTESIAN_POINT('Origin',(-117.977962314978,128.695027195812,26.2635829098617));
#18259=CARTESIAN_POINT('',(-117.977962314978,128.6819538344,26.4130121145755));
#18260=CARTESIAN_POINT('',(-117.977962314978,128.6819538344,26.4130121145755));
#18261=CARTESIAN_POINT('',(-117.977962314978,128.695027195812,26.2635829098617));
#18262=CARTESIAN_POINT('Origin',(-117.977962314978,114.748998758816,25.0434635204145));
#18263=CARTESIAN_POINT('',(-117.977962314978,114.735925397404,25.1928927251282));
#18264=CARTESIAN_POINT('Origin',(-137.027962314978,128.695027195812,26.2635829098617));
#18265=CARTESIAN_POINT('',(-123.028962314978,128.6819538344,26.4130121145755));
#18266=CARTESIAN_POINT('',(-123.028962314978,128.695027195812,26.2635829098617));
#18267=CARTESIAN_POINT('',(-137.027962314978,128.6819538344,26.4130121145755));
#18268=CARTESIAN_POINT('',(-137.027962314978,128.6819538344,26.4130121145755));
#18269=CARTESIAN_POINT('',(-137.027962314978,128.695027195812,26.2635829098617));
#18270=CARTESIAN_POINT('Origin',(-137.027962314978,114.748998758816,25.0434635204145));
#18271=CARTESIAN_POINT('',(-137.027962314978,114.735925397404,25.1928927251282));
#18272=CARTESIAN_POINT('',(-137.027962314978,114.735925397404,25.1928927251282));
#18273=CARTESIAN_POINT('',(-137.027962314978,114.748998758816,25.0434635204145));
#18274=CARTESIAN_POINT('Origin',(-123.028962314978,114.748998758816,25.0434635204145));
#18275=CARTESIAN_POINT('',(-123.028962314978,114.735925397404,25.1928927251282));
#18276=CARTESIAN_POINT('',(-123.028962314978,114.735925397404,25.1928927251282));
#18277=CARTESIAN_POINT('',(-123.028962314978,114.748998758816,25.0434635204145));
#18278=CARTESIAN_POINT('Origin',(-123.028962314978,128.695027195812,26.2635829098617));
#18279=CARTESIAN_POINT('',(-123.028962314978,128.6819538344,26.4130121145755));
#18280=CARTESIAN_POINT('Origin',(-142.078962314978,128.695027195812,26.2635829098617));
#18281=CARTESIAN_POINT('',(-142.078962314978,114.735925397404,25.1928927251282));
#18282=CARTESIAN_POINT('',(-142.078962314978,114.748998758816,25.0434635204145));
#18283=CARTESIAN_POINT('',(-142.078962314978,128.6819538344,26.4130121145755));
#18284=CARTESIAN_POINT('',(-142.078962314978,128.6819538344,26.4130121145755));
#18285=CARTESIAN_POINT('',(-142.078962314978,128.695027195812,26.2635829098617));
#18286=CARTESIAN_POINT('Origin',(-156.077962314978,128.695027195812,26.2635829098617));
#18287=CARTESIAN_POINT('',(-156.077962314978,128.6819538344,26.4130121145755));
#18288=CARTESIAN_POINT('',(-156.077962314978,128.6819538344,26.4130121145755));
#18289=CARTESIAN_POINT('',(-156.077962314978,128.695027195812,26.2635829098617));
#18290=CARTESIAN_POINT('Origin',(-156.077962314978,114.748998758816,25.0434635204145));
#18291=CARTESIAN_POINT('',(-156.077962314978,114.735925397404,25.1928927251282));
#18292=CARTESIAN_POINT('',(-156.077962314978,114.735925397404,25.1928927251282));
#18293=CARTESIAN_POINT('',(-156.077962314978,114.748998758816,25.0434635204145));
#18294=CARTESIAN_POINT('Origin',(-142.078962314978,114.748998758816,25.0434635204145));
#18295=CARTESIAN_POINT('',(-142.078962314978,114.735925397404,25.1928927251282));
#18296=CARTESIAN_POINT('Origin',(-89.4049623149783,38.8388033730733,18.4021819781241));
#18297=CARTESIAN_POINT('',(-89.4049623149783,52.7719178398086,19.7717445172039));
#18298=CARTESIAN_POINT('',(-89.4049623149783,52.7849912012208,19.6223153124902));
#18299=CARTESIAN_POINT('',(-89.4049623149783,38.8257300116611,18.5516111828378));
#18300=CARTESIAN_POINT('',(-89.4049623149783,38.8257300116611,18.5516111828378));
#18301=CARTESIAN_POINT('',(-89.4049623149783,38.8388033730733,18.4021819781241));
#18302=CARTESIAN_POINT('Origin',(-75.4039623149782,38.8388033730733,18.4021819781241));
#18303=CARTESIAN_POINT('',(-75.4039623149782,38.8257300116611,18.5516111828378));
#18304=CARTESIAN_POINT('',(-75.4039623149782,38.8257300116611,18.5516111828378));
#18305=CARTESIAN_POINT('',(-75.4039623149782,38.8388033730733,18.4021819781241));
#18306=CARTESIAN_POINT('Origin',(-75.4039623149782,52.7849912012208,19.6223153124902));
#18307=CARTESIAN_POINT('',(-75.4039623149782,52.7719178398086,19.7717445172039));
#18308=CARTESIAN_POINT('',(-75.4039623149782,52.7719178398086,19.7717445172039));
#18309=CARTESIAN_POINT('',(-75.4039623149782,52.7849912012208,19.6223153124902));
#18310=CARTESIAN_POINT('Origin',(-89.4049623149783,52.7849912012208,19.6223153124902));
#18311=CARTESIAN_POINT('',(-89.4049623149783,52.7719178398086,19.7717445172039));
#18312=CARTESIAN_POINT('Origin',(-123.028962314978,71.7624005803987,21.2826234962588));
#18313=CARTESIAN_POINT('',(-123.028962314978,57.8031991625211,20.211924595951));
#18314=CARTESIAN_POINT('',(-123.028962314978,57.8162725239333,20.0624953912372));
#18315=CARTESIAN_POINT('',(-123.028962314978,71.7493272189866,21.4320527009726));
#18316=CARTESIAN_POINT('',(-123.028962314978,71.7493272189866,21.4320527009726));
#18317=CARTESIAN_POINT('',(-123.028962314978,71.7624005803987,21.2826234962588));
#18318=CARTESIAN_POINT('Origin',(-137.027962314978,71.7624005803987,21.2826234962588));
#18319=CARTESIAN_POINT('',(-137.027962314978,71.7493272189866,21.4320527009726));
#18320=CARTESIAN_POINT('',(-137.027962314978,71.7493272189866,21.4320527009726));
#18321=CARTESIAN_POINT('',(-137.027962314978,71.7624005803987,21.2826234962588));
#18322=CARTESIAN_POINT('Origin',(-137.027962314978,57.8162725239333,20.0624953912372));
#18323=CARTESIAN_POINT('',(-137.027962314978,57.8031991625211,20.211924595951));
#18324=CARTESIAN_POINT('',(-137.027962314978,57.8031991625211,20.211924595951));
#18325=CARTESIAN_POINT('',(-137.027962314978,57.8162725239333,20.0624953912372));
#18326=CARTESIAN_POINT('Origin',(-123.028962314978,57.8162725239333,20.0624953912372));
#18327=CARTESIAN_POINT('',(-123.028962314978,57.8031991625211,20.211924595951));
#18328=CARTESIAN_POINT('Origin',(-75.4039623149782,71.7624005803987,21.2826234962588));
#18329=CARTESIAN_POINT('',(-75.4039623149782,57.8031991625211,20.211924595951));
#18330=CARTESIAN_POINT('',(-75.4039623149782,57.8162725239333,20.0624953912372));
#18331=CARTESIAN_POINT('',(-75.4039623149782,71.7493272189866,21.4320527009726));
#18332=CARTESIAN_POINT('',(-75.4039623149782,71.7493272189866,21.4320527009726));
#18333=CARTESIAN_POINT('',(-75.4039623149782,71.7624005803987,21.2826234962588));
#18334=CARTESIAN_POINT('Origin',(-89.4019623149779,71.7624005803987,21.2826234962588));
#18335=CARTESIAN_POINT('',(-89.4019623149779,71.7493272189866,21.4320527009726));
#18336=CARTESIAN_POINT('',(-89.4019623149779,71.7493272189866,21.4320527009726));
#18337=CARTESIAN_POINT('',(-89.4019623149779,71.7624005803987,21.2826234962588));
#18338=CARTESIAN_POINT('Origin',(-89.4019623149779,57.8162725239333,20.0624953912372));
#18339=CARTESIAN_POINT('',(-89.4019623149779,57.8031991625211,20.211924595951));
#18340=CARTESIAN_POINT('',(-89.4019623149779,57.8031991625211,20.211924595951));
#18341=CARTESIAN_POINT('',(-89.4019623149779,57.8162725239333,20.0624953912372));
#18342=CARTESIAN_POINT('Origin',(-75.4039623149782,57.8162725239333,20.0624953912372));
#18343=CARTESIAN_POINT('',(-75.4039623149782,57.8031991625211,20.211924595951));
#18344=CARTESIAN_POINT('Origin',(-156.079962314978,52.7849912012208,19.6223153124902));
#18345=CARTESIAN_POINT('',(-142.078962314978,52.7719178398086,19.7717445172039));
#18346=CARTESIAN_POINT('',(-142.078962314978,52.7849912012208,19.6223153124902));
#18347=CARTESIAN_POINT('',(-156.079962314978,52.7719178398086,19.7717445172039));
#18348=CARTESIAN_POINT('',(-156.079962314978,52.7719178398086,19.7717445172039));
#18349=CARTESIAN_POINT('',(-156.079962314978,52.7849912012208,19.6223153124902));
#18350=CARTESIAN_POINT('Origin',(-156.079962314978,38.8388033730733,18.4021819781241));
#18351=CARTESIAN_POINT('',(-156.079962314978,38.8257300116611,18.5516111828378));
#18352=CARTESIAN_POINT('',(-156.079962314978,38.8257300116611,18.5516111828378));
#18353=CARTESIAN_POINT('',(-156.079962314978,38.8388033730733,18.4021819781241));
#18354=CARTESIAN_POINT('Origin',(-142.078962314978,38.8388033730733,18.4021819781241));
#18355=CARTESIAN_POINT('',(-142.078962314978,38.8257300116611,18.5516111828378));
#18356=CARTESIAN_POINT('',(-142.078962314978,38.8257300116611,18.5516111828378));
#18357=CARTESIAN_POINT('',(-142.078962314978,38.8388033730733,18.4021819781241));
#18358=CARTESIAN_POINT('Origin',(-142.078962314978,52.7849912012208,19.6223153124902));
#18359=CARTESIAN_POINT('',(-142.078962314978,52.7719178398086,19.7717445172039));
#18360=CARTESIAN_POINT('Origin',(-117.977962314978,38.8388033730733,18.4021819781241));
#18361=CARTESIAN_POINT('',(-117.977962314978,52.7719178398086,19.7717445172039));
#18362=CARTESIAN_POINT('',(-117.977962314978,52.7849912012208,19.6223153124902));
#18363=CARTESIAN_POINT('',(-117.977962314978,38.8257300116611,18.5516111828378));
#18364=CARTESIAN_POINT('',(-117.977962314978,38.8257300116611,18.5516111828378));
#18365=CARTESIAN_POINT('',(-117.977962314978,38.8388033730733,18.4021819781241));
#18366=CARTESIAN_POINT('Origin',(-103.978962314978,38.8388033730733,18.4021819781241));
#18367=CARTESIAN_POINT('',(-103.978962314978,38.8257300116611,18.5516111828378));
#18368=CARTESIAN_POINT('',(-103.978962314978,38.8257300116611,18.5516111828378));
#18369=CARTESIAN_POINT('',(-103.978962314978,38.8388033730733,18.4021819781241));
#18370=CARTESIAN_POINT('Origin',(-103.978962314978,52.7849912012208,19.6223153124902));
#18371=CARTESIAN_POINT('',(-103.978962314978,52.7719178398086,19.7717445172039));
#18372=CARTESIAN_POINT('',(-103.978962314978,52.7719178398086,19.7717445172039));
#18373=CARTESIAN_POINT('',(-103.978962314978,52.7849912012208,19.6223153124902));
#18374=CARTESIAN_POINT('Origin',(-117.977962314978,52.7849912012208,19.6223153124902));
#18375=CARTESIAN_POINT('',(-117.977962314978,52.7719178398086,19.7717445172039));
#18376=CARTESIAN_POINT('Origin',(-72.8779623149779,142.167962770684,27.4423120370782));
#18377=CARTESIAN_POINT('',(-66.9999999999999,142.154889409272,27.5917412417919));
#18378=CARTESIAN_POINT('',(-453.877877714978,142.154889409272,27.5917412417919));
#18379=CARTESIAN_POINT('',(-67.,142.158872248968,27.5462171757466));
#18380=CARTESIAN_POINT('',(-66.9999999999999,142.164820475548,27.4782286348314));
#18381=CARTESIAN_POINT('',(-266.873989411831,142.158872248968,27.5462171757466));
#18382=CARTESIAN_POINT('Origin',(-67.8409623149779,108.465565225384,24.644307293852));
#18383=CARTESIAN_POINT('',(-67.,108.465565225384,24.644307293852));
#18384=CARTESIAN_POINT('',(-67.,108.468957741577,24.605530101739));
#18385=CARTESIAN_POINT('',(-67.8409623149779,108.465565225384,24.644307293852));
#18386=CARTESIAN_POINT('Origin',(-125.999994874001,108.465565225384,24.644307293852));
#18387=CARTESIAN_POINT('',(-125.999994874001,83.5929209341764,22.4682328864585));
#18388=CARTESIAN_POINT('',(-125.999994874001,96.1093182959078,23.5632757637958));
#18389=CARTESIAN_POINT('',(-125.999996423721,83.5144807657035,23.36480811474));
#18390=CARTESIAN_POINT('',(-125.999994874001,83.5929209341764,22.4682328864585));
#18391=CARTESIAN_POINT('',(-125.999996423721,83.5141369482909,23.3647780346141));
#18392=CARTESIAN_POINT('',(-125.999996423721,83.5141369482909,23.3647780346141));
#18393=CARTESIAN_POINT('',(-125.999996423721,83.3834033341694,24.8590700817517));
#18394=CARTESIAN_POINT('',(-125.999996423721,83.5141369482909,23.3647780346141));
#18395=CARTESIAN_POINT('',(-125.999996423721,83.3834033341694,24.8590700817517));
#18396=CARTESIAN_POINT('Origin',(-99.4206820381307,95.8198979451467,25.9471223742136));
#18397=CARTESIAN_POINT('',(-66.84136765254,83.3834033341694,24.8590700817517));
#18398=CARTESIAN_POINT('',(-72.84136765254,83.3834033341694,24.8590700817517));
#18399=CARTESIAN_POINT('',(-66.84136765254,108.256392556124,27.0351746666752));
#18400=CARTESIAN_POINT('Origin',(-67.,102.772307510073,24.5067106827148));
#18401=CARTESIAN_POINT('',(-67.,101.27874078491,25.4208894833885));
#18402=CARTESIAN_POINT('',(-67.,102.641573895951,26.0010027298524));
#18403=CARTESIAN_POINT('',(-67.,102.772307510073,24.5067106827148));
#18404=CARTESIAN_POINT('',(-67.,88.1967506474429,24.7372444489723));
#18405=CARTESIAN_POINT('',(-67.,116.508257242061,27.2141803233408));
#18406=CARTESIAN_POINT('',(-67.,88.3274842615644,23.2429524018346));
#18407=CARTESIAN_POINT('Origin',(-64.7177975694158,91.1853347417182,24.9987116772152));
#18408=CARTESIAN_POINT('',(-67.7177975694158,88.1967506474429,24.7372444489723));
#18409=CARTESIAN_POINT('',(-67.7177975694158,102.641573895951,26.0010027298524));
#18410=CARTESIAN_POINT('Origin',(-67.,142.000002115965,27.5000004097819));
#18411=CARTESIAN_POINT('',(-67.,143.975154152862,27.8704170287441));
#18412=CARTESIAN_POINT('Origin',(-67.,142.009596823996,27.5008437789837));
#18413=CARTESIAN_POINT('',(-67.,143.920392709172,28.0586594914422));
#18414=CARTESIAN_POINT('',(-67.,145.920385018095,21.1836859295054));
#18415=CARTESIAN_POINT('',(-67.,142.000002115965,27.5000004097819));
#18416=CARTESIAN_POINT('',(-67.,112.873142355628,25.0299203263645));
#18417=CARTESIAN_POINT('Origin',(-460.870016508683,142.000002115965,27.5000004097819));
#18418=CARTESIAN_POINT('',(-64.9999999999999,143.920392709172,28.0586594914422));
#18419=CARTESIAN_POINT('Origin',(-262.935008254341,145.99998673382,13.7500532859107));
#18420=CARTESIAN_POINT('',(-460.870016508683,149.999971351672,0.00010616203853786));
#18421=CARTESIAN_POINT('Origin',(-72.8779623149779,107.556526255196,23.5609568517139));
#18422=CARTESIAN_POINT('',(-67.8779623149779,107.347352472601,25.951824127133));
#18423=CARTESIAN_POINT('Origin',(-99.4206820381307,95.9070536878944,24.9509276761217));
#18424=CARTESIAN_POINT('',(-112.210338448615,84.4348740750685,23.9472420140662));
#18425=CARTESIAN_POINT('Origin',(-124.999994859099,84.6440478576628,21.5563747386471));
#18426=CARTESIAN_POINT('Origin',(-263.377920014978,83.7530713664315,22.4822442337396));
#18427=CARTESIAN_POINT('',(-67.,83.5929209341764,22.4682328864586));
#18428=CARTESIAN_POINT('',(-67.,112.873142355628,25.0299203263645));
#18429=CARTESIAN_POINT('',(-194.688957444489,83.5929209341764,22.4682328864586));
#18430=CARTESIAN_POINT('Origin',(-125.999994874001,83.5929209341764,22.4682328864585));
#18431=CARTESIAN_POINT('',(-67.,83.5144807657035,23.36480811474));
#18432=CARTESIAN_POINT('',(-67.,83.5963153197466,22.4294348818549));
#18433=CARTESIAN_POINT('',(-67.8779623149779,83.5144807657035,23.36480811474));
#18434=CARTESIAN_POINT('Origin',(-99.4206820381307,95.9506315592682,24.4528303270758));
#18435=CARTESIAN_POINT('',(-67.,83.5141369482909,23.3647780346141));
#18436=CARTESIAN_POINT('',(-67.,118.93270236781,26.4635009871733));
#18437=CARTESIAN_POINT('',(-72.84136765254,83.5141369482909,23.3647780346141));
#18438=CARTESIAN_POINT('Origin',(-125.999996423721,83.5141369482909,23.3647780346141));
#18439=CARTESIAN_POINT('',(-67.,83.4271370514766,24.3591914055365));
#18440=CARTESIAN_POINT('',(-67.,83.5567514180975,22.8776924158696));
#18441=CARTESIAN_POINT('',(-66.84136765254,83.4271370514766,24.3591914055366));
#18442=CARTESIAN_POINT('',(-96.4999982118606,83.4271370514766,24.3591914055366));
#18443=CARTESIAN_POINT('',(-66.84136765254,83.4269812055433,24.3609727327058));
#18444=CARTESIAN_POINT('Origin',(-66.84136765254,83.4271370514766,24.3591914055366));
#18445=CARTESIAN_POINT('',(-67.,83.4271370514766,24.3591914055365));
#18446=CARTESIAN_POINT('',(-66.84136765254,83.4271370514766,24.3591914055366));
#18447=CARTESIAN_POINT('Origin',(-66.84136765254,88.1931742137254,24.7781232734206));
#18448=CARTESIAN_POINT('Origin',(-67.,88.3274842615644,23.2429524018346));
#18449=CARTESIAN_POINT('',(-67.7177975694158,88.5628047715286,20.5532266650316));
#18450=CARTESIAN_POINT('Origin',(-67.7177975694158,91.5513888658039,20.8146938932745));
#18451=CARTESIAN_POINT('',(-67.7177975694158,103.007628020037,21.8169849459115));
#18452=CARTESIAN_POINT('Origin',(-64.9999999999999,102.772307510073,24.5067106827148));
#18453=CARTESIAN_POINT('Origin',(-163.96750412717,142.009596823996,27.5008437789837));
#18454=CARTESIAN_POINT('',(-163.96750412717,143.975154152862,27.8704170287485));
#18455=CARTESIAN_POINT('Origin',(-262.935008254341,147.920377327024,14.30871236757));
#18456=CARTESIAN_POINT('',(-460.870016508683,151.920361944879,0.5587652436988));
#18457=CARTESIAN_POINT('Origin',(-64.9999999999999,149.999971351672,0.00010616203853786));
#18458=CARTESIAN_POINT('',(-67.,150.000002235174,-2.22044604925031E-15));
#18459=CARTESIAN_POINT('Origin',(-67.,20.0000002980232,-2.22044604925031E-15));
#18460=CARTESIAN_POINT('Origin',(-64.9999807635322,26.1106088121784,17.3133907901064));
#18461=CARTESIAN_POINT('',(-64.9999807635322,26.1106088121784,17.3133907901064));
#18462=CARTESIAN_POINT('Origin',(-64.9999807635322,19.9999496635241,-0.000143464414341654));
#18463=CARTESIAN_POINT('Origin',(-67.,142.000002115965,27.5000004097819));
#18464=CARTESIAN_POINT('',(163.67125,-132.6675,1.595));
#18465=CARTESIAN_POINT('',(163.67125,-133.6675,11.095));
#18466=CARTESIAN_POINT('',(187.48375,-94.5675,1.595));
#18467=CARTESIAN_POINT('',(187.48375,-95.5675,11.095));
#18468=CARTESIAN_POINT('',(370.84,-102.71125,1.595));
#18469=CARTESIAN_POINT('',(116.04625,-113.6175,1.595));
#18470=CARTESIAN_POINT('',(230.34625,-113.6175,1.595));
#18471=CARTESIAN_POINT('',(230.34625,-114.6175,11.095));
#18472=CARTESIAN_POINT('',(273.20875,-75.5175,1.595));
#18473=CARTESIAN_POINT('',(273.20875,-76.5175,11.095));
#18474=CARTESIAN_POINT('',(339.88375,-132.6675,1.595));
#18475=CARTESIAN_POINT('',(339.88375,-133.6675,11.095));
#18476=CARTESIAN_POINT('',(217.4875,-151.7175,1.595));
#18477=CARTESIAN_POINT('',(211.29625,-113.6175,1.595));
#18478=CARTESIAN_POINT('',(211.29625,-114.6175,11.095));
#18479=CARTESIAN_POINT('',(263.68375,-152.7175,11.095));
#18480=CARTESIAN_POINT('',(263.68375,-151.7175,1.595));
#18481=CARTESIAN_POINT('',(111.28375,-94.5675,1.595));
#18482=CARTESIAN_POINT('',(111.28375,-95.5675,11.095));
#18483=CARTESIAN_POINT('',(149.38375,-94.5675,1.595));
#18484=CARTESIAN_POINT('',(149.38375,-95.5675,11.095));
#18485=CARTESIAN_POINT('',(287.49625,-151.7175,1.595));
#18486=CARTESIAN_POINT('',(130.33375,-94.5675,1.595));
#18487=CARTESIAN_POINT('',(130.33375,-95.5675,11.095));
#18488=CARTESIAN_POINT('',(120.80875,-75.5175,1.595));
#18489=CARTESIAN_POINT('',(120.80875,-76.5175,11.095));
#18490=CARTESIAN_POINT('',(30.32125,-94.5675,1.595));
#18491=CARTESIAN_POINT('',(177.95875,-75.5175,1.595));
#18492=CARTESIAN_POINT('',(177.95875,-76.5175,11.095));
#18493=CARTESIAN_POINT('',(385.27125,-76.39875,1.595));
#18494=CARTESIAN_POINT('',(106.52125,-132.6675,1.595));
#18495=CARTESIAN_POINT('',(106.52125,-133.6675,11.095));
#18496=CARTESIAN_POINT('',(263.68375,-94.5675,1.595));
#18497=CARTESIAN_POINT('',(263.68375,-95.5675,11.095));
#18498=CARTESIAN_POINT('',(92.23375,-94.5675,1.595));
#18499=CARTESIAN_POINT('',(92.23375,-95.5675,11.095));
#18500=CARTESIAN_POINT('',(139.85875,-75.5175,1.595));
#18501=CARTESIAN_POINT('',(139.85875,-76.5175,11.095));
#18502=CARTESIAN_POINT('',(63.65875,-75.5175,1.595));
#18503=CARTESIAN_POINT('',(63.65875,-76.5175,11.095));
#18504=CARTESIAN_POINT('',(239.87125,-132.6675,1.595));
#18505=CARTESIAN_POINT('',(239.87125,-133.6675,11.095));
#18506=CARTESIAN_POINT('',(44.60875,-75.5175,1.595));
#18507=CARTESIAN_POINT('',(44.60875,-76.5175,11.095));
#18508=CARTESIAN_POINT('',(37.465,-132.6675,1.595));
#18509=CARTESIAN_POINT('',(125.57125,-132.6675,1.595));
#18510=CARTESIAN_POINT('',(125.57125,-133.6675,11.095));
#18511=CARTESIAN_POINT('',(168.43375,-94.5675,1.595));
#18512=CARTESIAN_POINT('',(168.43375,-95.5675,11.095));
#18513=CARTESIAN_POINT('',(249.39625,-113.6175,1.595));
#18514=CARTESIAN_POINT('',(249.39625,-114.6175,11.095));
#18515=CARTESIAN_POINT('',(225.58375,-94.5675,1.595));
#18516=CARTESIAN_POINT('',(225.58375,-95.5675,11.095));
#18517=CARTESIAN_POINT('',(73.18375,-94.5675,1.595));
#18518=CARTESIAN_POINT('',(73.18375,-95.5675,11.095));
#18519=CARTESIAN_POINT('',(320.83375,-151.7175,1.595));
#18520=CARTESIAN_POINT('',(320.83375,-152.7175,11.095));
#18521=CARTESIAN_POINT('',(173.19625,-113.6175,1.595));
#18522=CARTESIAN_POINT('',(173.19625,-114.6175,11.095));
#18523=CARTESIAN_POINT('',(158.90875,-75.5175,1.595));
#18524=CARTESIAN_POINT('',(158.90875,-76.5175,11.095));
#18525=CARTESIAN_POINT('',(135.09625,-113.6175,1.595));
#18526=CARTESIAN_POINT('',(135.09625,-114.6175,11.095));
#18527=CARTESIAN_POINT('',(87.47125,-132.6675,1.595));
#18528=CARTESIAN_POINT('',(87.47125,-133.6675,11.095));
#18529=CARTESIAN_POINT('',(387.35,-132.6675,1.595));
#18530=CARTESIAN_POINT('',(387.35,-133.6675,11.095));
#18531=CARTESIAN_POINT('',(254.15875,-75.5175,1.595));
#18532=CARTESIAN_POINT('',(254.15875,-76.5175,11.095));
#18533=CARTESIAN_POINT('',(216.05875,-75.5175,1.595));
#18534=CARTESIAN_POINT('',(216.05875,-76.5175,11.095));
#18535=CARTESIAN_POINT('',(192.24625,-113.6175,1.595));
#18536=CARTESIAN_POINT('',(192.24625,-114.6175,11.095));
#18537=CARTESIAN_POINT('',(58.89625,-113.6175,1.595));
#18538=CARTESIAN_POINT('',(58.89625,-114.6175,11.095));
#18539=CARTESIAN_POINT('',(182.72125,-132.6675,1.595));
#18540=CARTESIAN_POINT('',(182.72125,-133.6675,11.095));
#18541=CARTESIAN_POINT('',(32.7025,-113.6175,1.595));
#18542=CARTESIAN_POINT('',(280.3525,-113.6175,1.595));
#18543=CARTESIAN_POINT('',(320.83375,-75.5175,1.595));
#18544=CARTESIAN_POINT('',(320.83375,-76.5175,11.095));
#18545=CARTESIAN_POINT('',(101.75875,-75.5175,1.595));
#18546=CARTESIAN_POINT('',(101.75875,-76.5175,11.095));
#18547=CARTESIAN_POINT('',(27.94,-151.7175,1.595));
#18548=CARTESIAN_POINT('',(154.14625,-113.6175,1.595));
#18549=CARTESIAN_POINT('',(154.14625,-114.6175,11.095));
#18550=CARTESIAN_POINT('',(197.00875,-75.5175,1.595));
#18551=CARTESIAN_POINT('',(197.00875,-76.5175,11.095));
#18552=CARTESIAN_POINT('',(68.42125,-132.6675,1.595));
#18553=CARTESIAN_POINT('',(68.42125,-133.6675,11.095));
#18554=CARTESIAN_POINT('',(77.94625,-113.6175,1.595));
#18555=CARTESIAN_POINT('',(77.94625,-114.6175,11.095));
#18556=CARTESIAN_POINT('',(287.49625,-94.5675,1.595));
#18557=CARTESIAN_POINT('',(82.70875,-75.5175,1.595));
#18558=CARTESIAN_POINT('',(82.70875,-76.5175,11.095));
#18559=CARTESIAN_POINT('',(235.10875,-75.5175,1.595));
#18560=CARTESIAN_POINT('',(235.10875,-76.5175,11.095));
#18561=CARTESIAN_POINT('',(292.25875,-75.5175,1.595));
#18562=CARTESIAN_POINT('',(292.25875,-76.5175,11.095));
#18563=CARTESIAN_POINT('',(339.88375,-75.5175,1.595));
#18564=CARTESIAN_POINT('',(339.88375,-76.5175,11.095));
#18565=CARTESIAN_POINT('',(387.50875,-151.7175,1.595));
#18566=CARTESIAN_POINT('',(387.50875,-152.7175,11.095));
#18567=CARTESIAN_POINT('',(147.0025,-151.7175,1.595));
#18568=CARTESIAN_POINT('',(244.63375,-94.5675,1.595));
#18569=CARTESIAN_POINT('',(244.63375,-95.5675,11.095));
#18570=CARTESIAN_POINT('',(54.13375,-94.5675,1.595));
#18571=CARTESIAN_POINT('',(54.13375,-95.5675,11.095));
#18572=CARTESIAN_POINT('',(75.565,-151.7175,1.595));
#18573=CARTESIAN_POINT('',(241.935,-151.7175,1.595));
#18574=CARTESIAN_POINT('',(206.53375,-94.5675,1.595));
#18575=CARTESIAN_POINT('',(206.53375,-95.5675,11.095));
#18576=CARTESIAN_POINT('',(220.82125,-132.6675,1.595));
#18577=CARTESIAN_POINT('',(220.82125,-133.6675,11.095));
#18578=CARTESIAN_POINT('',(96.99625,-113.6175,1.595));
#18579=CARTESIAN_POINT('',(96.99625,-114.6175,11.095));
#18580=CARTESIAN_POINT('',(358.93375,-75.5175,1.595));
#18581=CARTESIAN_POINT('',(358.93375,-76.5175,11.125));
#18582=CARTESIAN_POINT('',(144.62125,-132.6675,1.595));
#18583=CARTESIAN_POINT('',(144.62125,-133.6675,11.095));
#18584=CARTESIAN_POINT('',(51.7525,-151.7175,1.595));
#18585=CARTESIAN_POINT('',(25.55875,-75.5175,1.595));
#18586=CARTESIAN_POINT('',(25.55875,-76.5175,11.095));
#18587=CARTESIAN_POINT('',(358.93375,-151.7175,1.595));
#18588=CARTESIAN_POINT('',(358.93375,-152.7175,11.095));
#18589=CARTESIAN_POINT('',(201.77125,-132.6675,1.595));
#18590=CARTESIAN_POINT('',(201.77125,-133.6675,11.095));
#18591=CARTESIAN_POINT('',(275.59,-132.6675,1.595));
#18592=CARTESIAN_POINT('',(339.88375,-152.7175,11.095));
#18593=CARTESIAN_POINT('',(0.,0.,0.));
#18594=CARTESIAN_POINT('',(0.,0.,0.));
#18595=UNCERTAINTY_MEASURE_WITH_UNIT(LENGTH_MEASURE(0.01),#18633,
'DISTANCE_ACCURACY_VALUE',
'Maximum model space distance between geometric entities at asserted c
onnectivities');
#18596=UNCERTAINTY_MEASURE_WITH_UNIT(LENGTH_MEASURE(0.01),#18633,
'DISTANCE_ACCURACY_VALUE',
'Maximum model space distance between geometric entities at asserted c
onnectivities');
#18597=UNCERTAINTY_MEASURE_WITH_UNIT(LENGTH_MEASURE(0.01),#18633,
'DISTANCE_ACCURACY_VALUE',
'Maximum model space distance between geometric entities at asserted c
onnectivities');
#18598=UNCERTAINTY_MEASURE_WITH_UNIT(LENGTH_MEASURE(0.01),#18633,
'DISTANCE_ACCURACY_VALUE',
'Maximum model space distance between geometric entities at asserted c
onnectivities');
#18599=UNCERTAINTY_MEASURE_WITH_UNIT(LENGTH_MEASURE(0.01),#18633,
'DISTANCE_ACCURACY_VALUE',
'Maximum model space distance between geometric entities at asserted c
onnectivities');
#18600=UNCERTAINTY_MEASURE_WITH_UNIT(LENGTH_MEASURE(0.01),#18633,
'DISTANCE_ACCURACY_VALUE',
'Maximum model space distance between geometric entities at asserted c
onnectivities');
#18601=UNCERTAINTY_MEASURE_WITH_UNIT(LENGTH_MEASURE(0.01),#18633,
'DISTANCE_ACCURACY_VALUE',
'Maximum model space distance between geometric entities at asserted c
onnectivities');
#18602=UNCERTAINTY_MEASURE_WITH_UNIT(LENGTH_MEASURE(0.01),#18633,
'DISTANCE_ACCURACY_VALUE',
'Maximum model space distance between geometric entities at asserted c
onnectivities');
#18603=UNCERTAINTY_MEASURE_WITH_UNIT(LENGTH_MEASURE(0.01),#18633,
'DISTANCE_ACCURACY_VALUE',
'Maximum model space distance between geometric entities at asserted c
onnectivities');
#18604=UNCERTAINTY_MEASURE_WITH_UNIT(LENGTH_MEASURE(0.01),#18633,
'DISTANCE_ACCURACY_VALUE',
'Maximum model space distance between geometric entities at asserted c
onnectivities');
#18605=UNCERTAINTY_MEASURE_WITH_UNIT(LENGTH_MEASURE(0.01),#18633,
'DISTANCE_ACCURACY_VALUE',
'Maximum model space distance between geometric entities at asserted c
onnectivities');
#18606=UNCERTAINTY_MEASURE_WITH_UNIT(LENGTH_MEASURE(0.01),#18633,
'DISTANCE_ACCURACY_VALUE',
'Maximum model space distance between geometric entities at asserted c
onnectivities');
#18607=UNCERTAINTY_MEASURE_WITH_UNIT(LENGTH_MEASURE(0.01),#18633,
'DISTANCE_ACCURACY_VALUE',
'Maximum model space distance between geometric entities at asserted c
onnectivities');
#18608=UNCERTAINTY_MEASURE_WITH_UNIT(LENGTH_MEASURE(0.01),#18633,
'DISTANCE_ACCURACY_VALUE',
'Maximum model space distance between geometric entities at asserted c
onnectivities');
#18609=UNCERTAINTY_MEASURE_WITH_UNIT(LENGTH_MEASURE(0.01),#18633,
'DISTANCE_ACCURACY_VALUE',
'Maximum model space distance between geometric entities at asserted c
onnectivities');
#18610=UNCERTAINTY_MEASURE_WITH_UNIT(LENGTH_MEASURE(0.01),#18633,
'DISTANCE_ACCURACY_VALUE',
'Maximum model space distance between geometric entities at asserted c
onnectivities');
#18611=UNCERTAINTY_MEASURE_WITH_UNIT(LENGTH_MEASURE(0.01),#18633,
'DISTANCE_ACCURACY_VALUE',
'Maximum model space distance between geometric entities at asserted c
onnectivities');
#18612=UNCERTAINTY_MEASURE_WITH_UNIT(LENGTH_MEASURE(0.01),#18633,
'DISTANCE_ACCURACY_VALUE',
'Maximum model space distance between geometric entities at asserted c
onnectivities');
#18613=UNCERTAINTY_MEASURE_WITH_UNIT(LENGTH_MEASURE(0.01),#18633,
'DISTANCE_ACCURACY_VALUE',
'Maximum model space distance between geometric entities at asserted c
onnectivities');
#18614=(
GEOMETRIC_REPRESENTATION_CONTEXT(3)
GLOBAL_UNCERTAINTY_ASSIGNED_CONTEXT((#18595))
GLOBAL_UNIT_ASSIGNED_CONTEXT((#18633,#18635,#18636))
REPRESENTATION_CONTEXT('','3D')
);
#18615=(
GEOMETRIC_REPRESENTATION_CONTEXT(3)
GLOBAL_UNCERTAINTY_ASSIGNED_CONTEXT((#18596))
GLOBAL_UNIT_ASSIGNED_CONTEXT((#18633,#18635,#18636))
REPRESENTATION_CONTEXT('','3D')
);
#18616=(
GEOMETRIC_REPRESENTATION_CONTEXT(3)
GLOBAL_UNCERTAINTY_ASSIGNED_CONTEXT((#18597))
GLOBAL_UNIT_ASSIGNED_CONTEXT((#18633,#18635,#18636))
REPRESENTATION_CONTEXT('','3D')
);
#18617=(
GEOMETRIC_REPRESENTATION_CONTEXT(3)
GLOBAL_UNCERTAINTY_ASSIGNED_CONTEXT((#18598))
GLOBAL_UNIT_ASSIGNED_CONTEXT((#18633,#18635,#18636))
REPRESENTATION_CONTEXT('','3D')
);
#18618=(
GEOMETRIC_REPRESENTATION_CONTEXT(3)
GLOBAL_UNCERTAINTY_ASSIGNED_CONTEXT((#18599))
GLOBAL_UNIT_ASSIGNED_CONTEXT((#18633,#18635,#18636))
REPRESENTATION_CONTEXT('','3D')
);
#18619=(
GEOMETRIC_REPRESENTATION_CONTEXT(3)
GLOBAL_UNCERTAINTY_ASSIGNED_CONTEXT((#18600))
GLOBAL_UNIT_ASSIGNED_CONTEXT((#18633,#18635,#18636))
REPRESENTATION_CONTEXT('','3D')
);
#18620=(
GEOMETRIC_REPRESENTATION_CONTEXT(3)
GLOBAL_UNCERTAINTY_ASSIGNED_CONTEXT((#18601))
GLOBAL_UNIT_ASSIGNED_CONTEXT((#18633,#18635,#18636))
REPRESENTATION_CONTEXT('','3D')
);
#18621=(
GEOMETRIC_REPRESENTATION_CONTEXT(3)
GLOBAL_UNCERTAINTY_ASSIGNED_CONTEXT((#18602))
GLOBAL_UNIT_ASSIGNED_CONTEXT((#18633,#18635,#18636))
REPRESENTATION_CONTEXT('','3D')
);
#18622=(
GEOMETRIC_REPRESENTATION_CONTEXT(3)
GLOBAL_UNCERTAINTY_ASSIGNED_CONTEXT((#18603))
GLOBAL_UNIT_ASSIGNED_CONTEXT((#18633,#18635,#18636))
REPRESENTATION_CONTEXT('','3D')
);
#18623=(
GEOMETRIC_REPRESENTATION_CONTEXT(3)
GLOBAL_UNCERTAINTY_ASSIGNED_CONTEXT((#18604))
GLOBAL_UNIT_ASSIGNED_CONTEXT((#18633,#18635,#18636))
REPRESENTATION_CONTEXT('','3D')
);
#18624=(
GEOMETRIC_REPRESENTATION_CONTEXT(3)
GLOBAL_UNCERTAINTY_ASSIGNED_CONTEXT((#18605))
GLOBAL_UNIT_ASSIGNED_CONTEXT((#18633,#18635,#18636))
REPRESENTATION_CONTEXT('','3D')
);
#18625=(
GEOMETRIC_REPRESENTATION_CONTEXT(3)
GLOBAL_UNCERTAINTY_ASSIGNED_CONTEXT((#18606))
GLOBAL_UNIT_ASSIGNED_CONTEXT((#18633,#18635,#18636))
REPRESENTATION_CONTEXT('','3D')
);
#18626=(
GEOMETRIC_REPRESENTATION_CONTEXT(3)
GLOBAL_UNCERTAINTY_ASSIGNED_CONTEXT((#18607))
GLOBAL_UNIT_ASSIGNED_CONTEXT((#18633,#18635,#18636))
REPRESENTATION_CONTEXT('','3D')
);
#18627=(
GEOMETRIC_REPRESENTATION_CONTEXT(3)
GLOBAL_UNCERTAINTY_ASSIGNED_CONTEXT((#18608))
GLOBAL_UNIT_ASSIGNED_CONTEXT((#18633,#18635,#18636))
REPRESENTATION_CONTEXT('','3D')
);
#18628=(
GEOMETRIC_REPRESENTATION_CONTEXT(3)
GLOBAL_UNCERTAINTY_ASSIGNED_CONTEXT((#18609))
GLOBAL_UNIT_ASSIGNED_CONTEXT((#18633,#18635,#18636))
REPRESENTATION_CONTEXT('','3D')
);
#18629=(
GEOMETRIC_REPRESENTATION_CONTEXT(3)
GLOBAL_UNCERTAINTY_ASSIGNED_CONTEXT((#18610))
GLOBAL_UNIT_ASSIGNED_CONTEXT((#18633,#18635,#18636))
REPRESENTATION_CONTEXT('','3D')
);
#18630=(
GEOMETRIC_REPRESENTATION_CONTEXT(3)
GLOBAL_UNCERTAINTY_ASSIGNED_CONTEXT((#18611))
GLOBAL_UNIT_ASSIGNED_CONTEXT((#18633,#18635,#18636))
REPRESENTATION_CONTEXT('','3D')
);
#18631=(
GEOMETRIC_REPRESENTATION_CONTEXT(3)
GLOBAL_UNCERTAINTY_ASSIGNED_CONTEXT((#18612))
GLOBAL_UNIT_ASSIGNED_CONTEXT((#18633,#18635,#18636))
REPRESENTATION_CONTEXT('','3D')
);
#18632=(
GEOMETRIC_REPRESENTATION_CONTEXT(3)
GLOBAL_UNCERTAINTY_ASSIGNED_CONTEXT((#18613))
GLOBAL_UNIT_ASSIGNED_CONTEXT((#18633,#18635,#18636))
REPRESENTATION_CONTEXT('','3D')
);
#18633=(
LENGTH_UNIT()
NAMED_UNIT(*)
SI_UNIT(.MILLI.,.METRE.)
);
#18634=(
LENGTH_UNIT()
NAMED_UNIT(*)
SI_UNIT($,.METRE.)
);
#18635=(
NAMED_UNIT(*)
PLANE_ANGLE_UNIT()
SI_UNIT($,.RADIAN.)
);
#18636=(
NAMED_UNIT(*)
SI_UNIT($,.STERADIAN.)
SOLID_ANGLE_UNIT()
);
#18637=SHAPE_DEFINITION_REPRESENTATION(#18655,#18815);
#18638=SHAPE_DEFINITION_REPRESENTATION(#18656,#18816);
#18639=SHAPE_DEFINITION_REPRESENTATION(#18657,#18817);
#18640=SHAPE_DEFINITION_REPRESENTATION(#18659,#18818);
#18641=SHAPE_DEFINITION_REPRESENTATION(#18660,#18819);
#18642=SHAPE_DEFINITION_REPRESENTATION(#18662,#18820);
#18643=SHAPE_DEFINITION_REPRESENTATION(#18663,#18821);
#18644=SHAPE_DEFINITION_REPRESENTATION(#18664,#18822);
#18645=SHAPE_DEFINITION_REPRESENTATION(#18665,#18823);
#18646=SHAPE_DEFINITION_REPRESENTATION(#18666,#18824);
#18647=SHAPE_DEFINITION_REPRESENTATION(#18667,#18825);
#18648=SHAPE_DEFINITION_REPRESENTATION(#18668,#18826);
#18649=SHAPE_DEFINITION_REPRESENTATION(#18669,#18827);
#18650=SHAPE_DEFINITION_REPRESENTATION(#18670,#18828);
#18651=SHAPE_DEFINITION_REPRESENTATION(#18679,#18829);
#18652=SHAPE_DEFINITION_REPRESENTATION(#18680,#18830);
#18653=SHAPE_DEFINITION_REPRESENTATION(#18682,#18831);
#18654=SHAPE_DEFINITION_REPRESENTATION(#18683,#18832);
#18655=PRODUCT_DEFINITION_SHAPE('',$,#18834);
#18656=PRODUCT_DEFINITION_SHAPE('',$,#18835);
#18657=PRODUCT_DEFINITION_SHAPE('',$,#18836);
#18658=PRODUCT_DEFINITION_SHAPE($,$,#11490);
#18659=PRODUCT_DEFINITION_SHAPE('',$,#18837);
#18660=PRODUCT_DEFINITION_SHAPE('',$,#18838);
#18661=PRODUCT_DEFINITION_SHAPE($,$,#11491);
#18662=PRODUCT_DEFINITION_SHAPE('',$,#18839);
#18663=PRODUCT_DEFINITION_SHAPE('',$,#18840);
#18664=PRODUCT_DEFINITION_SHAPE('',$,#18841);
#18665=PRODUCT_DEFINITION_SHAPE('',$,#18842);
#18666=PRODUCT_DEFINITION_SHAPE('',$,#18843);
#18667=PRODUCT_DEFINITION_SHAPE('',$,#18844);
#18668=PRODUCT_DEFINITION_SHAPE('',$,#18845);
#18669=PRODUCT_DEFINITION_SHAPE('',$,#18846);
#18670=PRODUCT_DEFINITION_SHAPE('',$,#18847);
#18671=PRODUCT_DEFINITION_SHAPE($,$,#11492);
#18672=PRODUCT_DEFINITION_SHAPE($,$,#11493);
#18673=PRODUCT_DEFINITION_SHAPE($,$,#11494);
#18674=PRODUCT_DEFINITION_SHAPE($,$,#11495);
#18675=PRODUCT_DEFINITION_SHAPE($,$,#11496);
#18676=PRODUCT_DEFINITION_SHAPE($,$,#11497);
#18677=PRODUCT_DEFINITION_SHAPE($,$,#11498);
#18678=PRODUCT_DEFINITION_SHAPE($,$,#11499);
#18679=PRODUCT_DEFINITION_SHAPE('',$,#18848);
#18680=PRODUCT_DEFINITION_SHAPE('',$,#18849);
#18681=PRODUCT_DEFINITION_SHAPE($,$,#11500);
#18682=PRODUCT_DEFINITION_SHAPE('',$,#18850);
#18683=PRODUCT_DEFINITION_SHAPE('',$,#18851);
#18684=PRODUCT_DEFINITION_SHAPE($,$,#11501);
#18685=PRODUCT_DEFINITION_SHAPE($,$,#11502);
#18686=PRODUCT_DEFINITION_SHAPE($,$,#11503);
#18687=PRODUCT_DEFINITION_SHAPE($,$,#11504);
#18688=PRODUCT_DEFINITION_SHAPE($,$,#11505);
#18689=PRODUCT_DEFINITION_SHAPE($,$,#11506);
#18690=PRODUCT_DEFINITION_SHAPE($,$,#11507);
#18691=PRODUCT_DEFINITION_SHAPE($,$,#11508);
#18692=PRODUCT_DEFINITION_SHAPE($,$,#11509);
#18693=PRODUCT_DEFINITION_SHAPE($,$,#11510);
#18694=PRODUCT_DEFINITION_SHAPE($,$,#11511);
#18695=PRODUCT_DEFINITION_SHAPE($,$,#11512);
#18696=PRODUCT_DEFINITION_SHAPE($,$,#11513);
#18697=PRODUCT_DEFINITION_SHAPE($,$,#11514);
#18698=PRODUCT_DEFINITION_SHAPE($,$,#11515);
#18699=PRODUCT_DEFINITION_SHAPE($,$,#11516);
#18700=PRODUCT_DEFINITION_SHAPE($,$,#11517);
#18701=PRODUCT_DEFINITION_SHAPE($,$,#11518);
#18702=PRODUCT_DEFINITION_SHAPE($,$,#11519);
#18703=PRODUCT_DEFINITION_SHAPE($,$,#11520);
#18704=PRODUCT_DEFINITION_SHAPE($,$,#11521);
#18705=PRODUCT_DEFINITION_SHAPE($,$,#11522);
#18706=PRODUCT_DEFINITION_SHAPE($,$,#11523);
#18707=PRODUCT_DEFINITION_SHAPE($,$,#11524);
#18708=PRODUCT_DEFINITION_SHAPE($,$,#11525);
#18709=PRODUCT_DEFINITION_SHAPE($,$,#11526);
#18710=PRODUCT_DEFINITION_SHAPE($,$,#11527);
#18711=PRODUCT_DEFINITION_SHAPE($,$,#11528);
#18712=PRODUCT_DEFINITION_SHAPE($,$,#11529);
#18713=PRODUCT_DEFINITION_SHAPE($,$,#11530);
#18714=PRODUCT_DEFINITION_SHAPE($,$,#11531);
#18715=PRODUCT_DEFINITION_SHAPE($,$,#11532);
#18716=PRODUCT_DEFINITION_SHAPE($,$,#11533);
#18717=PRODUCT_DEFINITION_SHAPE($,$,#11534);
#18718=PRODUCT_DEFINITION_SHAPE($,$,#11535);
#18719=PRODUCT_DEFINITION_SHAPE($,$,#11536);
#18720=PRODUCT_DEFINITION_SHAPE($,$,#11537);
#18721=PRODUCT_DEFINITION_SHAPE($,$,#11538);
#18722=PRODUCT_DEFINITION_SHAPE($,$,#11539);
#18723=PRODUCT_DEFINITION_SHAPE($,$,#11540);
#18724=PRODUCT_DEFINITION_SHAPE($,$,#11541);
#18725=PRODUCT_DEFINITION_SHAPE($,$,#11542);
#18726=PRODUCT_DEFINITION_SHAPE($,$,#11543);
#18727=PRODUCT_DEFINITION_SHAPE($,$,#11544);
#18728=PRODUCT_DEFINITION_SHAPE($,$,#11545);
#18729=PRODUCT_DEFINITION_SHAPE($,$,#11546);
#18730=PRODUCT_DEFINITION_SHAPE($,$,#11547);
#18731=PRODUCT_DEFINITION_SHAPE($,$,#11548);
#18732=PRODUCT_DEFINITION_SHAPE($,$,#11549);
#18733=PRODUCT_DEFINITION_SHAPE($,$,#11550);
#18734=PRODUCT_DEFINITION_SHAPE($,$,#11551);
#18735=PRODUCT_DEFINITION_SHAPE($,$,#11552);
#18736=PRODUCT_DEFINITION_SHAPE($,$,#11553);
#18737=PRODUCT_DEFINITION_SHAPE($,$,#11554);
#18738=PRODUCT_DEFINITION_SHAPE($,$,#11555);
#18739=PRODUCT_DEFINITION_SHAPE($,$,#11556);
#18740=PRODUCT_DEFINITION_SHAPE($,$,#11557);
#18741=PRODUCT_DEFINITION_SHAPE($,$,#11558);
#18742=PRODUCT_DEFINITION_SHAPE($,$,#11559);
#18743=PRODUCT_DEFINITION_SHAPE($,$,#11560);
#18744=PRODUCT_DEFINITION_SHAPE($,$,#11561);
#18745=PRODUCT_DEFINITION_SHAPE($,$,#11562);
#18746=PRODUCT_DEFINITION_SHAPE($,$,#11563);
#18747=PRODUCT_DEFINITION_SHAPE($,$,#11564);
#18748=PRODUCT_DEFINITION_SHAPE($,$,#11565);
#18749=PRODUCT_DEFINITION_SHAPE($,$,#11566);
#18750=PRODUCT_DEFINITION_SHAPE($,$,#11567);
#18751=PRODUCT_DEFINITION_SHAPE($,$,#11568);
#18752=PRODUCT_DEFINITION_SHAPE($,$,#11569);
#18753=PRODUCT_DEFINITION_SHAPE($,$,#11570);
#18754=PRODUCT_DEFINITION_SHAPE($,$,#11571);
#18755=PRODUCT_DEFINITION_SHAPE($,$,#11572);
#18756=PRODUCT_DEFINITION_SHAPE($,$,#11573);
#18757=PRODUCT_DEFINITION_SHAPE($,$,#11574);
#18758=PRODUCT_DEFINITION_SHAPE($,$,#11575);
#18759=PRODUCT_DEFINITION_SHAPE($,$,#11576);
#18760=PRODUCT_DEFINITION_SHAPE($,$,#11577);
#18761=PRODUCT_DEFINITION_SHAPE($,$,#11578);
#18762=PRODUCT_DEFINITION_SHAPE($,$,#11579);
#18763=PRODUCT_DEFINITION_SHAPE($,$,#11580);
#18764=PRODUCT_DEFINITION_SHAPE($,$,#11581);
#18765=PRODUCT_DEFINITION_SHAPE($,$,#11582);
#18766=PRODUCT_DEFINITION_SHAPE($,$,#11583);
#18767=PRODUCT_DEFINITION_SHAPE($,$,#11584);
#18768=PRODUCT_DEFINITION_SHAPE($,$,#11585);
#18769=PRODUCT_DEFINITION_SHAPE($,$,#11586);
#18770=PRODUCT_DEFINITION_SHAPE($,$,#11587);
#18771=PRODUCT_DEFINITION_SHAPE($,$,#11588);
#18772=PRODUCT_DEFINITION_SHAPE($,$,#11589);
#18773=PRODUCT_DEFINITION_SHAPE($,$,#11590);
#18774=PRODUCT_DEFINITION_SHAPE($,$,#11591);
#18775=PRODUCT_DEFINITION_SHAPE($,$,#11592);
#18776=PRODUCT_DEFINITION_SHAPE($,$,#11593);
#18777=PRODUCT_DEFINITION_SHAPE($,$,#11594);
#18778=PRODUCT_DEFINITION_SHAPE($,$,#11595);
#18779=PRODUCT_DEFINITION_SHAPE($,$,#11596);
#18780=PRODUCT_DEFINITION_SHAPE($,$,#11597);
#18781=PRODUCT_DEFINITION_SHAPE($,$,#11598);
#18782=PRODUCT_DEFINITION_SHAPE($,$,#11599);
#18783=PRODUCT_DEFINITION_SHAPE($,$,#11600);
#18784=PRODUCT_DEFINITION_SHAPE($,$,#11601);
#18785=PRODUCT_DEFINITION_SHAPE($,$,#11602);
#18786=PRODUCT_DEFINITION_SHAPE($,$,#11603);
#18787=PRODUCT_DEFINITION_SHAPE($,$,#11604);
#18788=PRODUCT_DEFINITION_SHAPE($,$,#11605);
#18789=PRODUCT_DEFINITION_SHAPE($,$,#11606);
#18790=PRODUCT_DEFINITION_SHAPE($,$,#11607);
#18791=PRODUCT_DEFINITION_SHAPE($,$,#11608);
#18792=PRODUCT_DEFINITION_SHAPE($,$,#11609);
#18793=PRODUCT_DEFINITION_SHAPE($,$,#11610);
#18794=PRODUCT_DEFINITION_SHAPE($,$,#11611);
#18795=PRODUCT_DEFINITION_SHAPE($,$,#11612);
#18796=PRODUCT_DEFINITION_SHAPE($,$,#11613);
#18797=PRODUCT_DEFINITION_SHAPE($,$,#11614);
#18798=PRODUCT_DEFINITION_SHAPE($,$,#11615);
#18799=PRODUCT_DEFINITION_SHAPE($,$,#11616);
#18800=PRODUCT_DEFINITION_SHAPE($,$,#11617);
#18801=PRODUCT_DEFINITION_SHAPE($,$,#11618);
#18802=PRODUCT_DEFINITION_SHAPE($,$,#11619);
#18803=PRODUCT_DEFINITION_SHAPE($,$,#11620);
#18804=PRODUCT_DEFINITION_SHAPE($,$,#11621);
#18805=PRODUCT_DEFINITION_SHAPE($,$,#11622);
#18806=PRODUCT_DEFINITION_SHAPE($,$,#11623);
#18807=PRODUCT_DEFINITION_SHAPE($,$,#11624);
#18808=PRODUCT_DEFINITION_SHAPE($,$,#11625);
#18809=PRODUCT_DEFINITION_SHAPE($,$,#11626);
#18810=PRODUCT_DEFINITION_SHAPE($,$,#11627);
#18811=PRODUCT_DEFINITION_SHAPE($,$,#11628);
#18812=PRODUCT_DEFINITION_SHAPE($,$,#11629);
#18813=PRODUCT_DEFINITION_SHAPE($,$,#11630);
#18814=PRODUCT_DEFINITION_SHAPE($,$,#11631);
#18815=SHAPE_REPRESENTATION('',(#11765,#12326,#12327,#12328,#12329,#12330,
#12331,#12332,#12333,#12334,#12335,#12336,#12337,#12338,#12339,#12340,#12341,
#12342,#12343,#12344,#12345,#12346,#12347,#12348,#12349,#12350,#12351,#12352,
#12353,#12354,#12355,#12356,#12357,#12358,#12359,#12360,#12361,#12362,#12363,
#12364,#12365,#12366,#12367,#12368,#12369,#12370,#12371,#12372,#12373,#12374,
#12375,#12376,#12377,#12378,#12379,#12380,#12381,#12382,#12383,#12384,#12385,
#12386,#12387,#12388,#12389,#12390,#12391,#12392,#12393,#12394,#12395,#12396,
#12397,#12398,#12399,#12400,#12401,#12402,#12403,#12404,#12405,#12406,#12407,
#12408,#12409,#12410,#12411,#12412,#12413,#12414,#12415,#12416,#12417,#12418,
#12419,#12420,#12421,#12422,#12423,#12424,#12425,#12426,#12427,#12428,#12429,
#12430,#12431,#12432,#12433,#12434,#12435,#12436,#12437,#12438,#12439,#12440,
#12441,#12442,#12443,#12444,#12445,#12446,#12447,#12448,#12449,#12450,#12451,
#12452,#12453,#12454,#12455,#12456),#18614);
#18816=SHAPE_REPRESENTATION('',(#11766,#11768),#18615);
#18817=SHAPE_REPRESENTATION('',(#11767),#18616);
#18818=SHAPE_REPRESENTATION('',(#11769,#11771),#18617);
#18819=SHAPE_REPRESENTATION('',(#11770),#18618);
#18820=SHAPE_REPRESENTATION('',(#11772,#11788),#18619);
#18821=SHAPE_REPRESENTATION('',(#11773,#11781,#11782,#11783,#11784,#11785,
#11786,#11787),#18620);
#18822=SHAPE_REPRESENTATION('',(#11774),#18621);
#18823=SHAPE_REPRESENTATION('',(#11775),#18622);
#18824=SHAPE_REPRESENTATION('',(#11776),#18623);
#18825=SHAPE_REPRESENTATION('',(#11777),#18624);
#18826=SHAPE_REPRESENTATION('',(#11778),#18625);
#18827=SHAPE_REPRESENTATION('',(#11779),#18626);
#18828=SHAPE_REPRESENTATION('',(#11780),#18627);
#18829=SHAPE_REPRESENTATION('',(#11789,#11791),#18628);
#18830=SHAPE_REPRESENTATION('',(#11790),#18629);
#18831=SHAPE_REPRESENTATION('',(#11792),#18630);
#18832=SHAPE_REPRESENTATION('',(#11793),#18631);
#18833=PRODUCT_DEFINITION_CONTEXT('part definition',#18889,'design');
#18834=PRODUCT_DEFINITION('keeb 1','keeb',#18852,#18833);
#18835=PRODUCT_DEFINITION('RaspberryPi_Pico','RaspberryPi_Pico',#18853,
#18833);
#18836=PRODUCT_DEFINITION('RaspberryPi_Pico_KiCad',
'RaspberryPi_Pico_KiCad',#18854,#18833);
#18837=PRODUCT_DEFINITION('\X\E6\X\97\X\8B\X\E8\X\BD\X\AC\X\E7\X\BC\X\96
\X\E7\X\A0\X\81\X\E5\X\99\X\A8','\X\E6\X\97\X\8B\X\E8\X\BD\X\AC\X\E7\X\BC
\X\96\X\E7\X\A0\X\81\X\E5\X\99\X\A8',#18855,#18833);
#18838=PRODUCT_DEFINITION('\X2\047D05EA00B110EB01F7\X0\','\X2\047D05EA00B110EB01F7\X0\',
#18856,#18833);
#18839=PRODUCT_DEFINITION('Cherry MX','Cherry MX (1)',#18857,#18833);
#18840=PRODUCT_DEFINITION('Cherry MX_1','Cherry MX',#18858,#18833);
#18841=PRODUCT_DEFINITION('Bottom','Bottom',#18859,#18833);
#18842=PRODUCT_DEFINITION('Pulsador','Pulsador',#18860,#18833);
#18843=PRODUCT_DEFINITION('Top','Top',#18861,#18833);
#18844=PRODUCT_DEFINITION('Pieza5^Cherry MX','Pieza5^Cherry MX',#18862,
#18833);
#18845=PRODUCT_DEFINITION('Pin1','Pin1',#18863,#18833);
#18846=PRODUCT_DEFINITION('Pin2','Pin2',#18864,#18833);
#18847=PRODUCT_DEFINITION('Led 3mm_trans','Led 3mm_trans',#18865,#18833);
#18848=PRODUCT_DEFINITION('DSA_Keycap_CherryMX','DSA_Keycap_CherryMX',#18866,
#18833);
#18849=PRODUCT_DEFINITION('Keycap_adjusted v39','Keycap_adjusted v39',#18867,
#18833);
#18850=PRODUCT_DEFINITION('keeb_PCB','keeb_PCB',#18868,#18833);
#18851=PRODUCT_DEFINITION('2026-08-25-14-43-15-690',
'7d6a6da40763a7a307e45ebd9f32a425f9ecc603_switch',#18869,#18833);
#18852=PRODUCT_DEFINITION_FORMATION('',$,#18891);
#18853=PRODUCT_DEFINITION_FORMATION('',$,#18892);
#18854=PRODUCT_DEFINITION_FORMATION('',$,#18893);
#18855=PRODUCT_DEFINITION_FORMATION('',$,#18894);
#18856=PRODUCT_DEFINITION_FORMATION('',$,#18895);
#18857=PRODUCT_DEFINITION_FORMATION('',$,#18896);
#18858=PRODUCT_DEFINITION_FORMATION('',$,#18897);
#18859=PRODUCT_DEFINITION_FORMATION('',$,#18898);
#18860=PRODUCT_DEFINITION_FORMATION('',$,#18899);
#18861=PRODUCT_DEFINITION_FORMATION('',$,#18900);
#18862=PRODUCT_DEFINITION_FORMATION('',$,#18901);
#18863=PRODUCT_DEFINITION_FORMATION('',$,#18902);
#18864=PRODUCT_DEFINITION_FORMATION('',$,#18903);
#18865=PRODUCT_DEFINITION_FORMATION('',$,#18904);
#18866=PRODUCT_DEFINITION_FORMATION('',$,#18905);
#18867=PRODUCT_DEFINITION_FORMATION('',$,#18906);
#18868=PRODUCT_DEFINITION_FORMATION('',$,#18907);
#18869=PRODUCT_DEFINITION_FORMATION('',$,#18908);
#18870=PRODUCT_RELATED_PRODUCT_CATEGORY('keeb','keeb',(#18891));
#18871=PRODUCT_RELATED_PRODUCT_CATEGORY('RaspberryPi_Pico',
'RaspberryPi_Pico',(#18892));
#18872=PRODUCT_RELATED_PRODUCT_CATEGORY('RaspberryPi_Pico_KiCad',
'RaspberryPi_Pico_KiCad',(#18893));
#18873=PRODUCT_RELATED_PRODUCT_CATEGORY(
'\X\E6\X\97\X\8B\X\E8\X\BD\X\AC\X\E7\X\BC\X\96\X\E7\X\A0\X\81\X\E5\X\99
\X\A8','\X\E6\X\97\X\8B\X\E8\X\BD\X\AC\X\E7\X\BC\X\96\X\E7\X\A0\X\81\X\E5
\X\99\X\A8',(#18894));
#18874=PRODUCT_RELATED_PRODUCT_CATEGORY('\X2\047D05EA00B110EB01F7\X0\',
'\X2\047D05EA00B110EB01F7\X0\',(#18895));
#18875=PRODUCT_RELATED_PRODUCT_CATEGORY('Cherry MX (1)','Cherry MX (1)',
(#18896));
#18876=PRODUCT_RELATED_PRODUCT_CATEGORY('Cherry MX','Cherry MX',(#18897));
#18877=PRODUCT_RELATED_PRODUCT_CATEGORY('Bottom','Bottom',(#18898));
#18878=PRODUCT_RELATED_PRODUCT_CATEGORY('Pulsador','Pulsador',(#18899));
#18879=PRODUCT_RELATED_PRODUCT_CATEGORY('Top','Top',(#18900));
#18880=PRODUCT_RELATED_PRODUCT_CATEGORY('Pieza5^Cherry MX',
'Pieza5^Cherry MX',(#18901));
#18881=PRODUCT_RELATED_PRODUCT_CATEGORY('Pin1','Pin1',(#18902));
#18882=PRODUCT_RELATED_PRODUCT_CATEGORY('Pin2','Pin2',(#18903));
#18883=PRODUCT_RELATED_PRODUCT_CATEGORY('Led 3mm_trans','Led 3mm_trans',
(#18904));
#18884=PRODUCT_RELATED_PRODUCT_CATEGORY('DSA_Keycap_CherryMX',
'DSA_Keycap_CherryMX',(#18905));
#18885=PRODUCT_RELATED_PRODUCT_CATEGORY('Keycap_adjusted v39',
'Keycap_adjusted v39',(#18906));
#18886=PRODUCT_RELATED_PRODUCT_CATEGORY('keeb_PCB','keeb_PCB',(#18907));
#18887=PRODUCT_RELATED_PRODUCT_CATEGORY(
'7d6a6da40763a7a307e45ebd9f32a425f9ecc603_switch',
'7d6a6da40763a7a307e45ebd9f32a425f9ecc603_switch',(#18908));
#18888=APPLICATION_PROTOCOL_DEFINITION('international standard',
'automotive_design',2009,#18889);
#18889=APPLICATION_CONTEXT(
'Core Data for Automotive Mechanical Design Process');
#18890=PRODUCT_CONTEXT('part definition',#18889,'mechanical');
#18891=PRODUCT('keeb 1','keeb','KiCad electronic assembly',(#18890));
#18892=PRODUCT('RaspberryPi_Pico','RaspberryPi_Pico',$,(#18890));
#18893=PRODUCT('RaspberryPi_Pico_KiCad','RaspberryPi_Pico_KiCad',$,(#18890));
#18894=PRODUCT('\X\E6\X\97\X\8B\X\E8\X\BD\X\AC\X\E7\X\BC\X\96\X\E7\X\A0
\X\81\X\E5\X\99\X\A8','\X\E6\X\97\X\8B\X\E8\X\BD\X\AC\X\E7\X\BC\X\96\X\E7
\X\A0\X\81\X\E5\X\99\X\A8',$,(#18890));
#18895=PRODUCT('\X2\047D05EA00B110EB01F7\X0\','\X2\047D05EA00B110EB01F7\X0\',
$,(#18890));
#18896=PRODUCT('Cherry MX','Cherry MX (1)',$,(#18890));
#18897=PRODUCT('Cherry MX_1','Cherry MX',$,(#18890));
#18898=PRODUCT('Bottom','Bottom',$,(#18890));
#18899=PRODUCT('Pulsador','Pulsador',$,(#18890));
#18900=PRODUCT('Top','Top',$,(#18890));
#18901=PRODUCT('Pieza5^Cherry MX','Pieza5^Cherry MX',$,(#18890));
#18902=PRODUCT('Pin1','Pin1',$,(#18890));
#18903=PRODUCT('Pin2','Pin2',$,(#18890));
#18904=PRODUCT('Led 3mm_trans','Led 3mm_trans',$,(#18890));
#18905=PRODUCT('DSA_Keycap_CherryMX','DSA_Keycap_CherryMX',$,(#18890));
#18906=PRODUCT('Keycap_adjusted v39','Keycap_adjusted v39',$,(#18890));
#18907=PRODUCT('keeb_PCB','keeb_PCB',$,(#18890));
#18908=PRODUCT('2026-08-25-14-43-15-690',
'7d6a6da40763a7a307e45ebd9f32a425f9ecc603_switch',$,(#18890));
#18909=PRESENTATION_STYLE_ASSIGNMENT((#18910));
#18910=SURFACE_STYLE_USAGE(.BOTH.,#18911);
#18911=SURFACE_SIDE_STYLE('',(#18912));
#18912=SURFACE_STYLE_FILL_AREA(#18913);
#18913=FILL_AREA_STYLE('Steel - Satin',(#18914));
#18914=FILL_AREA_STYLE_COLOUR('Steel - Satin',#18915);
#18915=COLOUR_RGB('Steel - Satin',0.627450980392157,0.627450980392157,0.627450980392157);
ENDSEC;
END-ISO-10303-21;
